[Licensing::Module] Trying to connect to existing licensing client channel...
Built from '6000.3/staging' branch; Version is '6000.3.8f1 (1c7db571dde0) revision 1867189'; Using compiler version '194234433'; Build Type 'Release'
OS: 'Windows 11  (10.0.26200) CoreSingleLanguage' Language: 'es' Physical Memory: 15636 MB
BatchMode: 1, IsHumanControllingUs: 0, StartBugReporterOnCrash: 0, Is64bit: 1
[Licensing::IpcConnector] Successfully connected to: "LicenseClient-emili" at "2026-05-18T21:09:46.7561031Z"
System  architecture: x64
Process architecture: x64
Date: 2026-05-18T21:09:46Z

COMMAND LINE ARGUMENTS:
C:\Program Files\Unity\Hub\Editor\6000.3.8f1\Editor\Unity.exe
-adb2
-batchMode
-noUpm
-name
AssetImportWorker4
-projectPath
C:/Users/emili/OneDrive/Documentos/Escuela/Plataforma2D/Tec
-logFile
Logs/AssetImportWorker4.log
-srvPort
51028
-licensingIpc
LicenseClient-emili
-job-worker-count
5
-background-job-worker-count
8
-gc-helper-count
1
-name
AssetImport
Successfully changed project path to: C:/Users/emili/OneDrive/Documentos/Escuela/Plataforma2D/Tec
C:/Users/emili/OneDrive/Documentos/Escuela/Plataforma2D/Tec
[UnityMemory] Configuration Parameters - Can be set up in boot.config
    "memorysetup-temp-allocator-size-nav-mesh-worker=65536"
    "memorysetup-temp-allocator-size-audio-worker=65536"
    "memorysetup-temp-allocator-size-gfx=262144"
    "memorysetup-allocator-temp-initial-block-size-main=262144"
    "memorysetup-allocator-temp-initial-block-size-worker=262144"
    "memorysetup-temp-allocator-size-background-worker=32768"
    "memorysetup-temp-allocator-size-job-worker=262144"
    "memorysetup-temp-allocator-size-preload-manager=33554432"
    "memorysetup-temp-allocator-size-gi-baking-worker=262144"
    "memorysetup-temp-allocator-size-gi-baking-worker=262144"
    "memorysetup-temp-allocator-size-gi-baking-worker=262144"
    "memorysetup-temp-allocator-size-gi-baking-worker=262144"
    "memorysetup-temp-allocator-size-gi-baking-worker=262144"
    "memorysetup-bucket-allocator-granularity=16"
    "memorysetup-bucket-allocator-bucket-count=8"
    "memorysetup-bucket-allocator-block-size=33554432"
    "memorysetup-bucket-allocator-block-count=8"
    "memorysetup-main-allocator-block-size=16777216"
    "memorysetup-thread-allocator-block-size=16777216"
    "memorysetup-gfx-main-allocator-block-size=16777216"
    "memorysetup-gfx-thread-allocator-block-size=16777216"
    "memorysetup-cache-allocator-block-size=4194304"
    "memorysetup-typetree-allocator-block-size=2097152"
    "memorysetup-profiler-bucket-allocator-granularity=16"
    "memorysetup-profiler-bucket-allocator-bucket-count=8"
    "memorysetup-profiler-bucket-allocator-block-size=33554432"
    "memorysetup-profiler-bucket-allocator-block-count=8"
    "memorysetup-profiler-allocator-block-size=16777216"
    "memorysetup-profiler-editor-allocator-block-size=1048576"
    "memorysetup-temp-allocator-size-main=16777216"
    "memorysetup-job-temp-allocator-block-size=2097152"
    "memorysetup-job-temp-allocator-block-size-background=1048576"
    "memorysetup-job-temp-allocator-reduction-small-platforms=262144"
    "memorysetup-temp-allocator-size-cloud-worker=32768"
Player connection [30104]  Target information:

Player connection [30104]  * "[IP] 192.168.0.101 [Port] 0 [Flags] 2 [Guid] 1722065878 [EditorId] 1722065878 [Version] 1048832 [Id] WindowsEditor(7,Emiliano) [Debug] 1 [PackageName] WindowsEditor [ProjectName] Editor" 

Player connection [30104]  * "[IP] 169.254.54.251 [Port] 0 [Flags] 2 [Guid] 1722065878 [EditorId] 1722065878 [Version] 1048832 [Id] WindowsEditor(7,Emiliano) [Debug] 1 [PackageName] WindowsEditor [ProjectName] Editor" 

Player connection [30104]  * "[IP] 192.168.126.1 [Port] 0 [Flags] 2 [Guid] 1722065878 [EditorId] 1722065878 [Version] 1048832 [Id] WindowsEditor(7,Emiliano) [Debug] 1 [PackageName] WindowsEditor [ProjectName] Editor" 

Player connection [30104]  * "[IP] 192.168.137.1 [Port] 0 [Flags] 2 [Guid] 1722065878 [EditorId] 1722065878 [Version] 1048832 [Id] WindowsEditor(7,Emiliano) [Debug] 1 [PackageName] WindowsEditor [ProjectName] Editor" 

Player connection [30104]  * "[IP] 25.20.186.213 [Port] 0 [Flags] 2 [Guid] 1722065878 [EditorId] 1722065878 [Version] 1048832 [Id] WindowsEditor(7,Emiliano) [Debug] 1 [PackageName] WindowsEditor [ProjectName] Editor" 

Player connection [30104] Host joined multi-casting on [225.0.0.222:54997]...
Player connection [30104] Host joined alternative multi-casting on [225.0.0.222:34997]...
JobSystem: Creating JobQueue using job-worker-count value 5
Input System module state changed to: Initialized.
[Physics::Module] Initialized fallback backend.
[Physics::Module] Id: 0xdecafbad
Library Redirect Path: Library/
[Physics::Module] Selected backend.
[Physics::Module] Name: PhysX
[Physics::Module] Id: 0xf2b8ea05
[Physics::Module] SDK Version: 4.1.2
[Physics::Module] Integration Version: 1.0.0
[Physics::Module] Threading Mode: Multi-Threaded
Refreshing native plugins compatible for Editor in 3.59 ms, found 4 plugins.
Preloading 0 native plugins for Editor in 0.00 ms.
Initialize engine version: 6000.3.8f1 (1c7db571dde0)
[Subsystems] Discovering subsystems at path C:/Program Files/Unity/Hub/Editor/6000.3.8f1/Editor/Data/Resources/UnitySubsystems
[Subsystems] Discovering subsystems at path C:/Users/emili/OneDrive/Documentos/Escuela/Plataforma2D/Tec/Assets
GfxDevice: creating device client; kGfxThreadingModeNonThreaded
Direct3D:
    Version:  Direct3D 11.0 [level 11.1]
    Renderer: NVIDIA GeForce RTX 4050 Laptop GPU (ID=0x28e1)
    Vendor:   NVIDIA
    VRAM:     5920 MB
    Driver:   32.0.15.9597
Initialize mono
Mono path[0] = 'C:/Program Files/Unity/Hub/Editor/6000.3.8f1/Editor/Data/Managed'
Mono path[1] = 'C:/Program Files/Unity/Hub/Editor/6000.3.8f1/Editor/Data/MonoBleedingEdge/lib/mono/unityjit-win32'
Mono config path = 'C:/Program Files/Unity/Hub/Editor/6000.3.8f1/Editor/Data/MonoBleedingEdge/etc'
Using monoOptions --debugger-agent=transport=dt_socket,embedding=1,server=y,suspend=n,address=127.0.0.1:56868
Begin MonoManager ReloadAssembly
Registering precompiled unity dll's ...
Register platform support module: C:/Program Files/Unity/Hub/Editor/6000.3.8f1/Editor/Data/PlaybackEngines/WindowsStandaloneSupport/UnityEditor.WindowsStandalone.Extensions.dll
Registered in 0.001127 seconds.
- Loaded All Assemblies, in  0.318 seconds
Native extension for WindowsStandalone target not found
[Licensing::Client] Handshaking with LicensingClient:
  Version:                 1.17.4+4293ba1
  Session Id:              b43d482c32f749549745d4a2a0299abd
  Correlation Id:          26fc63f10a6777b0f651f5affd868d76
  External correlation Id: 8376243863469240822
  Machine Id:              ytvbdoWWXNMuerO/9VD1UsN8/2c=
[Licensing::Module] Successfully connected to LicensingClient on channel: "LicenseClient-emili" (connect: 0.00s, validation: 0.00s, handshake: 0.98s)
[Licensing::IpcConnector] Successfully connected to: "LicenseClient-emili-notifications" at "2026-05-18T21:09:47.740273Z"
[Licensing::Module] Licensing Background thread has ended after 0.98s
ScheduleIndexationOnStartup MainProcess:False IndexOnStartup:True
Mono: successfully reloaded assembly
- Finished resetting the current domain, in  0.339 seconds
Domain Reload Profiling: 656ms
	BeginReloadAssembly (110ms)
		ExecutionOrderSort (0ms)
		DisableScriptedObjects (0ms)
		BackupInstance (0ms)
		ReleaseScriptingObjects (0ms)
		CreateAndSetChildDomain (1ms)
	RebuildCommonClasses (32ms)
	RebuildNativeTypeToScriptingClass (11ms)
	initialDomainReloadingComplete (34ms)
	LoadAllAssembliesAndSetupDomain (129ms)
		LoadAssemblies (108ms)
		RebuildTransferFunctionScriptingTraits (0ms)
		AnalyzeDomain (127ms)
			TypeCache.Refresh (125ms)
				TypeCache.ScanAssembly (114ms)
			BuildScriptInfoCaches (0ms)
			ResolveRequiredComponents (0ms)
	FinalizeReload (340ms)
		ReleaseScriptCaches (0ms)
		RebuildScriptCaches (0ms)
		SetupLoadedEditorAssemblies (303ms)
			LogAssemblyErrors (0ms)
			InitializePlatformSupportModulesInManaged (39ms)
			SetLoadedEditorAssemblies (3ms)
			BeforeProcessingInitializeOnLoad (72ms)
			ProcessInitializeOnLoadAttributes (131ms)
			ProcessInitializeOnLoadMethodAttributes (58ms)
			AfterProcessingInitializeOnLoad (0ms)
			EditorAssembliesLoaded (0ms)
		ExecutionOrderSort2 (0ms)
		AwakeInstancesAfterBackupRestoration (0ms)
========================================================================
Worker process is ready to serve import requests
Import Worker Mode flag is 0x00
Begin MonoManager ReloadAssembly
[Licensing::Client] Successfully resolved entitlement details
[Licensing::Module] License group:
  Id: 4674159481341-UnityPersXXXX
  Product: Unity Personal
  Type: Assigned
  Expiration: Unlimited
- Loaded All Assemblies, in  0.580 seconds
Refreshing native plugins compatible for Editor in 1.05 ms, found 4 plugins.
Native extension for WindowsStandalone target not found
Package Manager log level set to [2]
[Package Manager] Failed to launch server process. Reason: Unity was launched with the -noUpm command-line argument
[Package Manager] Unable to send message (not connected to server process).
[Package Manager] Cannot connect to Unity Package Manager local server
ScheduleIndexationOnStartup MainProcess:False IndexOnStartup:True
Mono: successfully reloaded assembly
- Finished resetting the current domain, in  0.567 seconds
Domain Reload Profiling: 1144ms
	BeginReloadAssembly (152ms)
		ExecutionOrderSort (0ms)
		DisableScriptedObjects (5ms)
		BackupInstance (0ms)
		ReleaseScriptingObjects (0ms)
		CreateAndSetChildDomain (36ms)
	RebuildCommonClasses (28ms)
	RebuildNativeTypeToScriptingClass (10ms)
	initialDomainReloadingComplete (29ms)
	LoadAllAssembliesAndSetupDomain (358ms)
		LoadAssemblies (276ms)
		RebuildTransferFunctionScriptingTraits (0ms)
		AnalyzeDomain (160ms)
			TypeCache.Refresh (111ms)
				TypeCache.ScanAssembly (101ms)
			BuildScriptInfoCaches (42ms)
			ResolveRequiredComponents (4ms)
	FinalizeReload (568ms)
		ReleaseScriptCaches (0ms)
		RebuildScriptCaches (0ms)
		SetupLoadedEditorAssemblies (473ms)
			LogAssemblyErrors (0ms)
			InitializePlatformSupportModulesInManaged (2ms)
			SetLoadedEditorAssemblies (6ms)
			BeforeProcessingInitializeOnLoad (106ms)
			ProcessInitializeOnLoadAttributes (292ms)
			ProcessInitializeOnLoadMethodAttributes (62ms)
			AfterProcessingInitializeOnLoad (5ms)
			EditorAssembliesLoaded (0ms)
		ExecutionOrderSort2 (0ms)
		AwakeInstancesAfterBackupRestoration (7ms)
Launched and connected shader compiler UnityShaderCompiler.exe after 0.01 seconds
Refreshing native plugins compatible for Editor in 1.02 ms, found 4 plugins.
Preloading 0 native plugins for Editor in 0.00 ms.
Unloading 0 Unused Serialized files (Serialized files now loaded: 0)
Unloading 5068 unused Assets / (0.9 MB). Loaded Objects now: 5669.
Memory consumption went from 105.1 MB to 104.1 MB.
Total: 5.988100 ms (FindLiveObjects: 0.540800 ms CreateObjectMapping: 0.232400 ms MarkObjects: 4.309700 ms  DeleteObjects: 0.904500 ms)

========================================================================
Received Import Request.
  Time since last request: 21852.457634 seconds.
  path: Assets/Sprites/Adornos
  artifactKey: Guid(8a884c38f0eefb941862d12c02d4336b) Importer(815301076,1909f56bfc062723c751e8b465ee728b)
Start importing Assets/Sprites/Adornos using Guid(8a884c38f0eefb941862d12c02d4336b) Importer(815301076,1909f56bfc062723c751e8b465ee728b) (PreviewImporter) -> (artifact id: 'f0c10fdaa453f97469af58c439d26807') in 0.0047005 seconds
Number of updated asset objects reloaded before import = 0Number of asset objects unloaded after import = 0

========================================================================
Received Import Request.
  Time since last request: 0.959613 seconds.
  path: Assets/Sprites/Adornos
  artifactKey: Guid(8a884c38f0eefb941862d12c02d4336b) Importer(2089858483,b0f066a214c2f5e87bad3c948f4d605d)
Start importing Assets/Sprites/Adornos using Guid(8a884c38f0eefb941862d12c02d4336b) Importer(2089858483,b0f066a214c2f5e87bad3c948f4d605d) (ScriptedImporter) -> (artifact id: 'c216a36fae0e90838817c452620029dc') in 0.039384 seconds
Number of updated asset objects reloaded before import = 0Number of asset objects unloaded after import = 1

========================================================================
Received Import Request.
  Time since last request: 13.795790 seconds.
  path: Assets/Sprites/Adornos/pokemon_gaia_project_tileset_3_by_zetavares852_d2kwmtd_56.prefab
  artifactKey: Guid(939f32b06e1f8c6419a349cddb5537e9) Importer(2089858483,b0f066a214c2f5e87bad3c948f4d605d)
Start importing Assets/Sprites/Adornos/pokemon_gaia_project_tileset_3_by_zetavares852_d2kwmtd_56.prefab using Guid(939f32b06e1f8c6419a349cddb5537e9) Importer(2089858483,b0f066a214c2f5e87bad3c948f4d605d) (ScriptedImporter) -> (artifact id: 'eff3bf0df83a7f489c875555ae4451b4') in 0.0860574 seconds
Number of updated asset objects reloaded before import = 0Number of asset objects unloaded after import = 7

========================================================================
Received Import Request.
  Time since last request: 0.000022 seconds.
  path: Assets/Sprites/Adornos/pokemon_gaia_project_tileset_3_by_zetavares852_d2kwmtd_102.prefab
  artifactKey: Guid(b0abf7172090302498e4eed8f95e9dbe) Importer(2089858483,b0f066a214c2f5e87bad3c948f4d605d)
Start importing Assets/Sprites/Adornos/pokemon_gaia_project_tileset_3_by_zetavares852_d2kwmtd_102.prefab using Guid(b0abf7172090302498e4eed8f95e9dbe) Importer(2089858483,b0f066a214c2f5e87bad3c948f4d605d) (ScriptedImporter) -> (artifact id: '38381e221880e143b12ca7293f48259a') in 0.0155622 seconds
Number of updated asset objects reloaded before import = 0Number of asset objects unloaded after import = 7

========================================================================
Received Prepare
Begin MonoManager ReloadAssembly
[Licensing::Client] Successfully resolved entitlement details
- Loaded All Assemblies, in  0.674 seconds
Refreshing native plugins compatible for Editor in 1.68 ms, found 4 plugins.
Native extension for WindowsStandalone target not found
[Package Manager] Failed to launch server process. Reason: Unity was launched with the -noUpm command-line argument
[Package Manager] Unable to send message (not connected to server process).
[Package Manager] Cannot connect to Unity Package Manager local server
ScheduleIndexationOnStartup MainProcess:False IndexOnStartup:True
Mono: successfully reloaded assembly
- Finished resetting the current domain, in  0.684 seconds
Domain Reload Profiling: 1357ms
	BeginReloadAssembly (203ms)
		ExecutionOrderSort (0ms)
		DisableScriptedObjects (13ms)
		BackupInstance (0ms)
		ReleaseScriptingObjects (0ms)
		CreateAndSetChildDomain (57ms)
	RebuildCommonClasses (35ms)
	RebuildNativeTypeToScriptingClass (12ms)
	initialDomainReloadingComplete (22ms)
	LoadAllAssembliesAndSetupDomain (400ms)
		LoadAssemblies (295ms)
		RebuildTransferFunctionScriptingTraits (0ms)
		AnalyzeDomain (193ms)
			TypeCache.Refresh (6ms)
				TypeCache.ScanAssembly (0ms)
			BuildScriptInfoCaches (180ms)
			ResolveRequiredComponents (4ms)
	FinalizeReload (684ms)
		ReleaseScriptCaches (0ms)
		RebuildScriptCaches (0ms)
		SetupLoadedEditorAssemblies (558ms)
			LogAssemblyErrors (0ms)
			InitializePlatformSupportModulesInManaged (2ms)
			SetLoadedEditorAssemblies (6ms)
			BeforeProcessingInitializeOnLoad (162ms)
			ProcessInitializeOnLoadAttributes (324ms)
			ProcessInitializeOnLoadMethodAttributes (60ms)
			AfterProcessingInitializeOnLoad (4ms)
			EditorAssembliesLoaded (0ms)
		ExecutionOrderSort2 (0ms)
		AwakeInstancesAfterBackupRestoration (8ms)
Refreshing native plugins compatible for Editor in 2.40 ms, found 4 plugins.
Preloading 0 native plugins for Editor in 0.00 ms.
Unloading 0 Unused Serialized files (Serialized files now loaded: 0)
Unloading 5067 unused Assets / (1.2 MB). Loaded Objects now: 5675.
Memory consumption went from 105.9 MB to 104.6 MB.
Total: 10.360700 ms (FindLiveObjects: 0.807300 ms CreateObjectMapping: 0.669800 ms MarkObjects: 7.103900 ms  DeleteObjects: 1.777700 ms)

Prepare: number of updated asset objects reloaded= 0
========================================================================
Received Prepare
Refreshing native plugins compatible for Editor in 1.78 ms, found 4 plugins.
Preloading 0 native plugins for Editor in 0.00 ms.
Unloading 0 Unused Serialized files (Serialized files now loaded: 0)
Unloading 5057 unused Assets / (1.6 MB). Loaded Objects now: 5675.
Memory consumption went from 106.0 MB to 104.5 MB.
Total: 8.825000 ms (FindLiveObjects: 0.698400 ms CreateObjectMapping: 0.332700 ms MarkObjects: 6.069400 ms  DeleteObjects: 1.723100 ms)

Prepare: number of updated asset objects reloaded= 0
========================================================================
Received Prepare
Begin MonoManager ReloadAssembly
- Loaded All Assemblies, in  0.597 seconds
Refreshing native plugins compatible for Editor in 0.95 ms, found 4 plugins.
Native extension for WindowsStandalone target not found
[Package Manager] Failed to launch server process. Reason: Unity was launched with the -noUpm command-line argument
[Package Manager] Unable to send message (not connected to server process).
[Package Manager] Cannot connect to Unity Package Manager local server
ScheduleIndexationOnStartup MainProcess:False IndexOnStartup:True
Mono: successfully reloaded assembly
- Finished resetting the current domain, in  0.640 seconds
Domain Reload Profiling: 1239ms
	BeginReloadAssembly (189ms)
		ExecutionOrderSort (0ms)
		DisableScriptedObjects (12ms)
		BackupInstance (0ms)
		ReleaseScriptingObjects (0ms)
		CreateAndSetChildDomain (46ms)
	RebuildCommonClasses (31ms)
	RebuildNativeTypeToScriptingClass (12ms)
	initialDomainReloadingComplete (24ms)
	LoadAllAssembliesAndSetupDomain (342ms)
		LoadAssemblies (276ms)
		RebuildTransferFunctionScriptingTraits (0ms)
		AnalyzeDomain (154ms)
			TypeCache.Refresh (5ms)
				TypeCache.ScanAssembly (0ms)
			BuildScriptInfoCaches (141ms)
			ResolveRequiredComponents (4ms)
	FinalizeReload (641ms)
		ReleaseScriptCaches (0ms)
		RebuildScriptCaches (0ms)
		SetupLoadedEditorAssemblies (517ms)
			LogAssemblyErrors (0ms)
			InitializePlatformSupportModulesInManaged (2ms)
			SetLoadedEditorAssemblies (6ms)
			BeforeProcessingInitializeOnLoad (152ms)
			ProcessInitializeOnLoadAttributes (301ms)
			ProcessInitializeOnLoadMethodAttributes (52ms)
			AfterProcessingInitializeOnLoad (4ms)
			EditorAssembliesLoaded (0ms)
		ExecutionOrderSort2 (0ms)
		AwakeInstancesAfterBackupRestoration (6ms)
Refreshing native plugins compatible for Editor in 1.07 ms, found 4 plugins.
Preloading 0 native plugins for Editor in 0.00 ms.
Unloading 0 Unused Serialized files (Serialized files now loaded: 0)
Unloading 5067 unused Assets / (1.1 MB). Loaded Objects now: 5678.
Memory consumption went from 105.9 MB to 104.8 MB.
Total: 6.246300 ms (FindLiveObjects: 0.527300 ms CreateObjectMapping: 0.198100 ms MarkObjects: 4.411400 ms  DeleteObjects: 1.108600 ms)

Prepare: number of updated asset objects reloaded= 0
========================================================================
Received Prepare
Refreshing native plugins compatible for Editor in 1.65 ms, found 4 plugins.
Preloading 0 native plugins for Editor in 0.00 ms.
Unloading 0 Unused Serialized files (Serialized files now loaded: 0)
Unloading 5057 unused Assets / (1.2 MB). Loaded Objects now: 5678.
Memory consumption went from 106.0 MB to 104.8 MB.
Total: 7.908500 ms (FindLiveObjects: 0.543100 ms CreateObjectMapping: 0.321400 ms MarkObjects: 5.641500 ms  DeleteObjects: 1.400700 ms)

Prepare: number of updated asset objects reloaded= 0
========================================================================
Received Import Request.
  Time since last request: 94.882083 seconds.
  path: Assets/Juego/Scripts/Battles/TestBattleSelector.cs
  artifactKey: Guid(fdc03a2352a82d24d9cd657be7a04a69) Importer(815301076,1909f56bfc062723c751e8b465ee728b)
Start importing Assets/Juego/Scripts/Battles/TestBattleSelector.cs using Guid(fdc03a2352a82d24d9cd657be7a04a69) Importer(815301076,1909f56bfc062723c751e8b465ee728b) (PreviewImporter) -> (artifact id: '6239f51fadc70b787609157f9ba8a4f5') in 0.0049228 seconds
Number of updated asset objects reloaded before import = 0Number of asset objects unloaded after import = 0

========================================================================
Received Prepare
Begin MonoManager ReloadAssembly
- Loaded All Assemblies, in  0.575 seconds
Refreshing native plugins compatible for Editor in 1.35 ms, found 4 plugins.
Native extension for WindowsStandalone target not found
[Package Manager] Failed to launch server process. Reason: Unity was launched with the -noUpm command-line argument
[Package Manager] Unable to send message (not connected to server process).
[Package Manager] Cannot connect to Unity Package Manager local server
ScheduleIndexationOnStartup MainProcess:False IndexOnStartup:True
Mono: successfully reloaded assembly
- Finished resetting the current domain, in  0.606 seconds
Domain Reload Profiling: 1183ms
	BeginReloadAssembly (174ms)
		ExecutionOrderSort (0ms)
		DisableScriptedObjects (10ms)
		BackupInstance (0ms)
		ReleaseScriptingObjects (0ms)
		CreateAndSetChildDomain (46ms)
	RebuildCommonClasses (33ms)
	RebuildNativeTypeToScriptingClass (11ms)
	initialDomainReloadingComplete (19ms)
	LoadAllAssembliesAndSetupDomain (339ms)
		LoadAssemblies (268ms)
		RebuildTransferFunctionScriptingTraits (0ms)
		AnalyzeDomain (146ms)
			TypeCache.Refresh (5ms)
				TypeCache.ScanAssembly (0ms)
			BuildScriptInfoCaches (134ms)
			ResolveRequiredComponents (4ms)
	FinalizeReload (607ms)
		ReleaseScriptCaches (0ms)
		RebuildScriptCaches (0ms)
		SetupLoadedEditorAssemblies (495ms)
			LogAssemblyErrors (0ms)
			InitializePlatformSupportModulesInManaged (1ms)
			SetLoadedEditorAssemblies (6ms)
			BeforeProcessingInitializeOnLoad (159ms)
			ProcessInitializeOnLoadAttributes (283ms)
			ProcessInitializeOnLoadMethodAttributes (42ms)
			AfterProcessingInitializeOnLoad (3ms)
			EditorAssembliesLoaded (0ms)
		ExecutionOrderSort2 (0ms)
		AwakeInstancesAfterBackupRestoration (6ms)
Refreshing native plugins compatible for Editor in 1.18 ms, found 4 plugins.
Preloading 0 native plugins for Editor in 0.00 ms.
Unloading 0 Unused Serialized files (Serialized files now loaded: 0)
Unloading 5067 unused Assets / (1.0 MB). Loaded Objects now: 5681.
Memory consumption went from 105.9 MB to 104.9 MB.
Total: 7.682500 ms (FindLiveObjects: 0.656800 ms CreateObjectMapping: 0.268800 ms MarkObjects: 5.672200 ms  DeleteObjects: 1.083500 ms)

Prepare: number of updated asset objects reloaded= 0
========================================================================
Received Prepare
Refreshing native plugins compatible for Editor in 1.74 ms, found 4 plugins.
Preloading 0 native plugins for Editor in 0.00 ms.
Unloading 0 Unused Serialized files (Serialized files now loaded: 0)
Unloading 5057 unused Assets / (1.5 MB). Loaded Objects now: 5681.
Memory consumption went from 106.1 MB to 104.5 MB.
Total: 9.859100 ms (FindLiveObjects: 0.772100 ms CreateObjectMapping: 0.353900 ms MarkObjects: 7.101800 ms  DeleteObjects: 1.629900 ms)

Prepare: number of updated asset objects reloaded= 0
========================================================================
Received Import Request.
  Time since last request: 5.868231 seconds.
  path: Assets/Juego/Scripts/Battles/TestBattleSelector.cs
  artifactKey: Guid(fdc03a2352a82d24d9cd657be7a04a69) Importer(815301076,1909f56bfc062723c751e8b465ee728b)
Start importing Assets/Juego/Scripts/Battles/TestBattleSelector.cs using Guid(fdc03a2352a82d24d9cd657be7a04a69) Importer(815301076,1909f56bfc062723c751e8b465ee728b) (PreviewImporter) -> (artifact id: '113fca28d93d1d9e0a1be39a01266871') in 0.0027518 seconds
Number of updated asset objects reloaded before import = 0Number of asset objects unloaded after import = 0

========================================================================
Received Prepare
Begin MonoManager ReloadAssembly
- Loaded All Assemblies, in  0.601 seconds
Refreshing native plugins compatible for Editor in 1.62 ms, found 4 plugins.
Native extension for WindowsStandalone target not found
[Package Manager] Failed to launch server process. Reason: Unity was launched with the -noUpm command-line argument
[Package Manager] Unable to send message (not connected to server process).
[Package Manager] Cannot connect to Unity Package Manager local server
ScheduleIndexationOnStartup MainProcess:False IndexOnStartup:True
Mono: successfully reloaded assembly
- Finished resetting the current domain, in  0.634 seconds
Domain Reload Profiling: 1235ms
	BeginReloadAssembly (182ms)
		ExecutionOrderSort (0ms)
		DisableScriptedObjects (10ms)
		BackupInstance (0ms)
		ReleaseScriptingObjects (0ms)
		CreateAndSetChildDomain (48ms)
	RebuildCommonClasses (40ms)
	RebuildNativeTypeToScriptingClass (11ms)
	initialDomainReloadingComplete (28ms)
	LoadAllAssembliesAndSetupDomain (340ms)
		LoadAssemblies (271ms)
		RebuildTransferFunctionScriptingTraits (0ms)
		AnalyzeDomain (152ms)
			TypeCache.Refresh (4ms)
				TypeCache.ScanAssembly (0ms)
			BuildScriptInfoCaches (141ms)
			ResolveRequiredComponents (4ms)
	FinalizeReload (634ms)
		ReleaseScriptCaches (0ms)
		RebuildScriptCaches (0ms)
		SetupLoadedEditorAssemblies (507ms)
			LogAssemblyErrors (0ms)
			InitializePlatformSupportModulesInManaged (2ms)
			SetLoadedEditorAssemblies (5ms)
			BeforeProcessingInitializeOnLoad (159ms)
			ProcessInitializeOnLoadAttributes (283ms)
			ProcessInitializeOnLoadMethodAttributes (53ms)
			AfterProcessingInitializeOnLoad (4ms)
			EditorAssembliesLoaded (0ms)
		ExecutionOrderSort2 (0ms)
		AwakeInstancesAfterBackupRestoration (6ms)
Refreshing native plugins compatible for Editor in 1.35 ms, found 4 plugins.
Preloading 0 native plugins for Editor in 0.00 ms.
Unloading 0 Unused Serialized files (Serialized files now loaded: 0)
Unloading 5067 unused Assets / (1.3 MB). Loaded Objects now: 5684.
Memory consumption went from 105.9 MB to 104.6 MB.
Total: 9.601800 ms (FindLiveObjects: 0.640000 ms CreateObjectMapping: 0.294700 ms MarkObjects: 6.922700 ms  DeleteObjects: 1.742500 ms)

Prepare: number of updated asset objects reloaded= 0
========================================================================
Received Prepare
Begin MonoManager ReloadAssembly
- Loaded All Assemblies, in  0.581 seconds
Refreshing native plugins compatible for Editor in 1.59 ms, found 4 plugins.
Native extension for WindowsStandalone target not found
[Package Manager] Failed to launch server process. Reason: Unity was launched with the -noUpm command-line argument
[Package Manager] Unable to send message (not connected to server process).
[Package Manager] Cannot connect to Unity Package Manager local server
ScheduleIndexationOnStartup MainProcess:False IndexOnStartup:True
Mono: successfully reloaded assembly
- Finished resetting the current domain, in  0.639 seconds
Domain Reload Profiling: 1220ms
	BeginReloadAssembly (169ms)
		ExecutionOrderSort (0ms)
		DisableScriptedObjects (9ms)
		BackupInstance (0ms)
		ReleaseScriptingObjects (0ms)
		CreateAndSetChildDomain (44ms)
	RebuildCommonClasses (32ms)
	RebuildNativeTypeToScriptingClass (15ms)
	initialDomainReloadingComplete (28ms)
	LoadAllAssembliesAndSetupDomain (336ms)
		LoadAssemblies (265ms)
		RebuildTransferFunctionScriptingTraits (0ms)
		AnalyzeDomain (144ms)
			TypeCache.Refresh (4ms)
				TypeCache.ScanAssembly (0ms)
			BuildScriptInfoCaches (131ms)
			ResolveRequiredComponents (5ms)
	FinalizeReload (639ms)
		ReleaseScriptCaches (0ms)
		RebuildScriptCaches (0ms)
		SetupLoadedEditorAssemblies (520ms)
			LogAssemblyErrors (0ms)
			InitializePlatformSupportModulesInManaged (1ms)
			SetLoadedEditorAssemblies (5ms)
			BeforeProcessingInitializeOnLoad (147ms)
			ProcessInitializeOnLoadAttributes (300ms)
			ProcessInitializeOnLoadMethodAttributes (62ms)
			AfterProcessingInitializeOnLoad (5ms)
			EditorAssembliesLoaded (0ms)
		ExecutionOrderSort2 (0ms)
		AwakeInstancesAfterBackupRestoration (7ms)
Refreshing native plugins compatible for Editor in 1.49 ms, found 4 plugins.
Preloading 0 native plugins for Editor in 0.00 ms.
Unloading 0 Unused Serialized files (Serialized files now loaded: 0)
Unloading 5067 unused Assets / (1.3 MB). Loaded Objects now: 5687.
Memory consumption went from 105.9 MB to 104.6 MB.
Total: 9.974400 ms (FindLiveObjects: 1.001300 ms CreateObjectMapping: 0.790700 ms MarkObjects: 6.782100 ms  DeleteObjects: 1.398800 ms)

Prepare: number of updated asset objects reloaded= 0
========================================================================
Received Prepare
Begin MonoManager ReloadAssembly
[Licensing::Client] Successfully resolved entitlement details
- Loaded All Assemblies, in  0.596 seconds
Refreshing native plugins compatible for Editor in 1.38 ms, found 4 plugins.
Native extension for WindowsStandalone target not found
[Package Manager] Failed to launch server process. Reason: Unity was launched with the -noUpm command-line argument
[Package Manager] Unable to send message (not connected to server process).
[Package Manager] Cannot connect to Unity Package Manager local server
ScheduleIndexationOnStartup MainProcess:False IndexOnStartup:True
Mono: successfully reloaded assembly
- Finished resetting the current domain, in  0.635 seconds
Domain Reload Profiling: 1234ms
	BeginReloadAssembly (188ms)
		ExecutionOrderSort (0ms)
		DisableScriptedObjects (11ms)
		BackupInstance (0ms)
		ReleaseScriptingObjects (0ms)
		CreateAndSetChildDomain (52ms)
	RebuildCommonClasses (40ms)
	RebuildNativeTypeToScriptingClass (16ms)
	initialDomainReloadingComplete (24ms)
	LoadAllAssembliesAndSetupDomain (329ms)
		LoadAssemblies (275ms)
		RebuildTransferFunctionScriptingTraits (0ms)
		AnalyzeDomain (130ms)
			TypeCache.Refresh (5ms)
				TypeCache.ScanAssembly (0ms)
			BuildScriptInfoCaches (119ms)
			ResolveRequiredComponents (4ms)
	FinalizeReload (637ms)
		ReleaseScriptCaches (0ms)
		RebuildScriptCaches (0ms)
		SetupLoadedEditorAssemblies (506ms)
			LogAssemblyErrors (0ms)
			InitializePlatformSupportModulesInManaged (2ms)
			SetLoadedEditorAssemblies (3ms)
			BeforeProcessingInitializeOnLoad (150ms)
			ProcessInitializeOnLoadAttributes (287ms)
			ProcessInitializeOnLoadMethodAttributes (60ms)
			AfterProcessingInitializeOnLoad (4ms)
			EditorAssembliesLoaded (1ms)
		ExecutionOrderSort2 (0ms)
		AwakeInstancesAfterBackupRestoration (9ms)
Refreshing native plugins compatible for Editor in 1.64 ms, found 4 plugins.
Preloading 0 native plugins for Editor in 0.00 ms.
Unloading 0 Unused Serialized files (Serialized files now loaded: 0)
Unloading 5067 unused Assets / (1.3 MB). Loaded Objects now: 5690.
Memory consumption went from 105.9 MB to 104.6 MB.
Total: 9.389800 ms (FindLiveObjects: 0.592700 ms CreateObjectMapping: 0.309900 ms MarkObjects: 7.057600 ms  DeleteObjects: 1.427700 ms)

Prepare: number of updated asset objects reloaded= 0
========================================================================
Received Prepare
Refreshing native plugins compatible for Editor in 1.46 ms, found 4 plugins.
Preloading 0 native plugins for Editor in 0.00 ms.
Unloading 0 Unused Serialized files (Serialized files now loaded: 0)
Unloading 5057 unused Assets / (1.3 MB). Loaded Objects now: 5690.
Memory consumption went from 106.1 MB to 104.8 MB.
Total: 9.395500 ms (FindLiveObjects: 0.602800 ms CreateObjectMapping: 0.267700 ms MarkObjects: 7.114600 ms  DeleteObjects: 1.408800 ms)

Prepare: number of updated asset objects reloaded= 0
========================================================================
Received Prepare
Begin MonoManager ReloadAssembly
[Licensing::Client] Successfully resolved entitlement details
- Loaded All Assemblies, in  0.723 seconds
Refreshing native plugins compatible for Editor in 1.50 ms, found 4 plugins.
Native extension for WindowsStandalone target not found
[Package Manager] Failed to launch server process. Reason: Unity was launched with the -noUpm command-line argument
[Package Manager] Unable to send message (not connected to server process).
[Package Manager] Cannot connect to Unity Package Manager local server
ScheduleIndexationOnStartup MainProcess:False IndexOnStartup:True
Mono: successfully reloaded assembly
- Finished resetting the current domain, in  0.792 seconds
Domain Reload Profiling: 1513ms
	BeginReloadAssembly (222ms)
		ExecutionOrderSort (0ms)
		DisableScriptedObjects (16ms)
		BackupInstance (0ms)
		ReleaseScriptingObjects (0ms)
		CreateAndSetChildDomain (57ms)
	RebuildCommonClasses (46ms)
	RebuildNativeTypeToScriptingClass (16ms)
	initialDomainReloadingComplete (30ms)
	LoadAllAssembliesAndSetupDomain (408ms)
		LoadAssemblies (320ms)
		RebuildTransferFunctionScriptingTraits (0ms)
		AnalyzeDomain (193ms)
			TypeCache.Refresh (9ms)
				TypeCache.ScanAssembly (1ms)
			BuildScriptInfoCaches (173ms)
			ResolveRequiredComponents (7ms)
	FinalizeReload (792ms)
		ReleaseScriptCaches (0ms)
		RebuildScriptCaches (0ms)
		SetupLoadedEditorAssemblies (660ms)
			LogAssemblyErrors (0ms)
			InitializePlatformSupportModulesInManaged (2ms)
			SetLoadedEditorAssemblies (6ms)
			BeforeProcessingInitializeOnLoad (198ms)
			ProcessInitializeOnLoadAttributes (381ms)
			ProcessInitializeOnLoadMethodAttributes (66ms)
			AfterProcessingInitializeOnLoad (6ms)
			EditorAssembliesLoaded (0ms)
		ExecutionOrderSort2 (0ms)
		AwakeInstancesAfterBackupRestoration (8ms)
Refreshing native plugins compatible for Editor in 1.79 ms, found 4 plugins.
Preloading 0 native plugins for Editor in 0.00 ms.
Unloading 0 Unused Serialized files (Serialized files now loaded: 0)
Unloading 5067 unused Assets / (1.1 MB). Loaded Objects now: 5693.
Memory consumption went from 105.9 MB to 104.8 MB.
Total: 9.142600 ms (FindLiveObjects: 0.801400 ms CreateObjectMapping: 0.323800 ms MarkObjects: 6.719100 ms  DeleteObjects: 1.296900 ms)

Prepare: number of updated asset objects reloaded= 0
========================================================================
Received Import Request.
  Time since last request: 214.061884 seconds.
  path: Assets/Juego/Scripts/Battles/TestBattleSelector.cs
  artifactKey: Guid(fdc03a2352a82d24d9cd657be7a04a69) Importer(815301076,1909f56bfc062723c751e8b465ee728b)
Start importing Assets/Juego/Scripts/Battles/TestBattleSelector.cs using Guid(fdc03a2352a82d24d9cd657be7a04a69) Importer(815301076,1909f56bfc062723c751e8b465ee728b) (PreviewImporter) -> (artifact id: 'b8902f78e977eec9cf573b2b1389a27b') in 0.0080533 seconds
Number of updated asset objects reloaded before import = 0Number of asset objects unloaded after import = 0

========================================================================
Received Import Request.
  Time since last request: 39.494989 seconds.
  path: Assets/Juego/Scripts/Battles/BattleManager.cs
  artifactKey: Guid(f3094baaa3ab75941b2b19db7d83fa9e) Importer(815301076,1909f56bfc062723c751e8b465ee728b)
Start importing Assets/Juego/Scripts/Battles/BattleManager.cs using Guid(f3094baaa3ab75941b2b19db7d83fa9e) Importer(815301076,1909f56bfc062723c751e8b465ee728b) (PreviewImporter) -> (artifact id: '743980a48c7fb6d6658bb2d504d6129a') in 0.0006006 seconds
Number of updated asset objects reloaded before import = 0Number of asset objects unloaded after import = 0

========================================================================
Received Prepare
Begin MonoManager ReloadAssembly
[Licensing::Client] Successfully resolved entitlement details
- Loaded All Assemblies, in  0.605 seconds
Refreshing native plugins compatible for Editor in 1.55 ms, found 4 plugins.
Native extension for WindowsStandalone target not found
[Package Manager] Failed to launch server process. Reason: Unity was launched with the -noUpm command-line argument
[Package Manager] Unable to send message (not connected to server process).
[Package Manager] Cannot connect to Unity Package Manager local server
ScheduleIndexationOnStartup MainProcess:False IndexOnStartup:True
Mono: successfully reloaded assembly
- Finished resetting the current domain, in  0.670 seconds
Domain Reload Profiling: 1275ms
	BeginReloadAssembly (177ms)
		ExecutionOrderSort (0ms)
		DisableScriptedObjects (11ms)
		BackupInstance (0ms)
		ReleaseScriptingObjects (0ms)
		CreateAndSetChildDomain (50ms)
	RebuildCommonClasses (30ms)
	RebuildNativeTypeToScriptingClass (15ms)
	initialDomainReloadingComplete (29ms)
	LoadAllAssembliesAndSetupDomain (353ms)
		LoadAssemblies (269ms)
		RebuildTransferFunctionScriptingTraits (0ms)
		AnalyzeDomain (158ms)
			TypeCache.Refresh (5ms)
				TypeCache.ScanAssembly (0ms)
			BuildScriptInfoCaches (144ms)
			ResolveRequiredComponents (6ms)
	FinalizeReload (671ms)
		ReleaseScriptCaches (0ms)
		RebuildScriptCaches (0ms)
		SetupLoadedEditorAssemblies (561ms)
			LogAssemblyErrors (0ms)
			InitializePlatformSupportModulesInManaged (2ms)
			SetLoadedEditorAssemblies (7ms)
			BeforeProcessingInitializeOnLoad (150ms)
			ProcessInitializeOnLoadAttributes (332ms)
			ProcessInitializeOnLoadMethodAttributes (65ms)
			AfterProcessingInitializeOnLoad (4ms)
			EditorAssembliesLoaded (0ms)
		ExecutionOrderSort2 (0ms)
		AwakeInstancesAfterBackupRestoration (6ms)
Refreshing native plugins compatible for Editor in 1.69 ms, found 4 plugins.
Preloading 0 native plugins for Editor in 0.00 ms.
Unloading 0 Unused Serialized files (Serialized files now loaded: 0)
Unloading 5067 unused Assets / (1.3 MB). Loaded Objects now: 5696.
Memory consumption went from 105.9 MB to 104.7 MB.
Total: 8.728100 ms (FindLiveObjects: 0.636700 ms CreateObjectMapping: 0.361600 ms MarkObjects: 6.381500 ms  DeleteObjects: 1.346700 ms)

Prepare: number of updated asset objects reloaded= 0
========================================================================
Received Prepare
Refreshing native plugins compatible for Editor in 1.16 ms, found 4 plugins.
Preloading 0 native plugins for Editor in 0.00 ms.
Unloading 0 Unused Serialized files (Serialized files now loaded: 0)
Unloading 5057 unused Assets / (1.2 MB). Loaded Objects now: 5696.
Memory consumption went from 106.1 MB to 104.9 MB.
Total: 8.947200 ms (FindLiveObjects: 0.584200 ms CreateObjectMapping: 0.220500 ms MarkObjects: 6.528200 ms  DeleteObjects: 1.613000 ms)

Prepare: number of updated asset objects reloaded= 0
========================================================================
Received Prepare
Begin MonoManager ReloadAssembly
[Licensing::Client] Successfully resolved entitlement details
- Loaded All Assemblies, in  0.595 seconds
Refreshing native plugins compatible for Editor in 1.10 ms, found 4 plugins.
Native extension for WindowsStandalone target not found
[Package Manager] Failed to launch server process. Reason: Unity was launched with the -noUpm command-line argument
[Package Manager] Unable to send message (not connected to server process).
[Package Manager] Cannot connect to Unity Package Manager local server
ScheduleIndexationOnStartup MainProcess:False IndexOnStartup:True
Mono: successfully reloaded assembly
- Finished resetting the current domain, in  0.588 seconds
Domain Reload Profiling: 1182ms
	BeginReloadAssembly (184ms)
		ExecutionOrderSort (0ms)
		DisableScriptedObjects (13ms)
		BackupInstance (0ms)
		ReleaseScriptingObjects (0ms)
		CreateAndSetChildDomain (48ms)
	RebuildCommonClasses (28ms)
	RebuildNativeTypeToScriptingClass (11ms)
	initialDomainReloadingComplete (26ms)
	LoadAllAssembliesAndSetupDomain (345ms)
		LoadAssemblies (283ms)
		RebuildTransferFunctionScriptingTraits (0ms)
		AnalyzeDomain (142ms)
			TypeCache.Refresh (5ms)
				TypeCache.ScanAssembly (0ms)
			BuildScriptInfoCaches (129ms)
			ResolveRequiredComponents (4ms)
	FinalizeReload (588ms)
		ReleaseScriptCaches (0ms)
		RebuildScriptCaches (0ms)
		SetupLoadedEditorAssemblies (487ms)
			LogAssemblyErrors (0ms)
			InitializePlatformSupportModulesInManaged (1ms)
			SetLoadedEditorAssemblies (4ms)
			BeforeProcessingInitializeOnLoad (121ms)
			ProcessInitializeOnLoadAttributes (309ms)
			ProcessInitializeOnLoadMethodAttributes (47ms)
			AfterProcessingInitializeOnLoad (4ms)
			EditorAssembliesLoaded (0ms)
		ExecutionOrderSort2 (0ms)
		AwakeInstancesAfterBackupRestoration (7ms)
Refreshing native plugins compatible for Editor in 1.15 ms, found 4 plugins.
Preloading 0 native plugins for Editor in 0.00 ms.
Unloading 0 Unused Serialized files (Serialized files now loaded: 0)
Unloading 5067 unused Assets / (1.2 MB). Loaded Objects now: 5699.
Memory consumption went from 106.0 MB to 104.8 MB.
Total: 6.548000 ms (FindLiveObjects: 0.569700 ms CreateObjectMapping: 0.221300 ms MarkObjects: 4.579600 ms  DeleteObjects: 1.176000 ms)

Prepare: number of updated asset objects reloaded= 0
========================================================================
Received Prepare
Refreshing native plugins compatible for Editor in 1.64 ms, found 4 plugins.
Preloading 0 native plugins for Editor in 0.00 ms.
Unloading 0 Unused Serialized files (Serialized files now loaded: 0)
Unloading 5057 unused Assets / (1.3 MB). Loaded Objects now: 5699.
Memory consumption went from 106.1 MB to 104.8 MB.
Total: 9.635500 ms (FindLiveObjects: 0.844200 ms CreateObjectMapping: 0.538300 ms MarkObjects: 6.635800 ms  DeleteObjects: 1.615600 ms)

Prepare: number of updated asset objects reloaded= 0
========================================================================
Received Import Request.
  Time since last request: 164.118960 seconds.
  path: Assets/Juego/Scripts/Battles/TestBattleSelector.cs
  artifactKey: Guid(fdc03a2352a82d24d9cd657be7a04a69) Importer(815301076,1909f56bfc062723c751e8b465ee728b)
Start importing Assets/Juego/Scripts/Battles/TestBattleSelector.cs using Guid(fdc03a2352a82d24d9cd657be7a04a69) Importer(815301076,1909f56bfc062723c751e8b465ee728b) (PreviewImporter) -> (artifact id: 'd66025ad062916c21bf5056f56553eae') in 0.0056272 seconds
Number of updated asset objects reloaded before import = 0Number of asset objects unloaded after import = 0

========================================================================
Received Prepare
Begin MonoManager ReloadAssembly
- Loaded All Assemblies, in  0.610 seconds
Refreshing native plugins compatible for Editor in 1.05 ms, found 4 plugins.
Native extension for WindowsStandalone target not found
[Package Manager] Failed to launch server process. Reason: Unity was launched with the -noUpm command-line argument
[Package Manager] Unable to send message (not connected to server process).
[Package Manager] Cannot connect to Unity Package Manager local server
ScheduleIndexationOnStartup MainProcess:False IndexOnStartup:True
Mono: successfully reloaded assembly
- Finished resetting the current domain, in  0.642 seconds
Domain Reload Profiling: 1253ms
	BeginReloadAssembly (195ms)
		ExecutionOrderSort (0ms)
		DisableScriptedObjects (13ms)
		BackupInstance (0ms)
		ReleaseScriptingObjects (0ms)
		CreateAndSetChildDomain (50ms)
	RebuildCommonClasses (38ms)
	RebuildNativeTypeToScriptingClass (11ms)
	initialDomainReloadingComplete (23ms)
	LoadAllAssembliesAndSetupDomain (344ms)
		LoadAssemblies (273ms)
		RebuildTransferFunctionScriptingTraits (0ms)
		AnalyzeDomain (153ms)
			TypeCache.Refresh (6ms)
				TypeCache.ScanAssembly (0ms)
			BuildScriptInfoCaches (138ms)
			ResolveRequiredComponents (4ms)
	FinalizeReload (642ms)
		ReleaseScriptCaches (0ms)
		RebuildScriptCaches (0ms)
		SetupLoadedEditorAssemblies (535ms)
			LogAssemblyErrors (0ms)
			InitializePlatformSupportModulesInManaged (1ms)
			SetLoadedEditorAssemblies (5ms)
			BeforeProcessingInitializeOnLoad (142ms)
			ProcessInitializeOnLoadAttributes (321ms)
			ProcessInitializeOnLoadMethodAttributes (60ms)
			AfterProcessingInitializeOnLoad (5ms)
			EditorAssembliesLoaded (0ms)
		ExecutionOrderSort2 (0ms)
		AwakeInstancesAfterBackupRestoration (8ms)
Refreshing native plugins compatible for Editor in 1.12 ms, found 4 plugins.
Preloading 0 native plugins for Editor in 0.00 ms.
Unloading 0 Unused Serialized files (Serialized files now loaded: 0)
Unloading 5067 unused Assets / (1.0 MB). Loaded Objects now: 5702.
Memory consumption went from 105.9 MB to 104.8 MB.
Total: 6.781200 ms (FindLiveObjects: 0.551100 ms CreateObjectMapping: 0.315500 ms MarkObjects: 4.861200 ms  DeleteObjects: 1.052100 ms)

Prepare: number of updated asset objects reloaded= 0
========================================================================
Received Prepare
Refreshing native plugins compatible for Editor in 1.51 ms, found 4 plugins.
Preloading 0 native plugins for Editor in 0.00 ms.
Unloading 0 Unused Serialized files (Serialized files now loaded: 0)
Unloading 5057 unused Assets / (1.2 MB). Loaded Objects now: 5702.
Memory consumption went from 106.1 MB to 104.9 MB.
Total: 8.043900 ms (FindLiveObjects: 0.629000 ms CreateObjectMapping: 0.288300 ms MarkObjects: 5.892600 ms  DeleteObjects: 1.232600 ms)

Prepare: number of updated asset objects reloaded= 0
========================================================================
Received Prepare
Begin MonoManager ReloadAssembly
- Loaded All Assemblies, in  0.593 seconds
Refreshing native plugins compatible for Editor in 1.00 ms, found 4 plugins.
Native extension for WindowsStandalone target not found
[Package Manager] Failed to launch server process. Reason: Unity was launched with the -noUpm command-line argument
[Package Manager] Unable to send message (not connected to server process).
[Package Manager] Cannot connect to Unity Package Manager local server
ScheduleIndexationOnStartup MainProcess:False IndexOnStartup:True
Mono: successfully reloaded assembly
- Finished resetting the current domain, in  0.552 seconds
Domain Reload Profiling: 1146ms
	BeginReloadAssembly (183ms)
		ExecutionOrderSort (0ms)
		DisableScriptedObjects (11ms)
		BackupInstance (0ms)
		ReleaseScriptingObjects (0ms)
		CreateAndSetChildDomain (48ms)
	RebuildCommonClasses (41ms)
	RebuildNativeTypeToScriptingClass (11ms)
	initialDomainReloadingComplete (20ms)
	LoadAllAssembliesAndSetupDomain (338ms)
		LoadAssemblies (271ms)
		RebuildTransferFunctionScriptingTraits (0ms)
		AnalyzeDomain (145ms)
			TypeCache.Refresh (5ms)
				TypeCache.ScanAssembly (0ms)
			BuildScriptInfoCaches (132ms)
			ResolveRequiredComponents (4ms)
	FinalizeReload (553ms)
		ReleaseScriptCaches (0ms)
		RebuildScriptCaches (0ms)
		SetupLoadedEditorAssemblies (442ms)
			LogAssemblyErrors (0ms)
			InitializePlatformSupportModulesInManaged (2ms)
			SetLoadedEditorAssemblies (5ms)
			BeforeProcessingInitializeOnLoad (132ms)
			ProcessInitializeOnLoadAttributes (255ms)
			ProcessInitializeOnLoadMethodAttributes (46ms)
			AfterProcessingInitializeOnLoad (3ms)
			EditorAssembliesLoaded (0ms)
		ExecutionOrderSort2 (0ms)
		AwakeInstancesAfterBackupRestoration (5ms)
Refreshing native plugins compatible for Editor in 1.89 ms, found 4 plugins.
Preloading 0 native plugins for Editor in 0.00 ms.
Unloading 0 Unused Serialized files (Serialized files now loaded: 0)
Unloading 5067 unused Assets / (1.4 MB). Loaded Objects now: 5705.
Memory consumption went from 105.9 MB to 104.5 MB.
Total: 9.360800 ms (FindLiveObjects: 0.667800 ms CreateObjectMapping: 0.435800 ms MarkObjects: 6.399100 ms  DeleteObjects: 1.856400 ms)

Prepare: number of updated asset objects reloaded= 0
========================================================================
Received Prepare
Begin MonoManager ReloadAssembly
[Licensing::Client] Successfully resolved entitlement details
- Loaded All Assemblies, in  0.622 seconds
Refreshing native plugins compatible for Editor in 1.48 ms, found 4 plugins.
Native extension for WindowsStandalone target not found
[Package Manager] Failed to launch server process. Reason: Unity was launched with the -noUpm command-line argument
[Package Manager] Unable to send message (not connected to server process).
[Package Manager] Cannot connect to Unity Package Manager local server
ScheduleIndexationOnStartup MainProcess:False IndexOnStartup:True
Mono: successfully reloaded assembly
- Finished resetting the current domain, in  0.720 seconds
Domain Reload Profiling: 1341ms
	BeginReloadAssembly (191ms)
		ExecutionOrderSort (0ms)
		DisableScriptedObjects (13ms)
		BackupInstance (0ms)
		ReleaseScriptingObjects (0ms)
		CreateAndSetChildDomain (50ms)
	RebuildCommonClasses (34ms)
	RebuildNativeTypeToScriptingClass (16ms)
	initialDomainReloadingComplete (29ms)
	LoadAllAssembliesAndSetupDomain (350ms)
		LoadAssemblies (278ms)
		RebuildTransferFunctionScriptingTraits (0ms)
		AnalyzeDomain (156ms)
			TypeCache.Refresh (4ms)
				TypeCache.ScanAssembly (0ms)
			BuildScriptInfoCaches (144ms)
			ResolveRequiredComponents (4ms)
	FinalizeReload (720ms)
		ReleaseScriptCaches (0ms)
		RebuildScriptCaches (0ms)
		SetupLoadedEditorAssemblies (591ms)
			LogAssemblyErrors (0ms)
			InitializePlatformSupportModulesInManaged (1ms)
			SetLoadedEditorAssemblies (5ms)
			BeforeProcessingInitializeOnLoad (148ms)
			ProcessInitializeOnLoadAttributes (367ms)
			ProcessInitializeOnLoadMethodAttributes (64ms)
			AfterProcessingInitializeOnLoad (5ms)
			EditorAssembliesLoaded (0ms)
		ExecutionOrderSort2 (0ms)
		AwakeInstancesAfterBackupRestoration (9ms)
Refreshing native plugins compatible for Editor in 1.87 ms, found 4 plugins.
Preloading 0 native plugins for Editor in 0.00 ms.
Unloading 0 Unused Serialized files (Serialized files now loaded: 0)
Unloading 5067 unused Assets / (1.2 MB). Loaded Objects now: 5708.
Memory consumption went from 105.9 MB to 104.7 MB.
Total: 8.920900 ms (FindLiveObjects: 0.631500 ms CreateObjectMapping: 0.544700 ms MarkObjects: 6.331900 ms  DeleteObjects: 1.411000 ms)

Prepare: number of updated asset objects reloaded= 0
========================================================================
Received Import Request.
  Time since last request: 105.494419 seconds.
  path: Assets/Juego/EnemyData/Automatas.asset
  artifactKey: Guid(98a2aa3e43a3b484e8a2782e48b287d6) Importer(815301076,1909f56bfc062723c751e8b465ee728b)
Start importing Assets/Juego/EnemyData/Automatas.asset using Guid(98a2aa3e43a3b484e8a2782e48b287d6) Importer(815301076,1909f56bfc062723c751e8b465ee728b) (PreviewImporter)The same field name is serialized multiple times in the class or its parent class. This is not supported: Base(MonoBehaviour) canSpawn
The same field name is serialized multiple times in the class or its parent class. This is not supported: Base(MonoBehaviour) blueSoulPattern
The same field name is serialized multiple times in the class or its parent class. This is not supported: Base(MonoBehaviour) phase
 -> (artifact id: 'f5ac6c60fe13fccc7effe49c0e33fe26') in 0.0391372 seconds
Number of updated asset objects reloaded before import = 0Number of asset objects unloaded after import = 61

========================================================================
Received Prepare
Begin MonoManager ReloadAssembly
- Loaded All Assemblies, in  0.597 seconds
Refreshing native plugins compatible for Editor in 1.49 ms, found 4 plugins.
Native extension for WindowsStandalone target not found
[Package Manager] Failed to launch server process. Reason: Unity was launched with the -noUpm command-line argument
[Package Manager] Unable to send message (not connected to server process).
[Package Manager] Cannot connect to Unity Package Manager local server
ScheduleIndexationOnStartup MainProcess:False IndexOnStartup:True
Mono: successfully reloaded assembly
- Finished resetting the current domain, in  0.712 seconds
Domain Reload Profiling: 1307ms
	BeginReloadAssembly (184ms)
		ExecutionOrderSort (0ms)
		DisableScriptedObjects (10ms)
		BackupInstance (0ms)
		ReleaseScriptingObjects (0ms)
		CreateAndSetChildDomain (55ms)
	RebuildCommonClasses (29ms)
	RebuildNativeTypeToScriptingClass (11ms)
	initialDomainReloadingComplete (23ms)
	LoadAllAssembliesAndSetupDomain (348ms)
		LoadAssemblies (270ms)
		RebuildTransferFunctionScriptingTraits (0ms)
		AnalyzeDomain (154ms)
			TypeCache.Refresh (5ms)
				TypeCache.ScanAssembly (0ms)
			BuildScriptInfoCaches (142ms)
			ResolveRequiredComponents (4ms)
	FinalizeReload (712ms)
		ReleaseScriptCaches (0ms)
		RebuildScriptCaches (0ms)
		SetupLoadedEditorAssemblies (588ms)
			LogAssemblyErrors (0ms)
			InitializePlatformSupportModulesInManaged (2ms)
			SetLoadedEditorAssemblies (6ms)
			BeforeProcessingInitializeOnLoad (171ms)
			ProcessInitializeOnLoadAttributes (345ms)
			ProcessInitializeOnLoadMethodAttributes (59ms)
			AfterProcessingInitializeOnLoad (5ms)
			EditorAssembliesLoaded (0ms)
		ExecutionOrderSort2 (0ms)
		AwakeInstancesAfterBackupRestoration (7ms)
Refreshing native plugins compatible for Editor in 2.19 ms, found 4 plugins.
Preloading 0 native plugins for Editor in 0.00 ms.
Unloading 0 Unused Serialized files (Serialized files now loaded: 0)
Unloading 5067 unused Assets / (1.1 MB). Loaded Objects now: 5712.
Memory consumption went from 105.9 MB to 104.8 MB.
Total: 10.141300 ms (FindLiveObjects: 0.746900 ms CreateObjectMapping: 0.555400 ms MarkObjects: 7.203900 ms  DeleteObjects: 1.633700 ms)

Prepare: number of updated asset objects reloaded= 0
========================================================================
Received Prepare
Refreshing native plugins compatible for Editor in 1.52 ms, found 4 plugins.
Preloading 0 native plugins for Editor in 0.00 ms.
Unloading 0 Unused Serialized files (Serialized files now loaded: 0)
Unloading 5057 unused Assets / (1.3 MB). Loaded Objects now: 5712.
Memory consumption went from 106.1 MB to 104.8 MB.
Total: 9.718000 ms (FindLiveObjects: 0.968200 ms CreateObjectMapping: 0.585300 ms MarkObjects: 6.510300 ms  DeleteObjects: 1.652600 ms)

Prepare: number of updated asset objects reloaded= 0
========================================================================
Received Prepare
Begin MonoManager ReloadAssembly
- Loaded All Assemblies, in  0.631 seconds
Refreshing native plugins compatible for Editor in 1.62 ms, found 4 plugins.
Native extension for WindowsStandalone target not found
[Package Manager] Failed to launch server process. Reason: Unity was launched with the -noUpm command-line argument
[Package Manager] Unable to send message (not connected to server process).
[Package Manager] Cannot connect to Unity Package Manager local server
ScheduleIndexationOnStartup MainProcess:False IndexOnStartup:True
Mono: successfully reloaded assembly
- Finished resetting the current domain, in  0.605 seconds
Domain Reload Profiling: 1236ms
	BeginReloadAssembly (176ms)
		ExecutionOrderSort (0ms)
		DisableScriptedObjects (13ms)
		BackupInstance (0ms)
		ReleaseScriptingObjects (0ms)
		CreateAndSetChildDomain (47ms)
	RebuildCommonClasses (36ms)
	RebuildNativeTypeToScriptingClass (11ms)
	initialDomainReloadingComplete (24ms)
	LoadAllAssembliesAndSetupDomain (383ms)
		LoadAssemblies (306ms)
		RebuildTransferFunctionScriptingTraits (0ms)
		AnalyzeDomain (150ms)
			TypeCache.Refresh (8ms)
				TypeCache.ScanAssembly (1ms)
			BuildScriptInfoCaches (134ms)
			ResolveRequiredComponents (6ms)
	FinalizeReload (605ms)
		ReleaseScriptCaches (0ms)
		RebuildScriptCaches (0ms)
		SetupLoadedEditorAssemblies (477ms)
			LogAssemblyErrors (0ms)
			InitializePlatformSupportModulesInManaged (2ms)
			SetLoadedEditorAssemblies (6ms)
			BeforeProcessingInitializeOnLoad (161ms)
			ProcessInitializeOnLoadAttributes (260ms)
			ProcessInitializeOnLoadMethodAttributes (44ms)
			AfterProcessingInitializeOnLoad (3ms)
			EditorAssembliesLoaded (0ms)
		ExecutionOrderSort2 (0ms)
		AwakeInstancesAfterBackupRestoration (5ms)
Refreshing native plugins compatible for Editor in 1.07 ms, found 4 plugins.
Preloading 0 native plugins for Editor in 0.00 ms.
Unloading 0 Unused Serialized files (Serialized files now loaded: 0)
Unloading 5067 unused Assets / (1.0 MB). Loaded Objects now: 5715.
Memory consumption went from 105.9 MB to 104.9 MB.
Total: 6.973200 ms (FindLiveObjects: 0.523900 ms CreateObjectMapping: 0.175300 ms MarkObjects: 5.195100 ms  DeleteObjects: 1.077900 ms)

Prepare: number of updated asset objects reloaded= 0
========================================================================
Received Prepare
Begin MonoManager ReloadAssembly
- Loaded All Assemblies, in  0.599 seconds
Refreshing native plugins compatible for Editor in 1.11 ms, found 4 plugins.
Native extension for WindowsStandalone target not found
[Package Manager] Failed to launch server process. Reason: Unity was launched with the -noUpm command-line argument
[Package Manager] Unable to send message (not connected to server process).
[Package Manager] Cannot connect to Unity Package Manager local server
ScheduleIndexationOnStartup MainProcess:False IndexOnStartup:True
Mono: successfully reloaded assembly
- Finished resetting the current domain, in  0.659 seconds
Domain Reload Profiling: 1259ms
	BeginReloadAssembly (179ms)
		ExecutionOrderSort (0ms)
		DisableScriptedObjects (11ms)
		BackupInstance (0ms)
		ReleaseScriptingObjects (0ms)
		CreateAndSetChildDomain (49ms)
	RebuildCommonClasses (39ms)
	RebuildNativeTypeToScriptingClass (15ms)
	initialDomainReloadingComplete (27ms)
	LoadAllAssembliesAndSetupDomain (338ms)
		LoadAssemblies (267ms)
		RebuildTransferFunctionScriptingTraits (0ms)
		AnalyzeDomain (149ms)
			TypeCache.Refresh (4ms)
				TypeCache.ScanAssembly (0ms)
			BuildScriptInfoCaches (133ms)
			ResolveRequiredComponents (8ms)
	FinalizeReload (660ms)
		ReleaseScriptCaches (0ms)
		RebuildScriptCaches (0ms)
		SetupLoadedEditorAssemblies (542ms)
			LogAssemblyErrors (0ms)
			InitializePlatformSupportModulesInManaged (2ms)
			SetLoadedEditorAssemblies (7ms)
			BeforeProcessingInitializeOnLoad (161ms)
			ProcessInitializeOnLoadAttributes (316ms)
			ProcessInitializeOnLoadMethodAttributes (53ms)
			AfterProcessingInitializeOnLoad (3ms)
			EditorAssembliesLoaded (0ms)
		ExecutionOrderSort2 (0ms)
		AwakeInstancesAfterBackupRestoration (6ms)
Refreshing native plugins compatible for Editor in 1.14 ms, found 4 plugins.
Preloading 0 native plugins for Editor in 0.00 ms.
Unloading 0 Unused Serialized files (Serialized files now loaded: 0)
Unloading 5067 unused Assets / (1.2 MB). Loaded Objects now: 5718.
Memory consumption went from 106.0 MB to 104.7 MB.
Total: 7.083000 ms (FindLiveObjects: 0.561700 ms CreateObjectMapping: 0.269400 ms MarkObjects: 5.058200 ms  DeleteObjects: 1.191900 ms)

Prepare: number of updated asset objects reloaded= 0
========================================================================
Received Import Request.
  Time since last request: 366.418003 seconds.
  path: Assets/Juego/Prefap/Attacks/StateNode.prefab
  artifactKey: Guid(7d3702127f97ef84789400bbc2620d40) Importer(815301076,1909f56bfc062723c751e8b465ee728b)
Start importing Assets/Juego/Prefap/Attacks/StateNode.prefab using Guid(7d3702127f97ef84789400bbc2620d40) Importer(815301076,1909f56bfc062723c751e8b465ee728b) (PreviewImporter) -> (artifact id: '7ae3aeaa99f8d148133e4dbee0200800') in 0.0662104 seconds
Number of updated asset objects reloaded before import = 0Number of asset objects unloaded after import = 12

========================================================================
Received Import Request.
  Time since last request: 23.091540 seconds.
  path: Assets/Juego/Prefap/Attacks/StateNode.prefab
  artifactKey: Guid(7d3702127f97ef84789400bbc2620d40) Importer(815301076,1909f56bfc062723c751e8b465ee728b)
Start importing Assets/Juego/Prefap/Attacks/StateNode.prefab using Guid(7d3702127f97ef84789400bbc2620d40) Importer(815301076,1909f56bfc062723c751e8b465ee728b) (PreviewImporter) -> (artifact id: '121d7314f54c999d0567954a1fa18fd0') in 0.0254374 seconds
Number of updated asset objects reloaded before import = 0Number of asset objects unloaded after import = 25

========================================================================
Received Import Request.
  Time since last request: 32.249715 seconds.
  path: Assets/Juego/Prefap/Attacks/StateNode.prefab
  artifactKey: Guid(7d3702127f97ef84789400bbc2620d40) Importer(815301076,1909f56bfc062723c751e8b465ee728b)
Start importing Assets/Juego/Prefap/Attacks/StateNode.prefab using Guid(7d3702127f97ef84789400bbc2620d40) Importer(815301076,1909f56bfc062723c751e8b465ee728b) (PreviewImporter) -> (artifact id: '020a33ac54b87fbfd1ead546bd9b6dd8') in 0.0181334 seconds
Number of updated asset objects reloaded before import = 0Number of asset objects unloaded after import = 25

========================================================================
Received Import Request.
  Time since last request: 14.701883 seconds.
  path: Assets/Juego/Prefap/Attacks/TrapState.prefab
  artifactKey: Guid(08afeb8da69174d4e8e3ed0ca1c0c8f6) Importer(815301076,1909f56bfc062723c751e8b465ee728b)
Start importing Assets/Juego/Prefap/Attacks/TrapState.prefab using Guid(08afeb8da69174d4e8e3ed0ca1c0c8f6) Importer(815301076,1909f56bfc062723c751e8b465ee728b) (PreviewImporter) -> (artifact id: '5d2afddd3a52791a6a4a1b92bf5706d5') in 0.0068001 seconds
Number of updated asset objects reloaded before import = 0Number of asset objects unloaded after import = 12

========================================================================
Received Import Request.
  Time since last request: 2.257247 seconds.
  path: Assets/Juego/Prefap/Attacks/TrapState.prefab
  artifactKey: Guid(08afeb8da69174d4e8e3ed0ca1c0c8f6) Importer(815301076,1909f56bfc062723c751e8b465ee728b)
Start importing Assets/Juego/Prefap/Attacks/TrapState.prefab using Guid(08afeb8da69174d4e8e3ed0ca1c0c8f6) Importer(815301076,1909f56bfc062723c751e8b465ee728b) (PreviewImporter) -> (artifact id: 'f51eaaad14afae1fcd4bb1eb455a7cdf') in 0.0160423 seconds
Number of updated asset objects reloaded before import = 0Number of asset objects unloaded after import = 25

========================================================================
Received Import Request.
  Time since last request: 24.413235 seconds.
  path: Assets/Juego/Prefap/Attacks/TrapState.prefab
  artifactKey: Guid(08afeb8da69174d4e8e3ed0ca1c0c8f6) Importer(815301076,1909f56bfc062723c751e8b465ee728b)
Start importing Assets/Juego/Prefap/Attacks/TrapState.prefab using Guid(08afeb8da69174d4e8e3ed0ca1c0c8f6) Importer(815301076,1909f56bfc062723c751e8b465ee728b) (PreviewImporter) -> (artifact id: 'f9228b3ed4adab99eb04f01ccecd2283') in 0.0158692 seconds
Number of updated asset objects reloaded before import = 0Number of asset objects unloaded after import = 25

========================================================================
Received Import Request.
  Time since last request: 2.998613 seconds.
  path: Assets/Juego/Prefap/Attacks/TrapState.prefab
  artifactKey: Guid(08afeb8da69174d4e8e3ed0ca1c0c8f6) Importer(815301076,1909f56bfc062723c751e8b465ee728b)
Start importing Assets/Juego/Prefap/Attacks/TrapState.prefab using Guid(08afeb8da69174d4e8e3ed0ca1c0c8f6) Importer(815301076,1909f56bfc062723c751e8b465ee728b) (PreviewImporter) -> (artifact id: '212c53409d2eb190a3f7f622b18517de') in 0.0164367 seconds
Number of updated asset objects reloaded before import = 0Number of asset objects unloaded after import = 25

========================================================================
Received Import Request.
  Time since last request: 1.856244 seconds.
  path: Assets/Juego/Prefap/Attacks/TrapState.prefab
  artifactKey: Guid(08afeb8da69174d4e8e3ed0ca1c0c8f6) Importer(815301076,1909f56bfc062723c751e8b465ee728b)
Start importing Assets/Juego/Prefap/Attacks/TrapState.prefab using Guid(08afeb8da69174d4e8e3ed0ca1c0c8f6) Importer(815301076,1909f56bfc062723c751e8b465ee728b) (PreviewImporter) -> (artifact id: '12c798298c58e9b2365914fb26869300') in 0.019045 seconds
Number of updated asset objects reloaded before import = 0Number of asset objects unloaded after import = 25

========================================================================
Received Import Request.
  Time since last request: 0.552489 seconds.
  path: Assets/Juego/Prefap/Attacks/TrapState.prefab
  artifactKey: Guid(08afeb8da69174d4e8e3ed0ca1c0c8f6) Importer(815301076,1909f56bfc062723c751e8b465ee728b)
Start importing Assets/Juego/Prefap/Attacks/TrapState.prefab using Guid(08afeb8da69174d4e8e3ed0ca1c0c8f6) Importer(815301076,1909f56bfc062723c751e8b465ee728b) (PreviewImporter) -> (artifact id: '901f8330dce618d959d7bef1ec492860') in 0.0162275 seconds
Number of updated asset objects reloaded before import = 0Number of asset objects unloaded after import = 25

========================================================================
Received Import Request.
  Time since last request: 2.009012 seconds.
  path: Assets/Juego/Prefap/Attacks/TrapState.prefab
  artifactKey: Guid(08afeb8da69174d4e8e3ed0ca1c0c8f6) Importer(815301076,1909f56bfc062723c751e8b465ee728b)
Start importing Assets/Juego/Prefap/Attacks/TrapState.prefab using Guid(08afeb8da69174d4e8e3ed0ca1c0c8f6) Importer(815301076,1909f56bfc062723c751e8b465ee728b) (PreviewImporter) -> (artifact id: '5d410f058b97dd0bc35995be34740c82') in 0.0170943 seconds
Number of updated asset objects reloaded before import = 0Number of asset objects unloaded after import = 25

========================================================================
Received Import Request.
  Time since last request: 0.987103 seconds.
  path: Assets/Juego/Prefap/Attacks/TrapState.prefab
  artifactKey: Guid(08afeb8da69174d4e8e3ed0ca1c0c8f6) Importer(815301076,1909f56bfc062723c751e8b465ee728b)
Start importing Assets/Juego/Prefap/Attacks/TrapState.prefab using Guid(08afeb8da69174d4e8e3ed0ca1c0c8f6) Importer(815301076,1909f56bfc062723c751e8b465ee728b) (PreviewImporter) -> (artifact id: 'db671ed996bb66e3409611c6fb96e2f5') in 0.0176113 seconds
Number of updated asset objects reloaded before import = 0Number of asset objects unloaded after import = 25

========================================================================
Received Import Request.
  Time since last request: 5.024038 seconds.
  path: Assets/Juego/Prefap/Attacks/TrapState.prefab
  artifactKey: Guid(08afeb8da69174d4e8e3ed0ca1c0c8f6) Importer(815301076,1909f56bfc062723c751e8b465ee728b)
Start importing Assets/Juego/Prefap/Attacks/TrapState.prefab using Guid(08afeb8da69174d4e8e3ed0ca1c0c8f6) Importer(815301076,1909f56bfc062723c751e8b465ee728b) (PreviewImporter) -> (artifact id: '7c418397853a3c3fc313a192c2061f12') in 0.0162198 seconds
Number of updated asset objects reloaded before import = 0Number of asset objects unloaded after import = 25

========================================================================
Received Import Request.
  Time since last request: 0.587022 seconds.
  path: Assets/Juego/Prefap/Attacks/TrapState.prefab
  artifactKey: Guid(08afeb8da69174d4e8e3ed0ca1c0c8f6) Importer(815301076,1909f56bfc062723c751e8b465ee728b)
Start importing Assets/Juego/Prefap/Attacks/TrapState.prefab using Guid(08afeb8da69174d4e8e3ed0ca1c0c8f6) Importer(815301076,1909f56bfc062723c751e8b465ee728b) (PreviewImporter) -> (artifact id: 'd26adf3e372c6d80ed8a3c352d21be6c') in 0.0194956 seconds
Number of updated asset objects reloaded before import = 0Number of asset objects unloaded after import = 25

========================================================================
Received Import Request.
  Time since last request: 17.761716 seconds.
  path: Assets/Juego/Prefap/Attacks/TrapState.prefab
  artifactKey: Guid(08afeb8da69174d4e8e3ed0ca1c0c8f6) Importer(815301076,1909f56bfc062723c751e8b465ee728b)
Start importing Assets/Juego/Prefap/Attacks/TrapState.prefab using Guid(08afeb8da69174d4e8e3ed0ca1c0c8f6) Importer(815301076,1909f56bfc062723c751e8b465ee728b) (PreviewImporter) -> (artifact id: '8548293796728babe5803e233c852592') in 0.0169962 seconds
Number of updated asset objects reloaded before import = 0Number of asset objects unloaded after import = 25

========================================================================
Received Import Request.
  Time since last request: 26.794441 seconds.
  path: Assets/Juego/Prefap/Attacks/StateNode.prefab
  artifactKey: Guid(7d3702127f97ef84789400bbc2620d40) Importer(815301076,1909f56bfc062723c751e8b465ee728b)
Start importing Assets/Juego/Prefap/Attacks/StateNode.prefab using Guid(7d3702127f97ef84789400bbc2620d40) Importer(815301076,1909f56bfc062723c751e8b465ee728b) (PreviewImporter) -> (artifact id: '7fd0fe88bc91e120b94a54ec09e403bd') in 0.0175647 seconds
Number of updated asset objects reloaded before import = 0Number of asset objects unloaded after import = 25

========================================================================
Received Import Request.
  Time since last request: 25.561033 seconds.
  path: Assets/Juego/Prefap/Attacks/StateNode.prefab
  artifactKey: Guid(7d3702127f97ef84789400bbc2620d40) Importer(815301076,1909f56bfc062723c751e8b465ee728b)
Start importing Assets/Juego/Prefap/Attacks/StateNode.prefab using Guid(7d3702127f97ef84789400bbc2620d40) Importer(815301076,1909f56bfc062723c751e8b465ee728b) (PreviewImporter) -> (artifact id: 'ee7712d9d9610402bc9dd966ef991b76') in 0.0183344 seconds
Number of updated asset objects reloaded before import = 0Number of asset objects unloaded after import = 25

========================================================================
Received Import Request.
  Time since last request: 0.953140 seconds.
  path: Assets/Juego/Prefap/Attacks/StateNode.prefab
  artifactKey: Guid(7d3702127f97ef84789400bbc2620d40) Importer(815301076,1909f56bfc062723c751e8b465ee728b)
Start importing Assets/Juego/Prefap/Attacks/StateNode.prefab using Guid(7d3702127f97ef84789400bbc2620d40) Importer(815301076,1909f56bfc062723c751e8b465ee728b) (PreviewImporter) -> (artifact id: '24b164a4555815cd8275841e1e6c2339') in 0.0165047 seconds
Number of updated asset objects reloaded before import = 0Number of asset objects unloaded after import = 25

========================================================================
Received Import Request.
  Time since last request: 5.019523 seconds.
  path: Assets/Juego/Prefap/Attacks/StateNode.prefab
  artifactKey: Guid(7d3702127f97ef84789400bbc2620d40) Importer(815301076,1909f56bfc062723c751e8b465ee728b)
Start importing Assets/Juego/Prefap/Attacks/StateNode.prefab using Guid(7d3702127f97ef84789400bbc2620d40) Importer(815301076,1909f56bfc062723c751e8b465ee728b) (PreviewImporter) -> (artifact id: 'bedcda8449eafdf2b5f7e45091e050a7') in 0.0162387 seconds
Number of updated asset objects reloaded before import = 0Number of asset objects unloaded after import = 25

========================================================================
Received Import Request.
  Time since last request: 210.668230 seconds.
  path: Assets/Juego/Prefap/Attacks/StateNode.prefab
  artifactKey: Guid(7d3702127f97ef84789400bbc2620d40) Importer(815301076,1909f56bfc062723c751e8b465ee728b)
Start importing Assets/Juego/Prefap/Attacks/StateNode.prefab using Guid(7d3702127f97ef84789400bbc2620d40) Importer(815301076,1909f56bfc062723c751e8b465ee728b) (PreviewImporter) -> (artifact id: '1f37b1db73e65a46f7c47185059f3f17') in 0.0188944 seconds
Number of updated asset objects reloaded before import = 0Number of asset objects unloaded after import = 25

========================================================================
Received Prepare
Begin MonoManager ReloadAssembly
[Licensing::Client] Successfully resolved entitlement details
- Loaded All Assemblies, in  0.612 seconds
Refreshing native plugins compatible for Editor in 1.55 ms, found 4 plugins.
Native extension for WindowsStandalone target not found
[Package Manager] Failed to launch server process. Reason: Unity was launched with the -noUpm command-line argument
[Package Manager] Unable to send message (not connected to server process).
[Package Manager] Cannot connect to Unity Package Manager local server
ScheduleIndexationOnStartup MainProcess:False IndexOnStartup:True
Mono: successfully reloaded assembly
- Finished resetting the current domain, in  0.633 seconds
Domain Reload Profiling: 1244ms
	BeginReloadAssembly (186ms)
		ExecutionOrderSort (0ms)
		DisableScriptedObjects (12ms)
		BackupInstance (0ms)
		ReleaseScriptingObjects (0ms)
		CreateAndSetChildDomain (50ms)
	RebuildCommonClasses (39ms)
	RebuildNativeTypeToScriptingClass (13ms)
	initialDomainReloadingComplete (28ms)
	LoadAllAssembliesAndSetupDomain (345ms)
		LoadAssemblies (286ms)
		RebuildTransferFunctionScriptingTraits (0ms)
		AnalyzeDomain (141ms)
			TypeCache.Refresh (4ms)
				TypeCache.ScanAssembly (0ms)
			BuildScriptInfoCaches (128ms)
			ResolveRequiredComponents (5ms)
	FinalizeReload (633ms)
		ReleaseScriptCaches (0ms)
		RebuildScriptCaches (0ms)
		SetupLoadedEditorAssemblies (519ms)
			LogAssemblyErrors (0ms)
			InitializePlatformSupportModulesInManaged (1ms)
			SetLoadedEditorAssemblies (5ms)
			BeforeProcessingInitializeOnLoad (145ms)
			ProcessInitializeOnLoadAttributes (315ms)
			ProcessInitializeOnLoadMethodAttributes (49ms)
			AfterProcessingInitializeOnLoad (3ms)
			EditorAssembliesLoaded (0ms)
		ExecutionOrderSort2 (0ms)
		AwakeInstancesAfterBackupRestoration (6ms)
Refreshing native plugins compatible for Editor in 1.63 ms, found 4 plugins.
Preloading 0 native plugins for Editor in 0.00 ms.
Unloading 0 Unused Serialized files (Serialized files now loaded: 0)
Unloading 5067 unused Assets / (1.1 MB). Loaded Objects now: 5728.
Memory consumption went from 106.5 MB to 105.4 MB.
Total: 8.253700 ms (FindLiveObjects: 0.576000 ms CreateObjectMapping: 0.234500 ms MarkObjects: 6.267900 ms  DeleteObjects: 1.173600 ms)

Prepare: number of updated asset objects reloaded= 0
========================================================================
Received Import Request.
  Time since last request: 128.511525 seconds.
  path: Assets/Juego/Prefap/Attacks/StateNode.prefab
  artifactKey: Guid(7d3702127f97ef84789400bbc2620d40) Importer(815301076,1909f56bfc062723c751e8b465ee728b)
Start importing Assets/Juego/Prefap/Attacks/StateNode.prefab using Guid(7d3702127f97ef84789400bbc2620d40) Importer(815301076,1909f56bfc062723c751e8b465ee728b) (PreviewImporter) -> (artifact id: '5fad8a491d0f4a6b0ad042ef3a78582b') in 0.0737488 seconds
Number of updated asset objects reloaded before import = 0Number of asset objects unloaded after import = 25

========================================================================
Received Import Request.
  Time since last request: 10.564760 seconds.
  path: Assets/Juego/Prefap/Attacks/StateNode.prefab
  artifactKey: Guid(7d3702127f97ef84789400bbc2620d40) Importer(815301076,1909f56bfc062723c751e8b465ee728b)
Start importing Assets/Juego/Prefap/Attacks/StateNode.prefab using Guid(7d3702127f97ef84789400bbc2620d40) Importer(815301076,1909f56bfc062723c751e8b465ee728b) (PreviewImporter) -> (artifact id: '1ea4257d72034e2c6571572186813b15') in 0.0184407 seconds
Number of updated asset objects reloaded before import = 0Number of asset objects unloaded after import = 25

========================================================================
Received Import Request.
  Time since last request: 220.078749 seconds.
  path: Assets/Juego/Prefap/Attacks/StateNode.prefab
  artifactKey: Guid(7d3702127f97ef84789400bbc2620d40) Importer(815301076,1909f56bfc062723c751e8b465ee728b)
Start importing Assets/Juego/Prefap/Attacks/StateNode.prefab using Guid(7d3702127f97ef84789400bbc2620d40) Importer(815301076,1909f56bfc062723c751e8b465ee728b) (PreviewImporter) -> (artifact id: 'eeecc63aecf40089612511aaefdb3668') in 0.0185536 seconds
Number of updated asset objects reloaded before import = 0Number of asset objects unloaded after import = 25

========================================================================
Received Prepare
Begin MonoManager ReloadAssembly
[Licensing::Client] Successfully resolved entitlement details
- Loaded All Assemblies, in  0.605 seconds
Refreshing native plugins compatible for Editor in 1.03 ms, found 4 plugins.
Native extension for WindowsStandalone target not found
[Package Manager] Failed to launch server process. Reason: Unity was launched with the -noUpm command-line argument
[Package Manager] Unable to send message (not connected to server process).
[Package Manager] Cannot connect to Unity Package Manager local server
ScheduleIndexationOnStartup MainProcess:False IndexOnStartup:True
Mono: successfully reloaded assembly
- Finished resetting the current domain, in  0.677 seconds
Domain Reload Profiling: 1282ms
	BeginReloadAssembly (183ms)
		ExecutionOrderSort (0ms)
		DisableScriptedObjects (9ms)
		BackupInstance (0ms)
		ReleaseScriptingObjects (0ms)
		CreateAndSetChildDomain (48ms)
	RebuildCommonClasses (33ms)
	RebuildNativeTypeToScriptingClass (12ms)
	initialDomainReloadingComplete (27ms)
	LoadAllAssembliesAndSetupDomain (349ms)
		LoadAssemblies (286ms)
		RebuildTransferFunctionScriptingTraits (0ms)
		AnalyzeDomain (144ms)
			TypeCache.Refresh (6ms)
				TypeCache.ScanAssembly (0ms)
			BuildScriptInfoCaches (126ms)
			ResolveRequiredComponents (7ms)
	FinalizeReload (677ms)
		ReleaseScriptCaches (0ms)
		RebuildScriptCaches (0ms)
		SetupLoadedEditorAssemblies (549ms)
			LogAssemblyErrors (0ms)
			InitializePlatformSupportModulesInManaged (2ms)
			SetLoadedEditorAssemblies (6ms)
			BeforeProcessingInitializeOnLoad (156ms)
			ProcessInitializeOnLoadAttributes (323ms)
			ProcessInitializeOnLoadMethodAttributes (59ms)
			AfterProcessingInitializeOnLoad (3ms)
			EditorAssembliesLoaded (0ms)
		ExecutionOrderSort2 (0ms)
		AwakeInstancesAfterBackupRestoration (8ms)
Refreshing native plugins compatible for Editor in 1.77 ms, found 4 plugins.
Preloading 0 native plugins for Editor in 0.00 ms.
Unloading 0 Unused Serialized files (Serialized files now loaded: 0)
Unloading 5067 unused Assets / (1.2 MB). Loaded Objects now: 5731.
Memory consumption went from 106.5 MB to 105.3 MB.
Total: 9.807100 ms (FindLiveObjects: 0.621200 ms CreateObjectMapping: 0.735700 ms MarkObjects: 6.972000 ms  DeleteObjects: 1.476500 ms)

Prepare: number of updated asset objects reloaded= 0
========================================================================
Received Import Request.
  Time since last request: 24.990684 seconds.
  path: Assets/Juego/Prefap/Attacks/StateNode.prefab
  artifactKey: Guid(7d3702127f97ef84789400bbc2620d40) Importer(815301076,1909f56bfc062723c751e8b465ee728b)
Start importing Assets/Juego/Prefap/Attacks/StateNode.prefab using Guid(7d3702127f97ef84789400bbc2620d40) Importer(815301076,1909f56bfc062723c751e8b465ee728b) (PreviewImporter) -> (artifact id: '65f86ae2cd11a43f82c1ef07de93f943') in 0.0778978 seconds
Number of updated asset objects reloaded before import = 0Number of asset objects unloaded after import = 25

========================================================================
Received Prepare
Begin MonoManager ReloadAssembly
- Loaded All Assemblies, in  0.587 seconds
Refreshing native plugins compatible for Editor in 1.39 ms, found 4 plugins.
Native extension for WindowsStandalone target not found
[Package Manager] Failed to launch server process. Reason: Unity was launched with the -noUpm command-line argument
[Package Manager] Unable to send message (not connected to server process).
[Package Manager] Cannot connect to Unity Package Manager local server
ScheduleIndexationOnStartup MainProcess:False IndexOnStartup:True
Mono: successfully reloaded assembly
- Finished resetting the current domain, in  0.684 seconds
Domain Reload Profiling: 1270ms
	BeginReloadAssembly (175ms)
		ExecutionOrderSort (0ms)
		DisableScriptedObjects (14ms)
		BackupInstance (0ms)
		ReleaseScriptingObjects (0ms)
		CreateAndSetChildDomain (45ms)
	RebuildCommonClasses (35ms)
	RebuildNativeTypeToScriptingClass (15ms)
	initialDomainReloadingComplete (28ms)
	LoadAllAssembliesAndSetupDomain (332ms)
		LoadAssemblies (263ms)
		RebuildTransferFunctionScriptingTraits (0ms)
		AnalyzeDomain (145ms)
			TypeCache.Refresh (4ms)
				TypeCache.ScanAssembly (0ms)
			BuildScriptInfoCaches (130ms)
			ResolveRequiredComponents (6ms)
	FinalizeReload (684ms)
		ReleaseScriptCaches (0ms)
		RebuildScriptCaches (0ms)
		SetupLoadedEditorAssemblies (550ms)
			LogAssemblyErrors (0ms)
			InitializePlatformSupportModulesInManaged (2ms)
			SetLoadedEditorAssemblies (6ms)
			BeforeProcessingInitializeOnLoad (161ms)
			ProcessInitializeOnLoadAttributes (314ms)
			ProcessInitializeOnLoadMethodAttributes (62ms)
			AfterProcessingInitializeOnLoad (5ms)
			EditorAssembliesLoaded (0ms)
		ExecutionOrderSort2 (0ms)
		AwakeInstancesAfterBackupRestoration (8ms)
Refreshing native plugins compatible for Editor in 1.47 ms, found 4 plugins.
Preloading 0 native plugins for Editor in 0.00 ms.
Unloading 0 Unused Serialized files (Serialized files now loaded: 0)
Unloading 5067 unused Assets / (1.2 MB). Loaded Objects now: 5734.
Memory consumption went from 106.5 MB to 105.3 MB.
Total: 8.430900 ms (FindLiveObjects: 0.637500 ms CreateObjectMapping: 0.313000 ms MarkObjects: 6.295500 ms  DeleteObjects: 1.183800 ms)

Prepare: number of updated asset objects reloaded= 0
========================================================================
Received Import Request.
  Time since last request: 697.171555 seconds.
  path: Assets/Juego/Prefap/Attacks/TrapState.prefab
  artifactKey: Guid(08afeb8da69174d4e8e3ed0ca1c0c8f6) Importer(815301076,1909f56bfc062723c751e8b465ee728b)
Start importing Assets/Juego/Prefap/Attacks/TrapState.prefab using Guid(08afeb8da69174d4e8e3ed0ca1c0c8f6) Importer(815301076,1909f56bfc062723c751e8b465ee728b) (PreviewImporter) -> (artifact id: '0ed43e4b92f2d6e18d49d361a8642b57') in 0.1232072 seconds
Number of updated asset objects reloaded before import = 0Number of asset objects unloaded after import = 25

========================================================================
Received Prepare
Begin MonoManager ReloadAssembly
[Licensing::Client] Successfully resolved entitlement details
- Loaded All Assemblies, in  2.748 seconds
Refreshing native plugins compatible for Editor in 1.91 ms, found 4 plugins.
Native extension for WindowsStandalone target not found
[Package Manager] Failed to launch server process. Reason: Unity was launched with the -noUpm command-line argument
[Package Manager] Unable to send message (not connected to server process).
[Package Manager] Cannot connect to Unity Package Manager local server
ScheduleIndexationOnStartup MainProcess:False IndexOnStartup:True
Mono: successfully reloaded assembly
- Finished resetting the current domain, in  0.708 seconds
Domain Reload Profiling: 3456ms
	BeginReloadAssembly (447ms)
		ExecutionOrderSort (0ms)
		DisableScriptedObjects (13ms)
		BackupInstance (0ms)
		ReleaseScriptingObjects (0ms)
		CreateAndSetChildDomain (52ms)
	RebuildCommonClasses (159ms)
	RebuildNativeTypeToScriptingClass (12ms)
	initialDomainReloadingComplete (28ms)
	LoadAllAssembliesAndSetupDomain (2101ms)
		LoadAssemblies (2174ms)
		RebuildTransferFunctionScriptingTraits (0ms)
		AnalyzeDomain (263ms)
			TypeCache.Refresh (5ms)
				TypeCache.ScanAssembly (0ms)
			BuildScriptInfoCaches (249ms)
			ResolveRequiredComponents (5ms)
	FinalizeReload (708ms)
		ReleaseScriptCaches (0ms)
		RebuildScriptCaches (0ms)
		SetupLoadedEditorAssemblies (575ms)
			LogAssemblyErrors (0ms)
			InitializePlatformSupportModulesInManaged (1ms)
			SetLoadedEditorAssemblies (6ms)
			BeforeProcessingInitializeOnLoad (166ms)
			ProcessInitializeOnLoadAttributes (336ms)
			ProcessInitializeOnLoadMethodAttributes (61ms)
			AfterProcessingInitializeOnLoad (4ms)
			EditorAssembliesLoaded (0ms)
		ExecutionOrderSort2 (0ms)
		AwakeInstancesAfterBackupRestoration (8ms)
Refreshing native plugins compatible for Editor in 1.56 ms, found 4 plugins.
Preloading 0 native plugins for Editor in 0.00 ms.
Unloading 0 Unused Serialized files (Serialized files now loaded: 0)
Unloading 5067 unused Assets / (1.3 MB). Loaded Objects now: 5737.
Memory consumption went from 106.5 MB to 105.2 MB.
Total: 8.028500 ms (FindLiveObjects: 0.585200 ms CreateObjectMapping: 0.364400 ms MarkObjects: 5.729200 ms  DeleteObjects: 1.347900 ms)

Prepare: number of updated asset objects reloaded= 0
========================================================================
Received Import Request.
  Time since last request: 218.016871 seconds.
  path: Assets/Juego/Prefap/Spawner/AutomatasSpawner.prefab
  artifactKey: Guid(f4d946b6dcdc3474a98f4050787a50c4) Importer(815301076,1909f56bfc062723c751e8b465ee728b)
Start importing Assets/Juego/Prefap/Spawner/AutomatasSpawner.prefab using Guid(f4d946b6dcdc3474a98f4050787a50c4) Importer(815301076,1909f56bfc062723c751e8b465ee728b) (PreviewImporter)The same field name is serialized multiple times in the class or its parent class. This is not supported: Base(MonoBehaviour) canSpawn
The same field name is serialized multiple times in the class or its parent class. This is not supported: Base(MonoBehaviour) blueSoulPattern
The same field name is serialized multiple times in the class or its parent class. This is not supported: Base(MonoBehaviour) phase
 -> (artifact id: 'c0d843db4f6bb11540fc74966f281da8') in 0.0605676 seconds
Number of updated asset objects reloaded before import = 0Number of asset objects unloaded after import = 46

========================================================================
Received Prepare
Refreshing native plugins compatible for Editor in 1.92 ms, found 4 plugins.
Preloading 0 native plugins for Editor in 0.00 ms.
Unloading 0 Unused Serialized files (Serialized files now loaded: 0)
Unloading 5057 unused Assets / (1.2 MB). Loaded Objects now: 5737.
Memory consumption went from 106.9 MB to 105.7 MB.
Total: 10.306100 ms (FindLiveObjects: 0.931800 ms CreateObjectMapping: 0.648600 ms MarkObjects: 7.135100 ms  DeleteObjects: 1.588800 ms)

Prepare: number of updated asset objects reloaded= 0
========================================================================
Received Prepare
Begin MonoManager ReloadAssembly
[Licensing::Client] Successfully resolved entitlement details
- Loaded All Assemblies, in  0.604 seconds
Refreshing native plugins compatible for Editor in 1.39 ms, found 4 plugins.
Native extension for WindowsStandalone target not found
[Package Manager] Failed to launch server process. Reason: Unity was launched with the -noUpm command-line argument
[Package Manager] Unable to send message (not connected to server process).
[Package Manager] Cannot connect to Unity Package Manager local server
ScheduleIndexationOnStartup MainProcess:False IndexOnStartup:True
Mono: successfully reloaded assembly
- Finished resetting the current domain, in  0.624 seconds
Domain Reload Profiling: 1229ms
	BeginReloadAssembly (181ms)
		ExecutionOrderSort (0ms)
		DisableScriptedObjects (11ms)
		BackupInstance (0ms)
		ReleaseScriptingObjects (0ms)
		CreateAndSetChildDomain (51ms)
	RebuildCommonClasses (35ms)
	RebuildNativeTypeToScriptingClass (11ms)
	initialDomainReloadingComplete (25ms)
	LoadAllAssembliesAndSetupDomain (352ms)
		LoadAssemblies (258ms)
		RebuildTransferFunctionScriptingTraits (0ms)
		AnalyzeDomain (171ms)
			TypeCache.Refresh (10ms)
				TypeCache.ScanAssembly (1ms)
			BuildScriptInfoCaches (152ms)
			ResolveRequiredComponents (5ms)
	FinalizeReload (625ms)
		ReleaseScriptCaches (0ms)
		RebuildScriptCaches (0ms)
		SetupLoadedEditorAssemblies (494ms)
			LogAssemblyErrors (0ms)
			InitializePlatformSupportModulesInManaged (1ms)
			SetLoadedEditorAssemblies (5ms)
			BeforeProcessingInitializeOnLoad (148ms)
			ProcessInitializeOnLoadAttributes (286ms)
			ProcessInitializeOnLoadMethodAttributes (51ms)
			AfterProcessingInitializeOnLoad (3ms)
			EditorAssembliesLoaded (0ms)
		ExecutionOrderSort2 (0ms)
		AwakeInstancesAfterBackupRestoration (5ms)
Refreshing native plugins compatible for Editor in 1.31 ms, found 4 plugins.
Preloading 0 native plugins for Editor in 0.00 ms.
Unloading 0 Unused Serialized files (Serialized files now loaded: 0)
Unloading 5067 unused Assets / (1.3 MB). Loaded Objects now: 5740.
Memory consumption went from 106.5 MB to 105.2 MB.
Total: 6.802700 ms (FindLiveObjects: 0.525000 ms CreateObjectMapping: 0.201600 ms MarkObjects: 4.770500 ms  DeleteObjects: 1.303900 ms)

Prepare: number of updated asset objects reloaded= 0
========================================================================
Received Import Request.
  Time since last request: 26.858047 seconds.
  path: Assets/Juego/Prefap/Spawner/AutomatasSpawner.prefab
  artifactKey: Guid(f4d946b6dcdc3474a98f4050787a50c4) Importer(815301076,1909f56bfc062723c751e8b465ee728b)
Start importing Assets/Juego/Prefap/Spawner/AutomatasSpawner.prefab using Guid(f4d946b6dcdc3474a98f4050787a50c4) Importer(815301076,1909f56bfc062723c751e8b465ee728b) (PreviewImporter)The same field name is serialized multiple times in the class or its parent class. This is not supported: Base(MonoBehaviour) canSpawn
The same field name is serialized multiple times in the class or its parent class. This is not supported: Base(MonoBehaviour) blueSoulPattern
The same field name is serialized multiple times in the class or its parent class. This is not supported: Base(MonoBehaviour) phase
 -> (artifact id: '6d9ce9b7b95726dd419e1235606fb471') in 0.0532365 seconds
Number of updated asset objects reloaded before import = 0Number of asset objects unloaded after import = 46

========================================================================
Received Import Request.
  Time since last request: 1.548581 seconds.
  path: Assets/Juego/Prefap/Spawner/AutomatasSpawner.prefab
  artifactKey: Guid(f4d946b6dcdc3474a98f4050787a50c4) Importer(815301076,1909f56bfc062723c751e8b465ee728b)
Start importing Assets/Juego/Prefap/Spawner/AutomatasSpawner.prefab using Guid(f4d946b6dcdc3474a98f4050787a50c4) Importer(815301076,1909f56bfc062723c751e8b465ee728b) (PreviewImporter) -> (artifact id: 'ed36fb57257436ba10206f629cd16fe6') in 0.0144971 seconds
Number of updated asset objects reloaded before import = 0Number of asset objects unloaded after import = 46

========================================================================
Received Import Request.
  Time since last request: 0.396717 seconds.
  path: Assets/Juego/Prefap/Spawner/AutomatasSpawner.prefab
  artifactKey: Guid(f4d946b6dcdc3474a98f4050787a50c4) Importer(815301076,1909f56bfc062723c751e8b465ee728b)
Start importing Assets/Juego/Prefap/Spawner/AutomatasSpawner.prefab using Guid(f4d946b6dcdc3474a98f4050787a50c4) Importer(815301076,1909f56bfc062723c751e8b465ee728b) (PreviewImporter) -> (artifact id: '9a15002fb5644113c0772ad69c903c2d') in 0.0166065 seconds
Number of updated asset objects reloaded before import = 0Number of asset objects unloaded after import = 46

========================================================================
Received Prepare
Refreshing native plugins compatible for Editor in 3.27 ms, found 4 plugins.
Preloading 0 native plugins for Editor in 0.00 ms.
Unloading 0 Unused Serialized files (Serialized files now loaded: 0)
Unloading 5057 unused Assets / (0.9 MB). Loaded Objects now: 5740.
Memory consumption went from 106.9 MB to 106.0 MB.
Total: 9.258200 ms (FindLiveObjects: 0.760500 ms CreateObjectMapping: 0.374300 ms MarkObjects: 7.065100 ms  DeleteObjects: 1.056800 ms)

Prepare: number of updated asset objects reloaded= 0
========================================================================
Received Prepare
Refreshing native plugins compatible for Editor in 1.64 ms, found 4 plugins.
Preloading 0 native plugins for Editor in 0.00 ms.
Unloading 0 Unused Serialized files (Serialized files now loaded: 0)
Unloading 5057 unused Assets / (1.2 MB). Loaded Objects now: 5740.
Memory consumption went from 106.9 MB to 105.7 MB.
Total: 11.857900 ms (FindLiveObjects: 1.427200 ms CreateObjectMapping: 0.922100 ms MarkObjects: 8.178800 ms  DeleteObjects: 1.328200 ms)

Prepare: number of updated asset objects reloaded= 0
========================================================================
Received Prepare
Begin MonoManager ReloadAssembly
[Licensing::Client] Successfully resolved entitlement details
- Loaded All Assemblies, in  0.692 seconds
Refreshing native plugins compatible for Editor in 1.62 ms, found 4 plugins.
Native extension for WindowsStandalone target not found
[Package Manager] Failed to launch server process. Reason: Unity was launched with the -noUpm command-line argument
[Package Manager] Unable to send message (not connected to server process).
[Package Manager] Cannot connect to Unity Package Manager local server
ScheduleIndexationOnStartup MainProcess:False IndexOnStartup:True
Mono: successfully reloaded assembly
- Finished resetting the current domain, in  0.777 seconds
Domain Reload Profiling: 1469ms
	BeginReloadAssembly (226ms)
		ExecutionOrderSort (0ms)
		DisableScriptedObjects (17ms)
		BackupInstance (0ms)
		ReleaseScriptingObjects (0ms)
		CreateAndSetChildDomain (56ms)
	RebuildCommonClasses (40ms)
	RebuildNativeTypeToScriptingClass (11ms)
	initialDomainReloadingComplete (26ms)
	LoadAllAssembliesAndSetupDomain (388ms)
		LoadAssemblies (317ms)
		RebuildTransferFunctionScriptingTraits (0ms)
		AnalyzeDomain (171ms)
			TypeCache.Refresh (9ms)
				TypeCache.ScanAssembly (1ms)
			BuildScriptInfoCaches (154ms)
			ResolveRequiredComponents (4ms)
	FinalizeReload (778ms)
		ReleaseScriptCaches (0ms)
		RebuildScriptCaches (0ms)
		SetupLoadedEditorAssemblies (632ms)
			LogAssemblyErrors (0ms)
			InitializePlatformSupportModulesInManaged (3ms)
			SetLoadedEditorAssemblies (6ms)
			BeforeProcessingInitializeOnLoad (173ms)
			ProcessInitializeOnLoadAttributes (379ms)
			ProcessInitializeOnLoadMethodAttributes (66ms)
			AfterProcessingInitializeOnLoad (5ms)
			EditorAssembliesLoaded (0ms)
		ExecutionOrderSort2 (0ms)
		AwakeInstancesAfterBackupRestoration (7ms)
Refreshing native plugins compatible for Editor in 1.48 ms, found 4 plugins.
Preloading 0 native plugins for Editor in 0.00 ms.
Unloading 0 Unused Serialized files (Serialized files now loaded: 0)
Unloading 5067 unused Assets / (1.9 MB). Loaded Objects now: 5743.
Memory consumption went from 106.5 MB to 104.6 MB.
Total: 11.092000 ms (FindLiveObjects: 0.603000 ms CreateObjectMapping: 0.340900 ms MarkObjects: 8.138800 ms  DeleteObjects: 2.007700 ms)

Prepare: number of updated asset objects reloaded= 0
========================================================================
Received Import Request.
  Time since last request: 75.241051 seconds.
  path: Assets/Juego/Prefap/Spawner/AutomatasSpawner.prefab
  artifactKey: Guid(f4d946b6dcdc3474a98f4050787a50c4) Importer(815301076,1909f56bfc062723c751e8b465ee728b)
Start importing Assets/Juego/Prefap/Spawner/AutomatasSpawner.prefab using Guid(f4d946b6dcdc3474a98f4050787a50c4) Importer(815301076,1909f56bfc062723c751e8b465ee728b) (PreviewImporter)The same field name is serialized multiple times in the class or its parent class. This is not supported: Base(MonoBehaviour) canSpawn
The same field name is serialized multiple times in the class or its parent class. This is not supported: Base(MonoBehaviour) blueSoulPattern
The same field name is serialized multiple times in the class or its parent class. This is not supported: Base(MonoBehaviour) phase
 -> (artifact id: 'b3af340f5b1906809bb2c3617cf38b4a') in 0.0681004 seconds
Number of updated asset objects reloaded before import = 0Number of asset objects unloaded after import = 46

========================================================================
Received Prepare
Refreshing native plugins compatible for Editor in 1.76 ms, found 4 plugins.
Preloading 0 native plugins for Editor in 0.00 ms.
Unloading 0 Unused Serialized files (Serialized files now loaded: 0)
Unloading 5057 unused Assets / (1.3 MB). Loaded Objects now: 5743.
Memory consumption went from 106.9 MB to 105.6 MB.
Total: 11.017500 ms (FindLiveObjects: 0.679300 ms CreateObjectMapping: 0.332100 ms MarkObjects: 7.003400 ms  DeleteObjects: 3.000500 ms)

Prepare: number of updated asset objects reloaded= 0
========================================================================
Received Prepare
Begin MonoManager ReloadAssembly
- Loaded All Assemblies, in  0.774 seconds
Refreshing native plugins compatible for Editor in 1.34 ms, found 4 plugins.
Native extension for WindowsStandalone target not found
[Package Manager] Failed to launch server process. Reason: Unity was launched with the -noUpm command-line argument
[Package Manager] Unable to send message (not connected to server process).
[Package Manager] Cannot connect to Unity Package Manager local server
ScheduleIndexationOnStartup MainProcess:False IndexOnStartup:True
Mono: successfully reloaded assembly
- Finished resetting the current domain, in  0.681 seconds
Domain Reload Profiling: 1453ms
	BeginReloadAssembly (231ms)
		ExecutionOrderSort (0ms)
		DisableScriptedObjects (14ms)
		BackupInstance (0ms)
		ReleaseScriptingObjects (0ms)
		CreateAndSetChildDomain (61ms)
	RebuildCommonClasses (45ms)
	RebuildNativeTypeToScriptingClass (17ms)
	initialDomainReloadingComplete (34ms)
	LoadAllAssembliesAndSetupDomain (444ms)
		LoadAssemblies (387ms)
		RebuildTransferFunctionScriptingTraits (0ms)
		AnalyzeDomain (163ms)
			TypeCache.Refresh (7ms)
				TypeCache.ScanAssembly (1ms)
			BuildScriptInfoCaches (146ms)
			ResolveRequiredComponents (6ms)
	FinalizeReload (682ms)
		ReleaseScriptCaches (0ms)
		RebuildScriptCaches (0ms)
		SetupLoadedEditorAssemblies (548ms)
			LogAssemblyErrors (0ms)
			InitializePlatformSupportModulesInManaged (2ms)
			SetLoadedEditorAssemblies (6ms)
			BeforeProcessingInitializeOnLoad (163ms)
			ProcessInitializeOnLoadAttributes (318ms)
			ProcessInitializeOnLoadMethodAttributes (53ms)
			AfterProcessingInitializeOnLoad (5ms)
			EditorAssembliesLoaded (0ms)
		ExecutionOrderSort2 (0ms)
		AwakeInstancesAfterBackupRestoration (8ms)
Refreshing native plugins compatible for Editor in 1.39 ms, found 4 plugins.
Preloading 0 native plugins for Editor in 0.00 ms.
Unloading 0 Unused Serialized files (Serialized files now loaded: 0)
Unloading 5067 unused Assets / (1.4 MB). Loaded Objects now: 5746.
Memory consumption went from 106.5 MB to 105.1 MB.
Total: 7.347500 ms (FindLiveObjects: 0.650300 ms CreateObjectMapping: 0.278200 ms MarkObjects: 5.039600 ms  DeleteObjects: 1.378400 ms)

Prepare: number of updated asset objects reloaded= 0
========================================================================
Received Prepare
Refreshing native plugins compatible for Editor in 2.09 ms, found 4 plugins.
Preloading 0 native plugins for Editor in 0.00 ms.
Unloading 0 Unused Serialized files (Serialized files now loaded: 0)
Unloading 5057 unused Assets / (1.2 MB). Loaded Objects now: 5746.
Memory consumption went from 106.7 MB to 105.5 MB.
Total: 10.442300 ms (FindLiveObjects: 0.698800 ms CreateObjectMapping: 0.433500 ms MarkObjects: 7.842100 ms  DeleteObjects: 1.466500 ms)

Prepare: number of updated asset objects reloaded= 0
========================================================================
Received Prepare
Begin MonoManager ReloadAssembly
- Loaded All Assemblies, in  0.695 seconds
Refreshing native plugins compatible for Editor in 1.67 ms, found 4 plugins.
Native extension for WindowsStandalone target not found
[Package Manager] Failed to launch server process. Reason: Unity was launched with the -noUpm command-line argument
[Package Manager] Unable to send message (not connected to server process).
[Package Manager] Cannot connect to Unity Package Manager local server
ScheduleIndexationOnStartup MainProcess:False IndexOnStartup:True
Mono: successfully reloaded assembly
- Finished resetting the current domain, in  0.772 seconds
Domain Reload Profiling: 1467ms
	BeginReloadAssembly (200ms)
		ExecutionOrderSort (0ms)
		DisableScriptedObjects (13ms)
		BackupInstance (0ms)
		ReleaseScriptingObjects (0ms)
		CreateAndSetChildDomain (46ms)
	RebuildCommonClasses (46ms)
	RebuildNativeTypeToScriptingClass (15ms)
	initialDomainReloadingComplete (25ms)
	LoadAllAssembliesAndSetupDomain (410ms)
		LoadAssemblies (317ms)
		RebuildTransferFunctionScriptingTraits (0ms)
		AnalyzeDomain (182ms)
			TypeCache.Refresh (9ms)
				TypeCache.ScanAssembly (1ms)
			BuildScriptInfoCaches (162ms)
			ResolveRequiredComponents (6ms)
	FinalizeReload (772ms)
		ReleaseScriptCaches (0ms)
		RebuildScriptCaches (0ms)
		SetupLoadedEditorAssemblies (629ms)
			LogAssemblyErrors (0ms)
			InitializePlatformSupportModulesInManaged (2ms)
			SetLoadedEditorAssemblies (6ms)
			BeforeProcessingInitializeOnLoad (220ms)
			ProcessInitializeOnLoadAttributes (340ms)
			ProcessInitializeOnLoadMethodAttributes (56ms)
			AfterProcessingInitializeOnLoad (4ms)
			EditorAssembliesLoaded (0ms)
		ExecutionOrderSort2 (0ms)
		AwakeInstancesAfterBackupRestoration (7ms)
Refreshing native plugins compatible for Editor in 1.05 ms, found 4 plugins.
Preloading 0 native plugins for Editor in 0.00 ms.
Unloading 0 Unused Serialized files (Serialized files now loaded: 0)
Unloading 5067 unused Assets / (1.4 MB). Loaded Objects now: 5749.
Memory consumption went from 106.5 MB to 105.1 MB.
Total: 7.771900 ms (FindLiveObjects: 0.583600 ms CreateObjectMapping: 0.357300 ms MarkObjects: 5.642400 ms  DeleteObjects: 1.187300 ms)

Prepare: number of updated asset objects reloaded= 0
========================================================================
Received Prepare
Refreshing native plugins compatible for Editor in 2.21 ms, found 4 plugins.
Preloading 0 native plugins for Editor in 0.00 ms.
Unloading 0 Unused Serialized files (Serialized files now loaded: 0)
Unloading 5057 unused Assets / (1.2 MB). Loaded Objects now: 5749.
Memory consumption went from 106.7 MB to 105.5 MB.
Total: 9.624500 ms (FindLiveObjects: 0.759900 ms CreateObjectMapping: 0.726500 ms MarkObjects: 6.749600 ms  DeleteObjects: 1.386400 ms)

Prepare: number of updated asset objects reloaded= 0
========================================================================
Received Prepare
Begin MonoManager ReloadAssembly
[Licensing::Client] Successfully resolved entitlement details
- Loaded All Assemblies, in  0.732 seconds
Refreshing native plugins compatible for Editor in 1.78 ms, found 4 plugins.
Native extension for WindowsStandalone target not found
[Package Manager] Failed to launch server process. Reason: Unity was launched with the -noUpm command-line argument
[Package Manager] Unable to send message (not connected to server process).
[Package Manager] Cannot connect to Unity Package Manager local server
ScheduleIndexationOnStartup MainProcess:False IndexOnStartup:True
Mono: successfully reloaded assembly
- Finished resetting the current domain, in  0.661 seconds
Domain Reload Profiling: 1393ms
	BeginReloadAssembly (220ms)
		ExecutionOrderSort (0ms)
		DisableScriptedObjects (12ms)
		BackupInstance (0ms)
		ReleaseScriptingObjects (0ms)
		CreateAndSetChildDomain (55ms)
	RebuildCommonClasses (47ms)
	RebuildNativeTypeToScriptingClass (21ms)
	initialDomainReloadingComplete (31ms)
	LoadAllAssembliesAndSetupDomain (413ms)
		LoadAssemblies (345ms)
		RebuildTransferFunctionScriptingTraits (0ms)
		AnalyzeDomain (169ms)
			TypeCache.Refresh (8ms)
				TypeCache.ScanAssembly (1ms)
			BuildScriptInfoCaches (153ms)
			ResolveRequiredComponents (5ms)
	FinalizeReload (661ms)
		ReleaseScriptCaches (0ms)
		RebuildScriptCaches (0ms)
		SetupLoadedEditorAssemblies (525ms)
			LogAssemblyErrors (0ms)
			InitializePlatformSupportModulesInManaged (2ms)
			SetLoadedEditorAssemblies (6ms)
			BeforeProcessingInitializeOnLoad (157ms)
			ProcessInitializeOnLoadAttributes (309ms)
			ProcessInitializeOnLoadMethodAttributes (47ms)
			AfterProcessingInitializeOnLoad (3ms)
			EditorAssembliesLoaded (0ms)
		ExecutionOrderSort2 (0ms)
		AwakeInstancesAfterBackupRestoration (5ms)
Refreshing native plugins compatible for Editor in 2.03 ms, found 4 plugins.
Preloading 0 native plugins for Editor in 0.00 ms.
Unloading 0 Unused Serialized files (Serialized files now loaded: 0)
Unloading 5067 unused Assets / (1.2 MB). Loaded Objects now: 5752.
Memory consumption went from 106.5 MB to 105.4 MB.
Total: 8.527700 ms (FindLiveObjects: 1.047000 ms CreateObjectMapping: 0.383400 ms MarkObjects: 5.746400 ms  DeleteObjects: 1.349800 ms)

Prepare: number of updated asset objects reloaded= 0
========================================================================
Received Import Request.
  Time since last request: 329.098653 seconds.
  path: Assets/Juego/Prefap/TestBattleSelector.prefab
  artifactKey: Guid(8f8af4c558f51414a8f6c53c1fca7a99) Importer(815301076,1909f56bfc062723c751e8b465ee728b)
Start importing Assets/Juego/Prefap/TestBattleSelector.prefab using Guid(8f8af4c558f51414a8f6c53c1fca7a99) Importer(815301076,1909f56bfc062723c751e8b465ee728b) (PreviewImporter)The same field name is serialized multiple times in the class or its parent class. This is not supported: Base(MonoBehaviour) phase
The same field name is serialized multiple times in the class or its parent class. This is not supported: Base(MonoBehaviour) canSpawn
The same field name is serialized multiple times in the class or its parent class. This is not supported: Base(MonoBehaviour) blueSoulPattern
The same field name is serialized multiple times in the class or its parent class. This is not supported: Base(MonoBehaviour) canSpawn
The same field name is serialized multiple times in the class or its parent class. This is not supported: Base(MonoBehaviour) blueSoulPattern
The same field name is serialized multiple times in the class or its parent class. This is not supported: Base(MonoBehaviour) phase
 -> (artifact id: '392ed575cb43596360fc8fc722565a98') in 0.1450251 seconds
Number of updated asset objects reloaded before import = 0Number of asset objects unloaded after import = 64

========================================================================
Received Import Request.
  Time since last request: 5.906534 seconds.
  path: Assets/Juego/Prefap/pngtree-red-heart-icon-isolated-png-image_1726594-removebg-preview.png
  artifactKey: Guid(01d4efd4506b8e34fa42d9b709f48baf) Importer(815301076,1909f56bfc062723c751e8b465ee728b)
Start importing Assets/Juego/Prefap/pngtree-red-heart-icon-isolated-png-image_1726594-removebg-preview.png using Guid(01d4efd4506b8e34fa42d9b709f48baf) Importer(815301076,1909f56bfc062723c751e8b465ee728b) (PreviewImporter) -> (artifact id: '31d945a2078f00df2ee5ed5fa4eff5a9') in 0.0560856 seconds
Number of updated asset objects reloaded before import = 0Number of asset objects unloaded after import = 3

========================================================================
Received Import Request.
  Time since last request: 164.184195 seconds.
  path: Assets/Juego/Prefap/Core/PlayerBattle/Player.prefab
  artifactKey: Guid(a11dd2fee46d5c34bbbc3717db09ead3) Importer(815301076,1909f56bfc062723c751e8b465ee728b)
Start importing Assets/Juego/Prefap/Core/PlayerBattle/Player.prefab using Guid(a11dd2fee46d5c34bbbc3717db09ead3) Importer(815301076,1909f56bfc062723c751e8b465ee728b) (PreviewImporter) -> (artifact id: '6c08461283a91a9ff15c3ac1c1a16fec') in 0.0267318 seconds
Number of updated asset objects reloaded before import = 0Number of asset objects unloaded after import = 11

========================================================================
Received Import Request.
  Time since last request: 4.368777 seconds.
  path: Assets/Juego/Prefap/Core/PlayerBattle/Player.prefab
  artifactKey: Guid(a11dd2fee46d5c34bbbc3717db09ead3) Importer(815301076,1909f56bfc062723c751e8b465ee728b)
Start importing Assets/Juego/Prefap/Core/PlayerBattle/Player.prefab using Guid(a11dd2fee46d5c34bbbc3717db09ead3) Importer(815301076,1909f56bfc062723c751e8b465ee728b) (PreviewImporter) -> (artifact id: 'd14aad414ce116f2c3cef7376a172584') in 0.0156832 seconds
Number of updated asset objects reloaded before import = 0Number of asset objects unloaded after import = 11

========================================================================
Received Import Request.
  Time since last request: 2.905075 seconds.
  path: Assets/Juego/Prefap/Core/PlayerBattle/Player.prefab
  artifactKey: Guid(a11dd2fee46d5c34bbbc3717db09ead3) Importer(815301076,1909f56bfc062723c751e8b465ee728b)
Start importing Assets/Juego/Prefap/Core/PlayerBattle/Player.prefab using Guid(a11dd2fee46d5c34bbbc3717db09ead3) Importer(815301076,1909f56bfc062723c751e8b465ee728b) (PreviewImporter) -> (artifact id: '2ec4eb0a4d93e03b49edf59f3f5db55f') in 0.0152745 seconds
Number of updated asset objects reloaded before import = 0Number of asset objects unloaded after import = 11

========================================================================
Received Import Request.
  Time since last request: 4.705882 seconds.
  path: Assets/Juego/Prefap/Core/PlayerBattle/Player.prefab
  artifactKey: Guid(a11dd2fee46d5c34bbbc3717db09ead3) Importer(815301076,1909f56bfc062723c751e8b465ee728b)
Start importing Assets/Juego/Prefap/Core/PlayerBattle/Player.prefab using Guid(a11dd2fee46d5c34bbbc3717db09ead3) Importer(815301076,1909f56bfc062723c751e8b465ee728b) (PreviewImporter) -> (artifact id: '65be72a4ad1a3bb19653a3c57244413e') in 0.0065691 seconds
Number of updated asset objects reloaded before import = 0Number of asset objects unloaded after import = 10

========================================================================
Received Import Request.
  Time since last request: 4.311510 seconds.
  path: Assets/Juego/Prefap/Core/PlayerBattle/Player.prefab
  artifactKey: Guid(a11dd2fee46d5c34bbbc3717db09ead3) Importer(815301076,1909f56bfc062723c751e8b465ee728b)
Start importing Assets/Juego/Prefap/Core/PlayerBattle/Player.prefab using Guid(a11dd2fee46d5c34bbbc3717db09ead3) Importer(815301076,1909f56bfc062723c751e8b465ee728b) (PreviewImporter) -> (artifact id: 'da0019d82cfbba15adf7f6c6eb667f56') in 0.0072854 seconds
Number of updated asset objects reloaded before import = 0Number of asset objects unloaded after import = 11

========================================================================
Received Prepare
Begin MonoManager ReloadAssembly
[Licensing::Client] Successfully resolved entitlement details
- Loaded All Assemblies, in  0.644 seconds
Refreshing native plugins compatible for Editor in 1.36 ms, found 4 plugins.
Native extension for WindowsStandalone target not found
[Package Manager] Failed to launch server process. Reason: Unity was launched with the -noUpm command-line argument
[Package Manager] Unable to send message (not connected to server process).
[Package Manager] Cannot connect to Unity Package Manager local server
ScheduleIndexationOnStartup MainProcess:False IndexOnStartup:True
Mono: successfully reloaded assembly
- Finished resetting the current domain, in  0.690 seconds
Domain Reload Profiling: 1334ms
	BeginReloadAssembly (200ms)
		ExecutionOrderSort (0ms)
		DisableScriptedObjects (12ms)
		BackupInstance (0ms)
		ReleaseScriptingObjects (0ms)
		CreateAndSetChildDomain (49ms)
	RebuildCommonClasses (43ms)
	RebuildNativeTypeToScriptingClass (16ms)
	initialDomainReloadingComplete (28ms)
	LoadAllAssembliesAndSetupDomain (357ms)
		LoadAssemblies (305ms)
		RebuildTransferFunctionScriptingTraits (0ms)
		AnalyzeDomain (144ms)
			TypeCache.Refresh (6ms)
				TypeCache.ScanAssembly (0ms)
			BuildScriptInfoCaches (130ms)
			ResolveRequiredComponents (4ms)
	FinalizeReload (691ms)
		ReleaseScriptCaches (0ms)
		RebuildScriptCaches (0ms)
		SetupLoadedEditorAssemblies (567ms)
			LogAssemblyErrors (0ms)
			InitializePlatformSupportModulesInManaged (1ms)
			SetLoadedEditorAssemblies (5ms)
			BeforeProcessingInitializeOnLoad (157ms)
			ProcessInitializeOnLoadAttributes (339ms)
			ProcessInitializeOnLoadMethodAttributes (59ms)
			AfterProcessingInitializeOnLoad (5ms)
			EditorAssembliesLoaded (0ms)
		ExecutionOrderSort2 (0ms)
		AwakeInstancesAfterBackupRestoration (8ms)
Refreshing native plugins compatible for Editor in 1.50 ms, found 4 plugins.
Preloading 0 native plugins for Editor in 0.00 ms.
Unloading 0 Unused Serialized files (Serialized files now loaded: 0)
Unloading 5067 unused Assets / (1.3 MB). Loaded Objects now: 5759.
Memory consumption went from 106.7 MB to 105.4 MB.
Total: 8.358000 ms (FindLiveObjects: 0.716000 ms CreateObjectMapping: 0.317000 ms MarkObjects: 5.883200 ms  DeleteObjects: 1.440000 ms)

Prepare: number of updated asset objects reloaded= 0
========================================================================
Received Import Request.
  Time since last request: 160.833414 seconds.
  path: Assets/Juego/Scripts/Player/PlayerMovement.cs
  artifactKey: Guid(9501b9cb31447ba40b660c47bce0bd81) Importer(815301076,1909f56bfc062723c751e8b465ee728b)
Start importing Assets/Juego/Scripts/Player/PlayerMovement.cs using Guid(9501b9cb31447ba40b660c47bce0bd81) Importer(815301076,1909f56bfc062723c751e8b465ee728b) (PreviewImporter) -> (artifact id: '304b78ad04d0a3b6a11144410573b410') in 0.0041823 seconds
Number of updated asset objects reloaded before import = 0Number of asset objects unloaded after import = 0

========================================================================
Received Prepare
Refreshing native plugins compatible for Editor in 1.94 ms, found 4 plugins.
Preloading 0 native plugins for Editor in 0.00 ms.
Unloading 0 Unused Serialized files (Serialized files now loaded: 0)
Unloading 5057 unused Assets / (1.4 MB). Loaded Objects now: 5759.
Memory consumption went from 106.9 MB to 105.5 MB.
Total: 10.143700 ms (FindLiveObjects: 0.705300 ms CreateObjectMapping: 0.647400 ms MarkObjects: 6.856900 ms  DeleteObjects: 1.932400 ms)

Prepare: number of updated asset objects reloaded= 0
========================================================================
Received Prepare
Begin MonoManager ReloadAssembly
[Licensing::Client] Successfully resolved entitlement details
- Loaded All Assemblies, in  0.661 seconds
Refreshing native plugins compatible for Editor in 1.44 ms, found 4 plugins.
Native extension for WindowsStandalone target not found
[Package Manager] Failed to launch server process. Reason: Unity was launched with the -noUpm command-line argument
[Package Manager] Unable to send message (not connected to server process).
[Package Manager] Cannot connect to Unity Package Manager local server
ScheduleIndexationOnStartup MainProcess:False IndexOnStartup:True
Mono: successfully reloaded assembly
- Finished resetting the current domain, in  0.693 seconds
Domain Reload Profiling: 1356ms
	BeginReloadAssembly (184ms)
		ExecutionOrderSort (0ms)
		DisableScriptedObjects (12ms)
		BackupInstance (0ms)
		ReleaseScriptingObjects (0ms)
		CreateAndSetChildDomain (49ms)
	RebuildCommonClasses (38ms)
	RebuildNativeTypeToScriptingClass (15ms)
	initialDomainReloadingComplete (26ms)
	LoadAllAssembliesAndSetupDomain (399ms)
		LoadAssemblies (292ms)
		RebuildTransferFunctionScriptingTraits (0ms)
		AnalyzeDomain (181ms)
			TypeCache.Refresh (10ms)
				TypeCache.ScanAssembly (1ms)
			BuildScriptInfoCaches (162ms)
			ResolveRequiredComponents (6ms)
	FinalizeReload (694ms)
		ReleaseScriptCaches (0ms)
		RebuildScriptCaches (0ms)
		SetupLoadedEditorAssemblies (550ms)
			LogAssemblyErrors (0ms)
			InitializePlatformSupportModulesInManaged (2ms)
			SetLoadedEditorAssemblies (7ms)
			BeforeProcessingInitializeOnLoad (172ms)
			ProcessInitializeOnLoadAttributes (314ms)
			ProcessInitializeOnLoadMethodAttributes (52ms)
			AfterProcessingInitializeOnLoad (3ms)
			EditorAssembliesLoaded (0ms)
		ExecutionOrderSort2 (0ms)
		AwakeInstancesAfterBackupRestoration (7ms)
Refreshing native plugins compatible for Editor in 1.18 ms, found 4 plugins.
Preloading 0 native plugins for Editor in 0.00 ms.
Unloading 0 Unused Serialized files (Serialized files now loaded: 0)
Unloading 5067 unused Assets / (1.4 MB). Loaded Objects now: 5762.
Memory consumption went from 106.7 MB to 105.3 MB.
Total: 7.764700 ms (FindLiveObjects: 0.756100 ms CreateObjectMapping: 0.283500 ms MarkObjects: 5.406200 ms  DeleteObjects: 1.317600 ms)

Prepare: number of updated asset objects reloaded= 0
========================================================================
Received Import Request.
  Time since last request: 187.589498 seconds.
  path: Assets/Juego/Prefap/Core/PlayerBattle/Player.prefab
  artifactKey: Guid(a11dd2fee46d5c34bbbc3717db09ead3) Importer(815301076,1909f56bfc062723c751e8b465ee728b)
Start importing Assets/Juego/Prefap/Core/PlayerBattle/Player.prefab using Guid(a11dd2fee46d5c34bbbc3717db09ead3) Importer(815301076,1909f56bfc062723c751e8b465ee728b) (PreviewImporter) -> (artifact id: 'b33ffb78b47f42c59fbb07ac04f14049') in 0.062398 seconds
Number of updated asset objects reloaded before import = 0Number of asset objects unloaded after import = 11

========================================================================
Received Prepare
Begin MonoManager ReloadAssembly
- Loaded All Assemblies, in  0.631 seconds
Refreshing native plugins compatible for Editor in 1.62 ms, found 4 plugins.
Native extension for WindowsStandalone target not found
[Package Manager] Failed to launch server process. Reason: Unity was launched with the -noUpm command-line argument
[Package Manager] Unable to send message (not connected to server process).
[Package Manager] Cannot connect to Unity Package Manager local server
ScheduleIndexationOnStartup MainProcess:False IndexOnStartup:True
Mono: successfully reloaded assembly
- Finished resetting the current domain, in  0.676 seconds
Domain Reload Profiling: 1307ms
	BeginReloadAssembly (189ms)
		ExecutionOrderSort (0ms)
		DisableScriptedObjects (12ms)
		BackupInstance (0ms)
		ReleaseScriptingObjects (0ms)
		CreateAndSetChildDomain (48ms)
	RebuildCommonClasses (36ms)
	RebuildNativeTypeToScriptingClass (16ms)
	initialDomainReloadingComplete (22ms)
	LoadAllAssembliesAndSetupDomain (368ms)
		LoadAssemblies (312ms)
		RebuildTransferFunctionScriptingTraits (0ms)
		AnalyzeDomain (144ms)
			TypeCache.Refresh (6ms)
				TypeCache.ScanAssembly (0ms)
			BuildScriptInfoCaches (131ms)
			ResolveRequiredComponents (4ms)
	FinalizeReload (676ms)
		ReleaseScriptCaches (0ms)
		RebuildScriptCaches (0ms)
		SetupLoadedEditorAssemblies (556ms)
			LogAssemblyErrors (0ms)
			InitializePlatformSupportModulesInManaged (2ms)
			SetLoadedEditorAssemblies (6ms)
			BeforeProcessingInitializeOnLoad (163ms)
			ProcessInitializeOnLoadAttributes (327ms)
			ProcessInitializeOnLoadMethodAttributes (54ms)
			AfterProcessingInitializeOnLoad (4ms)
			EditorAssembliesLoaded (0ms)
		ExecutionOrderSort2 (0ms)
		AwakeInstancesAfterBackupRestoration (7ms)
Refreshing native plugins compatible for Editor in 1.73 ms, found 4 plugins.
Preloading 0 native plugins for Editor in 0.00 ms.
Unloading 0 Unused Serialized files (Serialized files now loaded: 0)
Unloading 5067 unused Assets / (1.7 MB). Loaded Objects now: 5765.
Memory consumption went from 106.7 MB to 105.0 MB.
Total: 9.753800 ms (FindLiveObjects: 0.703200 ms CreateObjectMapping: 0.412800 ms MarkObjects: 6.734800 ms  DeleteObjects: 1.901600 ms)

Prepare: number of updated asset objects reloaded= 0
========================================================================
Received Import Request.
  Time since last request: 110.924651 seconds.
  path: Assets/Juego/Prefap/Core/PlayerBattle/Player.prefab
  artifactKey: Guid(a11dd2fee46d5c34bbbc3717db09ead3) Importer(815301076,1909f56bfc062723c751e8b465ee728b)
Start importing Assets/Juego/Prefap/Core/PlayerBattle/Player.prefab using Guid(a11dd2fee46d5c34bbbc3717db09ead3) Importer(815301076,1909f56bfc062723c751e8b465ee728b) (PreviewImporter) -> (artifact id: '63943502a0aebfcd13ae1934491dca44') in 0.0683204 seconds
Number of updated asset objects reloaded before import = 0Number of asset objects unloaded after import = 11

========================================================================
Received Import Request.
  Time since last request: 52.416984 seconds.
  path: Assets/Juego/Prefap/Core/PlayerBattle/imagen_2026-05-18_161344207-removebg-preview.png
  artifactKey: Guid(e7d5f9c810a5de24fa2749031d8a18a6) Importer(815301076,1909f56bfc062723c751e8b465ee728b)
Start importing Assets/Juego/Prefap/Core/PlayerBattle/imagen_2026-05-18_161344207-removebg-preview.png using Guid(e7d5f9c810a5de24fa2749031d8a18a6) Importer(815301076,1909f56bfc062723c751e8b465ee728b) (PreviewImporter) -> (artifact id: 'fd5355e11ee71310d36f288e6281b179') in 0.0360048 seconds
Number of updated asset objects reloaded before import = 0Number of asset objects unloaded after import = 3

========================================================================
Received Import Request.
  Time since last request: 3.699532 seconds.
  path: Assets/Juego/Prefap/Core/PlayerBattle/Player.prefab
  artifactKey: Guid(a11dd2fee46d5c34bbbc3717db09ead3) Importer(815301076,1909f56bfc062723c751e8b465ee728b)
Start importing Assets/Juego/Prefap/Core/PlayerBattle/Player.prefab using Guid(a11dd2fee46d5c34bbbc3717db09ead3) Importer(815301076,1909f56bfc062723c751e8b465ee728b) (PreviewImporter) -> (artifact id: '46077fe74c906138374a92918fbb71f9') in 0.0200433 seconds
Number of updated asset objects reloaded before import = 0Number of asset objects unloaded after import = 11

========================================================================
Received Prepare
Refreshing native plugins compatible for Editor in 2.26 ms, found 4 plugins.
Preloading 0 native plugins for Editor in 0.00 ms.
Unloading 0 Unused Serialized files (Serialized files now loaded: 0)
Unloading 5057 unused Assets / (1.2 MB). Loaded Objects now: 5768.
Memory consumption went from 107.0 MB to 105.8 MB.
Total: 11.203200 ms (FindLiveObjects: 0.854800 ms CreateObjectMapping: 0.637200 ms MarkObjects: 8.182700 ms  DeleteObjects: 1.527100 ms)

Prepare: number of updated asset objects reloaded= 0
========================================================================
Received Import Request.
  Time since last request: 75.024849 seconds.
  path: Assets/Juego/Prefap/Core/PlayerBattle/Player.prefab
  artifactKey: Guid(a11dd2fee46d5c34bbbc3717db09ead3) Importer(815301076,1909f56bfc062723c751e8b465ee728b)
Start importing Assets/Juego/Prefap/Core/PlayerBattle/Player.prefab using Guid(a11dd2fee46d5c34bbbc3717db09ead3) Importer(815301076,1909f56bfc062723c751e8b465ee728b) (PreviewImporter) -> (artifact id: 'bd3bb4ca0587020a604920a607b4d122') in 0.0101334 seconds
Number of updated asset objects reloaded before import = 0Number of asset objects unloaded after import = 11

========================================================================
Received Prepare
Begin MonoManager ReloadAssembly
[Licensing::Client] Successfully resolved entitlement details
- Loaded All Assemblies, in  0.712 seconds
Refreshing native plugins compatible for Editor in 1.49 ms, found 4 plugins.
Native extension for WindowsStandalone target not found
[Package Manager] Failed to launch server process. Reason: Unity was launched with the -noUpm command-line argument
[Package Manager] Unable to send message (not connected to server process).
[Package Manager] Cannot connect to Unity Package Manager local server
ScheduleIndexationOnStartup MainProcess:False IndexOnStartup:True
Mono: successfully reloaded assembly
- Finished resetting the current domain, in  0.623 seconds
Domain Reload Profiling: 1332ms
	BeginReloadAssembly (225ms)
		ExecutionOrderSort (0ms)
		DisableScriptedObjects (15ms)
		BackupInstance (0ms)
		ReleaseScriptingObjects (0ms)
		CreateAndSetChildDomain (55ms)
	RebuildCommonClasses (43ms)
	RebuildNativeTypeToScriptingClass (16ms)
	initialDomainReloadingComplete (26ms)
	LoadAllAssembliesAndSetupDomain (399ms)
		LoadAssemblies (324ms)
		RebuildTransferFunctionScriptingTraits (0ms)
		AnalyzeDomain (167ms)
			TypeCache.Refresh (7ms)
				TypeCache.ScanAssembly (1ms)
			BuildScriptInfoCaches (150ms)
			ResolveRequiredComponents (7ms)
	FinalizeReload (624ms)
		ReleaseScriptCaches (0ms)
		RebuildScriptCaches (0ms)
		SetupLoadedEditorAssemblies (498ms)
			LogAssemblyErrors (0ms)
			InitializePlatformSupportModulesInManaged (1ms)
			SetLoadedEditorAssemblies (5ms)
			BeforeProcessingInitializeOnLoad (148ms)
			ProcessInitializeOnLoadAttributes (285ms)
			ProcessInitializeOnLoadMethodAttributes (53ms)
			AfterProcessingInitializeOnLoad (4ms)
			EditorAssembliesLoaded (0ms)
		ExecutionOrderSort2 (0ms)
		AwakeInstancesAfterBackupRestoration (7ms)
Refreshing native plugins compatible for Editor in 1.01 ms, found 4 plugins.
Preloading 0 native plugins for Editor in 0.00 ms.
Unloading 0 Unused Serialized files (Serialized files now loaded: 0)
Unloading 5067 unused Assets / (1.1 MB). Loaded Objects now: 5770.
Memory consumption went from 106.7 MB to 105.6 MB.
Total: 7.497100 ms (FindLiveObjects: 0.580500 ms CreateObjectMapping: 0.271500 ms MarkObjects: 5.476200 ms  DeleteObjects: 1.167800 ms)

Prepare: number of updated asset objects reloaded= 0
========================================================================
Received Prepare
Begin MonoManager ReloadAssembly
- Loaded All Assemblies, in  0.663 seconds
Refreshing native plugins compatible for Editor in 1.07 ms, found 4 plugins.
Native extension for WindowsStandalone target not found
[Package Manager] Failed to launch server process. Reason: Unity was launched with the -noUpm command-line argument
[Package Manager] Unable to send message (not connected to server process).
[Package Manager] Cannot connect to Unity Package Manager local server
ScheduleIndexationOnStartup MainProcess:False IndexOnStartup:True
Mono: successfully reloaded assembly
- Finished resetting the current domain, in  0.740 seconds
Domain Reload Profiling: 1403ms
	BeginReloadAssembly (244ms)
		ExecutionOrderSort (0ms)
		DisableScriptedObjects (10ms)
		BackupInstance (0ms)
		ReleaseScriptingObjects (0ms)
		CreateAndSetChildDomain (98ms)
	RebuildCommonClasses (29ms)
	RebuildNativeTypeToScriptingClass (13ms)
	initialDomainReloadingComplete (27ms)
	LoadAllAssembliesAndSetupDomain (351ms)
		LoadAssemblies (292ms)
		RebuildTransferFunctionScriptingTraits (0ms)
		AnalyzeDomain (152ms)
			TypeCache.Refresh (4ms)
				TypeCache.ScanAssembly (0ms)
			BuildScriptInfoCaches (137ms)
			ResolveRequiredComponents (6ms)
	FinalizeReload (740ms)
		ReleaseScriptCaches (0ms)
		RebuildScriptCaches (0ms)
		SetupLoadedEditorAssemblies (617ms)
			LogAssemblyErrors (0ms)
			InitializePlatformSupportModulesInManaged (2ms)
			SetLoadedEditorAssemblies (5ms)
			BeforeProcessingInitializeOnLoad (159ms)
			ProcessInitializeOnLoadAttributes (389ms)
			ProcessInitializeOnLoadMethodAttributes (58ms)
			AfterProcessingInitializeOnLoad (4ms)
			EditorAssembliesLoaded (0ms)
		ExecutionOrderSort2 (0ms)
		AwakeInstancesAfterBackupRestoration (7ms)
Refreshing native plugins compatible for Editor in 1.54 ms, found 4 plugins.
Preloading 0 native plugins for Editor in 0.00 ms.
Unloading 0 Unused Serialized files (Serialized files now loaded: 0)
Unloading 5067 unused Assets / (1.3 MB). Loaded Objects now: 5773.
Memory consumption went from 106.7 MB to 105.4 MB.
Total: 9.945300 ms (FindLiveObjects: 0.712800 ms CreateObjectMapping: 0.516100 ms MarkObjects: 6.801600 ms  DeleteObjects: 1.913300 ms)

Prepare: number of updated asset objects reloaded= 0
========================================================================
Received Import Request.
  Time since last request: 51.161934 seconds.
  path: Assets/Juego/Prefap/Core/PlayerBattle/Player.prefab
  artifactKey: Guid(a11dd2fee46d5c34bbbc3717db09ead3) Importer(815301076,1909f56bfc062723c751e8b465ee728b)
Start importing Assets/Juego/Prefap/Core/PlayerBattle/Player.prefab using Guid(a11dd2fee46d5c34bbbc3717db09ead3) Importer(815301076,1909f56bfc062723c751e8b465ee728b) (PreviewImporter) -> (artifact id: 'd65649d3614e7be11651e418843049e1') in 0.0578924 seconds
Number of updated asset objects reloaded before import = 0Number of asset objects unloaded after import = 11

========================================================================
Received Import Request.
  Time since last request: 1.700963 seconds.
  path: Assets/Juego/Prefap/Core/PlayerBattle/Player.prefab
  artifactKey: Guid(a11dd2fee46d5c34bbbc3717db09ead3) Importer(815301076,1909f56bfc062723c751e8b465ee728b)
Start importing Assets/Juego/Prefap/Core/PlayerBattle/Player.prefab using Guid(a11dd2fee46d5c34bbbc3717db09ead3) Importer(815301076,1909f56bfc062723c751e8b465ee728b) (PreviewImporter) -> (artifact id: '4dde04e509c614f36ee7f71cbbddd416') in 0.0073631 seconds
Number of updated asset objects reloaded before import = 0Number of asset objects unloaded after import = 11

========================================================================
Received Import Request.
  Time since last request: 2.209399 seconds.
  path: Assets/Juego/Prefap/Core/PlayerBattle/Player.prefab
  artifactKey: Guid(a11dd2fee46d5c34bbbc3717db09ead3) Importer(815301076,1909f56bfc062723c751e8b465ee728b)
Start importing Assets/Juego/Prefap/Core/PlayerBattle/Player.prefab using Guid(a11dd2fee46d5c34bbbc3717db09ead3) Importer(815301076,1909f56bfc062723c751e8b465ee728b) (PreviewImporter) -> (artifact id: 'a8079d1f22e5d60bb0d887951c10833a') in 0.0070201 seconds
Number of updated asset objects reloaded before import = 0Number of asset objects unloaded after import = 11

========================================================================
Received Import Request.
  Time since last request: 2.411926 seconds.
  path: Assets/Juego/Prefap/Core/PlayerBattle/Player.prefab
  artifactKey: Guid(a11dd2fee46d5c34bbbc3717db09ead3) Importer(815301076,1909f56bfc062723c751e8b465ee728b)
Start importing Assets/Juego/Prefap/Core/PlayerBattle/Player.prefab using Guid(a11dd2fee46d5c34bbbc3717db09ead3) Importer(815301076,1909f56bfc062723c751e8b465ee728b) (PreviewImporter) -> (artifact id: '6aa4485021e8ed9ccb00091e4d12abd0') in 0.0065626 seconds
Number of updated asset objects reloaded before import = 0Number of asset objects unloaded after import = 11

========================================================================
Received Import Request.
  Time since last request: 1.814048 seconds.
  path: Assets/Juego/Prefap/Core/PlayerBattle/Player.prefab
  artifactKey: Guid(a11dd2fee46d5c34bbbc3717db09ead3) Importer(815301076,1909f56bfc062723c751e8b465ee728b)
Start importing Assets/Juego/Prefap/Core/PlayerBattle/Player.prefab using Guid(a11dd2fee46d5c34bbbc3717db09ead3) Importer(815301076,1909f56bfc062723c751e8b465ee728b) (PreviewImporter) -> (artifact id: '34311ed83508b8a187928d5a187a1ec4') in 0.00673 seconds
Number of updated asset objects reloaded before import = 0Number of asset objects unloaded after import = 11

========================================================================
Received Import Request.
  Time since last request: 4.229527 seconds.
  path: Assets/Juego/Prefap/Core/PlayerBattle/Player.prefab
  artifactKey: Guid(a11dd2fee46d5c34bbbc3717db09ead3) Importer(815301076,1909f56bfc062723c751e8b465ee728b)
Start importing Assets/Juego/Prefap/Core/PlayerBattle/Player.prefab using Guid(a11dd2fee46d5c34bbbc3717db09ead3) Importer(815301076,1909f56bfc062723c751e8b465ee728b) (PreviewImporter) -> (artifact id: 'd7eea7654e0d9114639842c78fc18a42') in 0.0068879 seconds
Number of updated asset objects reloaded before import = 0Number of asset objects unloaded after import = 11

========================================================================
Received Import Request.
  Time since last request: 3.421076 seconds.
  path: Assets/Juego/Prefap/Core/PlayerBattle/Player.prefab
  artifactKey: Guid(a11dd2fee46d5c34bbbc3717db09ead3) Importer(815301076,1909f56bfc062723c751e8b465ee728b)
Start importing Assets/Juego/Prefap/Core/PlayerBattle/Player.prefab using Guid(a11dd2fee46d5c34bbbc3717db09ead3) Importer(815301076,1909f56bfc062723c751e8b465ee728b) (PreviewImporter) -> (artifact id: '46b6efb8f54af987b199107133a0b042') in 0.0062386 seconds
Number of updated asset objects reloaded before import = 0Number of asset objects unloaded after import = 11

========================================================================
Received Import Request.
  Time since last request: 1.804466 seconds.
  path: Assets/Juego/Prefap/Core/PlayerBattle/Player.prefab
  artifactKey: Guid(a11dd2fee46d5c34bbbc3717db09ead3) Importer(815301076,1909f56bfc062723c751e8b465ee728b)
Start importing Assets/Juego/Prefap/Core/PlayerBattle/Player.prefab using Guid(a11dd2fee46d5c34bbbc3717db09ead3) Importer(815301076,1909f56bfc062723c751e8b465ee728b) (PreviewImporter) -> (artifact id: '697ec793ecd451e7dffb1f833a8dfa9a') in 0.0069335 seconds
Number of updated asset objects reloaded before import = 0Number of asset objects unloaded after import = 11

========================================================================
Received Import Request.
  Time since last request: 2.413968 seconds.
  path: Assets/Juego/Prefap/Core/PlayerBattle/Player.prefab
  artifactKey: Guid(a11dd2fee46d5c34bbbc3717db09ead3) Importer(815301076,1909f56bfc062723c751e8b465ee728b)
Start importing Assets/Juego/Prefap/Core/PlayerBattle/Player.prefab using Guid(a11dd2fee46d5c34bbbc3717db09ead3) Importer(815301076,1909f56bfc062723c751e8b465ee728b) (PreviewImporter) -> (artifact id: 'ec809a2cf04e112bfd947d480857255c') in 0.0068708 seconds
Number of updated asset objects reloaded before import = 0Number of asset objects unloaded after import = 11

========================================================================
Received Import Request.
  Time since last request: 4.441475 seconds.
  path: Assets/Juego/Prefap/Core/PlayerBattle/Player.prefab
  artifactKey: Guid(a11dd2fee46d5c34bbbc3717db09ead3) Importer(815301076,1909f56bfc062723c751e8b465ee728b)
Start importing Assets/Juego/Prefap/Core/PlayerBattle/Player.prefab using Guid(a11dd2fee46d5c34bbbc3717db09ead3) Importer(815301076,1909f56bfc062723c751e8b465ee728b) (PreviewImporter) -> (artifact id: '3a74aeaf9a2eb0d81156bd5666fb9ff5') in 0.0067356 seconds
Number of updated asset objects reloaded before import = 0Number of asset objects unloaded after import = 11

========================================================================
Received Import Request.
  Time since last request: 1.394008 seconds.
  path: Assets/Juego/Prefap/Core/PlayerBattle/Player.prefab
  artifactKey: Guid(a11dd2fee46d5c34bbbc3717db09ead3) Importer(815301076,1909f56bfc062723c751e8b465ee728b)
Start importing Assets/Juego/Prefap/Core/PlayerBattle/Player.prefab using Guid(a11dd2fee46d5c34bbbc3717db09ead3) Importer(815301076,1909f56bfc062723c751e8b465ee728b) (PreviewImporter) -> (artifact id: '9b0527abfc3d0f60e99b8869faf526e3') in 0.0062688 seconds
Number of updated asset objects reloaded before import = 0Number of asset objects unloaded after import = 11

========================================================================
Received Import Request.
  Time since last request: 2.287882 seconds.
  path: Assets/Juego/Prefap/Core/PlayerBattle/Player.prefab
  artifactKey: Guid(a11dd2fee46d5c34bbbc3717db09ead3) Importer(815301076,1909f56bfc062723c751e8b465ee728b)
Start importing Assets/Juego/Prefap/Core/PlayerBattle/Player.prefab using Guid(a11dd2fee46d5c34bbbc3717db09ead3) Importer(815301076,1909f56bfc062723c751e8b465ee728b) (PreviewImporter) -> (artifact id: '4edf02aeec06aeab674815e2ba2dd540') in 0.0066324 seconds
Number of updated asset objects reloaded before import = 0Number of asset objects unloaded after import = 10

========================================================================
Received Import Request.
  Time since last request: 3.911558 seconds.
  path: Assets/Juego/Prefap/Core/PlayerBattle/Player.prefab
  artifactKey: Guid(a11dd2fee46d5c34bbbc3717db09ead3) Importer(815301076,1909f56bfc062723c751e8b465ee728b)
Start importing Assets/Juego/Prefap/Core/PlayerBattle/Player.prefab using Guid(a11dd2fee46d5c34bbbc3717db09ead3) Importer(815301076,1909f56bfc062723c751e8b465ee728b) (PreviewImporter) -> (artifact id: '7c2083dee679ebb793cac1a27b576923') in 0.0065998 seconds
Number of updated asset objects reloaded before import = 0Number of asset objects unloaded after import = 11

========================================================================
Received Import Request.
  Time since last request: 13.273948 seconds.
  path: Assets/Juego/Prefap/Core/PlayerBattle/Player.prefab
  artifactKey: Guid(a11dd2fee46d5c34bbbc3717db09ead3) Importer(815301076,1909f56bfc062723c751e8b465ee728b)
Start importing Assets/Juego/Prefap/Core/PlayerBattle/Player.prefab using Guid(a11dd2fee46d5c34bbbc3717db09ead3) Importer(815301076,1909f56bfc062723c751e8b465ee728b) (PreviewImporter) -> (artifact id: '1a2c0369d91defdfad605d403d60d760') in 0.0141682 seconds
Number of updated asset objects reloaded before import = 0Number of asset objects unloaded after import = 11

========================================================================
Received Import Request.
  Time since last request: 2.355847 seconds.
  path: Assets/Juego/Prefap/Core/PlayerBattle/Player.prefab
  artifactKey: Guid(a11dd2fee46d5c34bbbc3717db09ead3) Importer(815301076,1909f56bfc062723c751e8b465ee728b)
Start importing Assets/Juego/Prefap/Core/PlayerBattle/Player.prefab using Guid(a11dd2fee46d5c34bbbc3717db09ead3) Importer(815301076,1909f56bfc062723c751e8b465ee728b) (PreviewImporter) -> (artifact id: 'e7a6a7a71210c2c98a1f22a62ef0f82e') in 0.0132906 seconds
Number of updated asset objects reloaded before import = 0Number of asset objects unloaded after import = 11

========================================================================
Received Prepare
Begin MonoManager ReloadAssembly
[Licensing::Client] Successfully resolved entitlement details
- Loaded All Assemblies, in  0.633 seconds
Refreshing native plugins compatible for Editor in 1.32 ms, found 4 plugins.
Native extension for WindowsStandalone target not found
[Package Manager] Failed to launch server process. Reason: Unity was launched with the -noUpm command-line argument
[Package Manager] Unable to send message (not connected to server process).
[Package Manager] Cannot connect to Unity Package Manager local server
ScheduleIndexationOnStartup MainProcess:False IndexOnStartup:True
Mono: successfully reloaded assembly
- Finished resetting the current domain, in  0.695 seconds
Domain Reload Profiling: 1328ms
	BeginReloadAssembly (185ms)
		ExecutionOrderSort (0ms)
		DisableScriptedObjects (12ms)
		BackupInstance (0ms)
		ReleaseScriptingObjects (0ms)
		CreateAndSetChildDomain (47ms)
	RebuildCommonClasses (39ms)
	RebuildNativeTypeToScriptingClass (15ms)
	initialDomainReloadingComplete (28ms)
	LoadAllAssembliesAndSetupDomain (364ms)
		LoadAssemblies (283ms)
		RebuildTransferFunctionScriptingTraits (0ms)
		AnalyzeDomain (164ms)
			TypeCache.Refresh (5ms)
				TypeCache.ScanAssembly (0ms)
			BuildScriptInfoCaches (150ms)
			ResolveRequiredComponents (5ms)
	FinalizeReload (695ms)
		ReleaseScriptCaches (0ms)
		RebuildScriptCaches (0ms)
		SetupLoadedEditorAssemblies (573ms)
			LogAssemblyErrors (0ms)
			InitializePlatformSupportModulesInManaged (1ms)
			SetLoadedEditorAssemblies (4ms)
			BeforeProcessingInitializeOnLoad (157ms)
			ProcessInitializeOnLoadAttributes (349ms)
			ProcessInitializeOnLoadMethodAttributes (57ms)
			AfterProcessingInitializeOnLoad (4ms)
			EditorAssembliesLoaded (0ms)
		ExecutionOrderSort2 (0ms)
		AwakeInstancesAfterBackupRestoration (6ms)
Refreshing native plugins compatible for Editor in 1.15 ms, found 4 plugins.
Preloading 0 native plugins for Editor in 0.00 ms.
Unloading 0 Unused Serialized files (Serialized files now loaded: 0)
Unloading 5067 unused Assets / (1.3 MB). Loaded Objects now: 5776.
Memory consumption went from 106.7 MB to 105.4 MB.
Total: 7.118000 ms (FindLiveObjects: 0.535300 ms CreateObjectMapping: 0.249500 ms MarkObjects: 5.037000 ms  DeleteObjects: 1.295200 ms)

Prepare: number of updated asset objects reloaded= 0
========================================================================
Received Import Request.
  Time since last request: 89.148859 seconds.
  path: Assets/Juego/Scripts/Battles/TestBattleSelector.cs
  artifactKey: Guid(fdc03a2352a82d24d9cd657be7a04a69) Importer(2089858483,b0f066a214c2f5e87bad3c948f4d605d)
Start importing Assets/Juego/Scripts/Battles/TestBattleSelector.cs using Guid(fdc03a2352a82d24d9cd657be7a04a69) Importer(2089858483,b0f066a214c2f5e87bad3c948f4d605d) (ScriptedImporter) -> (artifact id: '51a155654b95daeb0ab95e5d5184cf58') in 0.0848141 seconds
Number of updated asset objects reloaded before import = 0Number of asset objects unloaded after import = 0

========================================================================
Received Import Request.
  Time since last request: 0.000021 seconds.
  path: Assets/Juego/Prefap/Attacks/TrapState.prefab
  artifactKey: Guid(08afeb8da69174d4e8e3ed0ca1c0c8f6) Importer(2089858483,b0f066a214c2f5e87bad3c948f4d605d)
Start importing Assets/Juego/Prefap/Attacks/TrapState.prefab using Guid(08afeb8da69174d4e8e3ed0ca1c0c8f6) Importer(2089858483,b0f066a214c2f5e87bad3c948f4d605d) (ScriptedImporter) -> (artifact id: 'd74dcd34de830f0fb6605d7d6c8b2a10') in 0.0959788 seconds
Number of updated asset objects reloaded before import = 0Number of asset objects unloaded after import = 22

========================================================================
Received Import Request.
  Time since last request: 0.000020 seconds.
  path: Assets/Juego/Prefap/Core/PlayerBattle/imagen_2026-05-18_161344207-removebg-preview.png
  artifactKey: Guid(e7d5f9c810a5de24fa2749031d8a18a6) Importer(2089858483,b0f066a214c2f5e87bad3c948f4d605d)
Start importing Assets/Juego/Prefap/Core/PlayerBattle/imagen_2026-05-18_161344207-removebg-preview.png using Guid(e7d5f9c810a5de24fa2749031d8a18a6) Importer(2089858483,b0f066a214c2f5e87bad3c948f4d605d) (ScriptedImporter) -> (artifact id: 'c326b1c43d0f7400f08a15a3b5917338') in 0.0499183 seconds
Number of updated asset objects reloaded before import = 0Number of asset objects unloaded after import = 3

========================================================================
Received Import Request.
  Time since last request: 0.000026 seconds.
  path: Assets/Juego/Scripts/Player/PlayerMovement.cs
  artifactKey: Guid(9501b9cb31447ba40b660c47bce0bd81) Importer(2089858483,b0f066a214c2f5e87bad3c948f4d605d)
Start importing Assets/Juego/Scripts/Player/PlayerMovement.cs using Guid(9501b9cb31447ba40b660c47bce0bd81) Importer(2089858483,b0f066a214c2f5e87bad3c948f4d605d) (ScriptedImporter) -> (artifact id: '0af81d2b1f9af1f9fad2fad5af04ffc2') in 0.0135266 seconds
Number of updated asset objects reloaded before import = 0Number of asset objects unloaded after import = 0

========================================================================
Received Import Request.
  Time since last request: 0.000098 seconds.
  path: Assets/Juego/Prefap/Core/PlayerBattle/Player.prefab
  artifactKey: Guid(a11dd2fee46d5c34bbbc3717db09ead3) Importer(2089858483,b0f066a214c2f5e87bad3c948f4d605d)
Start importing Assets/Juego/Prefap/Core/PlayerBattle/Player.prefab using Guid(a11dd2fee46d5c34bbbc3717db09ead3) Importer(2089858483,b0f066a214c2f5e87bad3c948f4d605d) (ScriptedImporter) -> (artifact id: 'a8ecf6847d872ffd349159274e61eb20') in 0.0248417 seconds
Number of updated asset objects reloaded before import = 0Number of asset objects unloaded after import = 11

========================================================================
Received Import Request.
  Time since last request: 3.845366 seconds.
  path: Assets/Juego/Scripts/Generic
  artifactKey: Guid(e38142d38885ece4fbaf70a130879099) Importer(815301076,1909f56bfc062723c751e8b465ee728b)
Start importing Assets/Juego/Scripts/Generic using Guid(e38142d38885ece4fbaf70a130879099) Importer(815301076,1909f56bfc062723c751e8b465ee728b) (PreviewImporter) -> (artifact id: 'f7aa87806abf580230bef87a7008d829') in 0.0006767 seconds
Number of updated asset objects reloaded before import = 0Number of asset objects unloaded after import = 0

========================================================================
Received Import Request.
  Time since last request: 0.960195 seconds.
  path: Assets/Juego/Scripts/Generic
  artifactKey: Guid(e38142d38885ece4fbaf70a130879099) Importer(2089858483,b0f066a214c2f5e87bad3c948f4d605d)
Start importing Assets/Juego/Scripts/Generic using Guid(e38142d38885ece4fbaf70a130879099) Importer(2089858483,b0f066a214c2f5e87bad3c948f4d605d) (ScriptedImporter) -> (artifact id: 'b38f753099c81401597ecfff1ae00cc4') in 0.0132997 seconds
Number of updated asset objects reloaded before import = 0Number of asset objects unloaded after import = 1

========================================================================
Received Prepare
Refreshing native plugins compatible for Editor in 1.29 ms, found 4 plugins.
Preloading 0 native plugins for Editor in 0.00 ms.
Unloading 0 Unused Serialized files (Serialized files now loaded: 0)
Unloading 5058 unused Assets / (1.1 MB). Loaded Objects now: 5777.
Memory consumption went from 107.2 MB to 106.2 MB.
Total: 7.561500 ms (FindLiveObjects: 0.601900 ms CreateObjectMapping: 0.287400 ms MarkObjects: 5.581800 ms  DeleteObjects: 1.088900 ms)

Prepare: number of updated asset objects reloaded= 0
========================================================================
Received Import Request.
  Time since last request: 5.331370 seconds.
  path: Assets/Juego/Scripts/Generic/GenericProjectile.cs
  artifactKey: Guid(d92558933b3b25447bdf319971bda31c) Importer(815301076,1909f56bfc062723c751e8b465ee728b)
Start importing Assets/Juego/Scripts/Generic/GenericProjectile.cs using Guid(d92558933b3b25447bdf319971bda31c) Importer(815301076,1909f56bfc062723c751e8b465ee728b) (PreviewImporter) -> (artifact id: 'd4a46701e0407d7b390c28541dabc401') in 0.0015754 seconds
Number of updated asset objects reloaded before import = 0Number of asset objects unloaded after import = 0

========================================================================
Received Import Request.
  Time since last request: 0.545108 seconds.
  path: Assets/Juego/Scripts/Generic/GenericProjectile.cs
  artifactKey: Guid(d92558933b3b25447bdf319971bda31c) Importer(2089858483,b0f066a214c2f5e87bad3c948f4d605d)
Start importing Assets/Juego/Scripts/Generic/GenericProjectile.cs using Guid(d92558933b3b25447bdf319971bda31c) Importer(2089858483,b0f066a214c2f5e87bad3c948f4d605d) (ScriptedImporter) -> (artifact id: '62e410f4d8bc08cc3ca4122074438a16') in 0.0207831 seconds
Number of updated asset objects reloaded before import = 0Number of asset objects unloaded after import = 0

========================================================================
Received Prepare
Begin MonoManager ReloadAssembly
[Licensing::Client] Successfully resolved entitlement details
- Loaded All Assemblies, in  0.822 seconds
Refreshing native plugins compatible for Editor in 1.48 ms, found 4 plugins.
Native extension for WindowsStandalone target not found
[Package Manager] Failed to launch server process. Reason: Unity was launched with the -noUpm command-line argument
[Package Manager] Unable to send message (not connected to server process).
[Package Manager] Cannot connect to Unity Package Manager local server
ScheduleIndexationOnStartup MainProcess:False IndexOnStartup:True
Mono: successfully reloaded assembly
- Finished resetting the current domain, in  0.780 seconds
Domain Reload Profiling: 1602ms
	BeginReloadAssembly (252ms)
		ExecutionOrderSort (0ms)
		DisableScriptedObjects (19ms)
		BackupInstance (0ms)
		ReleaseScriptingObjects (0ms)
		CreateAndSetChildDomain (68ms)
	RebuildCommonClasses (54ms)
	RebuildNativeTypeToScriptingClass (17ms)
	initialDomainReloadingComplete (32ms)
	LoadAllAssembliesAndSetupDomain (466ms)
		LoadAssemblies (355ms)
		RebuildTransferFunctionScriptingTraits (0ms)
		AnalyzeDomain (216ms)
			TypeCache.Refresh (9ms)
				TypeCache.ScanAssembly (1ms)
			BuildScriptInfoCaches (197ms)
			ResolveRequiredComponents (6ms)
	FinalizeReload (780ms)
		ReleaseScriptCaches (0ms)
		RebuildScriptCaches (0ms)
		SetupLoadedEditorAssemblies (616ms)
			LogAssemblyErrors (0ms)
			InitializePlatformSupportModulesInManaged (2ms)
			SetLoadedEditorAssemblies (7ms)
			BeforeProcessingInitializeOnLoad (195ms)
			ProcessInitializeOnLoadAttributes (350ms)
			ProcessInitializeOnLoadMethodAttributes (57ms)
			AfterProcessingInitializeOnLoad (5ms)
			EditorAssembliesLoaded (0ms)
		ExecutionOrderSort2 (0ms)
		AwakeInstancesAfterBackupRestoration (8ms)
Refreshing native plugins compatible for Editor in 1.06 ms, found 4 plugins.
Preloading 0 native plugins for Editor in 0.00 ms.
Unloading 0 Unused Serialized files (Serialized files now loaded: 0)
Unloading 5068 unused Assets / (1.2 MB). Loaded Objects now: 5780.
Memory consumption went from 106.7 MB to 105.5 MB.
Total: 6.659900 ms (FindLiveObjects: 0.542100 ms CreateObjectMapping: 0.198900 ms MarkObjects: 4.758200 ms  DeleteObjects: 1.159500 ms)

Prepare: number of updated asset objects reloaded= 0
========================================================================
Received Prepare
Refreshing native plugins compatible for Editor in 1.75 ms, found 4 plugins.
Preloading 0 native plugins for Editor in 0.00 ms.
Unloading 0 Unused Serialized files (Serialized files now loaded: 0)
Unloading 5058 unused Assets / (1.6 MB). Loaded Objects now: 5780.
Memory consumption went from 106.9 MB to 105.3 MB.
Total: 10.962100 ms (FindLiveObjects: 0.802700 ms CreateObjectMapping: 0.534500 ms MarkObjects: 7.669800 ms  DeleteObjects: 1.953400 ms)

Prepare: number of updated asset objects reloaded= 0
========================================================================
Received Import Request.
  Time since last request: 10.490161 seconds.
  path: Assets/Juego/Scripts/Generic/GenericProjectile.cs
  artifactKey: Guid(d92558933b3b25447bdf319971bda31c) Importer(815301076,1909f56bfc062723c751e8b465ee728b)
Start importing Assets/Juego/Scripts/Generic/GenericProjectile.cs using Guid(d92558933b3b25447bdf319971bda31c) Importer(815301076,1909f56bfc062723c751e8b465ee728b) (PreviewImporter) -> (artifact id: '00000000000000000000000000000000') in 0.0037215 seconds
Import Error Code:(4)
Message: Build asset version error: assets/juego/scripts/generic/genericprojectile.cs in SourceAssetDB has modification time of '2026-05-18T22:18:40.4670171Z' while content on disk has modification time of '2026-05-18T22:18:40.635939Z'
  ERROR: Build asset version error: assets/juego/scripts/generic/genericprojectile.cs in SourceAssetDB has modification time of '2026-05-18T22:18:40.4670171Z' while content on disk has modification time of '2026-05-18T22:18:40.635939Z'
Number of updated asset objects reloaded before import = 0Number of asset objects unloaded after import = 0

========================================================================
Received Import Request.
  Time since last request: 0.275630 seconds.
  path: Assets/Juego/Scripts/Generic/GenericProjectile.cs
  artifactKey: Guid(d92558933b3b25447bdf319971bda31c) Importer(815301076,1909f56bfc062723c751e8b465ee728b)
Start importing Assets/Juego/Scripts/Generic/GenericProjectile.cs using Guid(d92558933b3b25447bdf319971bda31c) Importer(815301076,1909f56bfc062723c751e8b465ee728b) (PreviewImporter) -> (artifact id: 'fa9159545532e4df36b8af763324133a') in 0.0008576 seconds
Number of updated asset objects reloaded before import = 0Number of asset objects unloaded after import = 0

========================================================================
Received Prepare
Begin MonoManager ReloadAssembly
- Loaded All Assemblies, in  0.819 seconds
Refreshing native plugins compatible for Editor in 2.27 ms, found 4 plugins.
Native extension for WindowsStandalone target not found
[Package Manager] Failed to launch server process. Reason: Unity was launched with the -noUpm command-line argument
[Package Manager] Unable to send message (not connected to server process).
[Package Manager] Cannot connect to Unity Package Manager local server
ScheduleIndexationOnStartup MainProcess:False IndexOnStartup:True
Mono: successfully reloaded assembly
- Finished resetting the current domain, in  0.691 seconds
Domain Reload Profiling: 1510ms
	BeginReloadAssembly (237ms)
		ExecutionOrderSort (0ms)
		DisableScriptedObjects (20ms)
		BackupInstance (0ms)
		ReleaseScriptingObjects (0ms)
		CreateAndSetChildDomain (60ms)
	RebuildCommonClasses (44ms)
	RebuildNativeTypeToScriptingClass (16ms)
	initialDomainReloadingComplete (32ms)
	LoadAllAssembliesAndSetupDomain (490ms)
		LoadAssemblies (387ms)
		RebuildTransferFunctionScriptingTraits (0ms)
		AnalyzeDomain (205ms)
			TypeCache.Refresh (9ms)
				TypeCache.ScanAssembly (1ms)
			BuildScriptInfoCaches (184ms)
			ResolveRequiredComponents (7ms)
	FinalizeReload (692ms)
		ReleaseScriptCaches (0ms)
		RebuildScriptCaches (0ms)
		SetupLoadedEditorAssemblies (554ms)
			LogAssemblyErrors (0ms)
			InitializePlatformSupportModulesInManaged (2ms)
			SetLoadedEditorAssemblies (5ms)
			BeforeProcessingInitializeOnLoad (171ms)
			ProcessInitializeOnLoadAttributes (314ms)
			ProcessInitializeOnLoadMethodAttributes (57ms)
			AfterProcessingInitializeOnLoad (5ms)
			EditorAssembliesLoaded (0ms)
		ExecutionOrderSort2 (0ms)
		AwakeInstancesAfterBackupRestoration (7ms)
Refreshing native plugins compatible for Editor in 1.48 ms, found 4 plugins.
Preloading 0 native plugins for Editor in 0.00 ms.
Unloading 0 Unused Serialized files (Serialized files now loaded: 0)
Unloading 5068 unused Assets / (1.2 MB). Loaded Objects now: 5783.
Memory consumption went from 106.8 MB to 105.6 MB.
Total: 7.810400 ms (FindLiveObjects: 0.552300 ms CreateObjectMapping: 0.190800 ms MarkObjects: 5.636600 ms  DeleteObjects: 1.429300 ms)

Prepare: number of updated asset objects reloaded= 0
========================================================================
Received Import Request.
  Time since last request: 21.341221 seconds.
  path: Assets/Juego/Scripts/Generic/GenericProjectile.cs
  artifactKey: Guid(d92558933b3b25447bdf319971bda31c) Importer(2089858483,b0f066a214c2f5e87bad3c948f4d605d)
Start importing Assets/Juego/Scripts/Generic/GenericProjectile.cs using Guid(d92558933b3b25447bdf319971bda31c) Importer(2089858483,b0f066a214c2f5e87bad3c948f4d605d) (ScriptedImporter) -> (artifact id: '63d789bcb5b5140db0a73d199351da6d') in 0.0945937 seconds
Number of updated asset objects reloaded before import = 0Number of asset objects unloaded after import = 0

========================================================================
Received Prepare
Refreshing native plugins compatible for Editor in 1.14 ms, found 4 plugins.
Preloading 0 native plugins for Editor in 0.00 ms.
Unloading 0 Unused Serialized files (Serialized files now loaded: 0)
Unloading 5059 unused Assets / (1.3 MB). Loaded Objects now: 5784.
Memory consumption went from 107.0 MB to 105.7 MB.
Total: 8.977700 ms (FindLiveObjects: 0.825800 ms CreateObjectMapping: 0.612400 ms MarkObjects: 5.980600 ms  DeleteObjects: 1.557500 ms)

Prepare: number of updated asset objects reloaded= 0
========================================================================
Received Import Request.
  Time since last request: 5.522929 seconds.
  path: Assets/Juego/Scripts/Generic/GenericFallingAttack.cs
  artifactKey: Guid(e411ee2627035c64aa858af94eb9940d) Importer(815301076,1909f56bfc062723c751e8b465ee728b)
Start importing Assets/Juego/Scripts/Generic/GenericFallingAttack.cs using Guid(e411ee2627035c64aa858af94eb9940d) Importer(815301076,1909f56bfc062723c751e8b465ee728b) (PreviewImporter) -> (artifact id: 'e58bdb5e2582e956d13047c641526727') in 0.0019509 seconds
Number of updated asset objects reloaded before import = 0Number of asset objects unloaded after import = 0

========================================================================
Received Import Request.
  Time since last request: 0.595513 seconds.
  path: Assets/Juego/Scripts/Generic/GenericFallingAttack.cs
  artifactKey: Guid(e411ee2627035c64aa858af94eb9940d) Importer(2089858483,b0f066a214c2f5e87bad3c948f4d605d)
Start importing Assets/Juego/Scripts/Generic/GenericFallingAttack.cs using Guid(e411ee2627035c64aa858af94eb9940d) Importer(2089858483,b0f066a214c2f5e87bad3c948f4d605d) (ScriptedImporter) -> (artifact id: 'c86c90141f90ff3b1300fbd143329eea') in 0.0140339 seconds
Number of updated asset objects reloaded before import = 0Number of asset objects unloaded after import = 0

========================================================================
Received Prepare
Begin MonoManager ReloadAssembly
- Loaded All Assemblies, in  0.808 seconds
Refreshing native plugins compatible for Editor in 2.10 ms, found 4 plugins.
Native extension for WindowsStandalone target not found
[Package Manager] Failed to launch server process. Reason: Unity was launched with the -noUpm command-line argument
[Package Manager] Unable to send message (not connected to server process).
[Package Manager] Cannot connect to Unity Package Manager local server
ScheduleIndexationOnStartup MainProcess:False IndexOnStartup:True
Mono: successfully reloaded assembly
- Finished resetting the current domain, in  1.136 seconds
Domain Reload Profiling: 1942ms
	BeginReloadAssembly (226ms)
		ExecutionOrderSort (0ms)
		DisableScriptedObjects (13ms)
		BackupInstance (0ms)
		ReleaseScriptingObjects (0ms)
		CreateAndSetChildDomain (57ms)
	RebuildCommonClasses (46ms)
	RebuildNativeTypeToScriptingClass (19ms)
	initialDomainReloadingComplete (32ms)
	LoadAllAssembliesAndSetupDomain (481ms)
		LoadAssemblies (353ms)
		RebuildTransferFunctionScriptingTraits (0ms)
		AnalyzeDomain (234ms)
			TypeCache.Refresh (13ms)
				TypeCache.ScanAssembly (1ms)
			BuildScriptInfoCaches (209ms)
			ResolveRequiredComponents (9ms)
	FinalizeReload (1137ms)
		ReleaseScriptCaches (0ms)
		RebuildScriptCaches (0ms)
		SetupLoadedEditorAssemblies (961ms)
			LogAssemblyErrors (0ms)
			InitializePlatformSupportModulesInManaged (2ms)
			SetLoadedEditorAssemblies (7ms)
			BeforeProcessingInitializeOnLoad (244ms)
			ProcessInitializeOnLoadAttributes (591ms)
			ProcessInitializeOnLoadMethodAttributes (107ms)
			AfterProcessingInitializeOnLoad (10ms)
			EditorAssembliesLoaded (0ms)
		ExecutionOrderSort2 (0ms)
		AwakeInstancesAfterBackupRestoration (11ms)
Refreshing native plugins compatible for Editor in 1.59 ms, found 4 plugins.
Preloading 0 native plugins for Editor in 0.00 ms.
Unloading 0 Unused Serialized files (Serialized files now loaded: 0)
Unloading 5069 unused Assets / (1.6 MB). Loaded Objects now: 5787.
Memory consumption went from 106.8 MB to 105.2 MB.
Total: 11.535200 ms (FindLiveObjects: 0.812500 ms CreateObjectMapping: 0.428900 ms MarkObjects: 8.103600 ms  DeleteObjects: 2.188700 ms)

Prepare: number of updated asset objects reloaded= 0
========================================================================
Received Prepare
Refreshing native plugins compatible for Editor in 2.04 ms, found 4 plugins.
Preloading 0 native plugins for Editor in 0.00 ms.
Unloading 0 Unused Serialized files (Serialized files now loaded: 0)
Unloading 5059 unused Assets / (1.8 MB). Loaded Objects now: 5787.
Memory consumption went from 106.9 MB to 105.2 MB.
Total: 9.677000 ms (FindLiveObjects: 0.658500 ms CreateObjectMapping: 0.379300 ms MarkObjects: 6.681600 ms  DeleteObjects: 1.955900 ms)

Prepare: number of updated asset objects reloaded= 0
========================================================================
Received Prepare
Begin MonoManager ReloadAssembly
- Loaded All Assemblies, in  0.792 seconds
Refreshing native plugins compatible for Editor in 1.73 ms, found 4 plugins.
Native extension for WindowsStandalone target not found
[Package Manager] Failed to launch server process. Reason: Unity was launched with the -noUpm command-line argument
[Package Manager] Unable to send message (not connected to server process).
[Package Manager] Cannot connect to Unity Package Manager local server
ScheduleIndexationOnStartup MainProcess:False IndexOnStartup:True
Mono: successfully reloaded assembly
- Finished resetting the current domain, in  0.792 seconds
Domain Reload Profiling: 1585ms
	BeginReloadAssembly (224ms)
		ExecutionOrderSort (0ms)
		DisableScriptedObjects (14ms)
		BackupInstance (0ms)
		ReleaseScriptingObjects (0ms)
		CreateAndSetChildDomain (54ms)
	RebuildCommonClasses (44ms)
	RebuildNativeTypeToScriptingClass (21ms)
	initialDomainReloadingComplete (34ms)
	LoadAllAssembliesAndSetupDomain (470ms)
		LoadAssemblies (355ms)
		RebuildTransferFunctionScriptingTraits (0ms)
		AnalyzeDomain (213ms)
			TypeCache.Refresh (10ms)
				TypeCache.ScanAssembly (1ms)
			BuildScriptInfoCaches (193ms)
			ResolveRequiredComponents (6ms)
	FinalizeReload (792ms)
		ReleaseScriptCaches (0ms)
		RebuildScriptCaches (0ms)
		SetupLoadedEditorAssemblies (641ms)
			LogAssemblyErrors (0ms)
			InitializePlatformSupportModulesInManaged (2ms)
			SetLoadedEditorAssemblies (6ms)
			BeforeProcessingInitializeOnLoad (176ms)
			ProcessInitializeOnLoadAttributes (381ms)
			ProcessInitializeOnLoadMethodAttributes (71ms)
			AfterProcessingInitializeOnLoad (6ms)
			EditorAssembliesLoaded (0ms)
		ExecutionOrderSort2 (0ms)
		AwakeInstancesAfterBackupRestoration (7ms)
Refreshing native plugins compatible for Editor in 1.91 ms, found 4 plugins.
Preloading 0 native plugins for Editor in 0.00 ms.
Unloading 0 Unused Serialized files (Serialized files now loaded: 0)
Unloading 5069 unused Assets / (1.4 MB). Loaded Objects now: 5790.
Memory consumption went from 106.8 MB to 105.4 MB.
Total: 12.602000 ms (FindLiveObjects: 1.027800 ms CreateObjectMapping: 0.985600 ms MarkObjects: 8.519300 ms  DeleteObjects: 2.067800 ms)

Prepare: number of updated asset objects reloaded= 0
========================================================================
Received Import Request.
  Time since last request: 12.159523 seconds.
  path: Assets/Juego/Scripts/Generic/GenericFallingAttack.cs
  artifactKey: Guid(e411ee2627035c64aa858af94eb9940d) Importer(815301076,1909f56bfc062723c751e8b465ee728b)
Start importing Assets/Juego/Scripts/Generic/GenericFallingAttack.cs using Guid(e411ee2627035c64aa858af94eb9940d) Importer(815301076,1909f56bfc062723c751e8b465ee728b) (PreviewImporter) -> (artifact id: 'f31a2d2a30ad287340f2da1045ce59c0') in 0.0057298 seconds
Number of updated asset objects reloaded before import = 0Number of asset objects unloaded after import = 0

========================================================================
Received Import Request.
  Time since last request: 6.302500 seconds.
  path: Assets/Juego/Scripts/Generic/GenericFallingAttack.cs
  artifactKey: Guid(e411ee2627035c64aa858af94eb9940d) Importer(2089858483,b0f066a214c2f5e87bad3c948f4d605d)
Start importing Assets/Juego/Scripts/Generic/GenericFallingAttack.cs using Guid(e411ee2627035c64aa858af94eb9940d) Importer(2089858483,b0f066a214c2f5e87bad3c948f4d605d) (ScriptedImporter) -> (artifact id: '2036e8fd06a4dab7c3fb4444a65e6a60') in 0.0723669 seconds
Number of updated asset objects reloaded before import = 0Number of asset objects unloaded after import = 0

========================================================================
Received Prepare
Refreshing native plugins compatible for Editor in 1.26 ms, found 4 plugins.
Preloading 0 native plugins for Editor in 0.00 ms.
Unloading 0 Unused Serialized files (Serialized files now loaded: 0)
Unloading 5060 unused Assets / (1.0 MB). Loaded Objects now: 5791.
Memory consumption went from 107.0 MB to 106.0 MB.
Total: 7.866200 ms (FindLiveObjects: 0.549500 ms CreateObjectMapping: 0.179100 ms MarkObjects: 6.094700 ms  DeleteObjects: 1.041800 ms)

Prepare: number of updated asset objects reloaded= 0
========================================================================
Received Import Request.
  Time since last request: 1.569438 seconds.
  path: Assets/Juego/Scripts/Generic/GenericDamageZone.cs
  artifactKey: Guid(58521954bffc8b14c86aafe76a8da13e) Importer(815301076,1909f56bfc062723c751e8b465ee728b)
Start importing Assets/Juego/Scripts/Generic/GenericDamageZone.cs using Guid(58521954bffc8b14c86aafe76a8da13e) Importer(815301076,1909f56bfc062723c751e8b465ee728b) (PreviewImporter) -> (artifact id: '8a9543638fc6bcc9802419c6f38f2395') in 0.0015163 seconds
Number of updated asset objects reloaded before import = 0Number of asset objects unloaded after import = 0

========================================================================
Received Import Request.
  Time since last request: 0.455170 seconds.
  path: Assets/Juego/Scripts/Generic/GenericDamageZone.cs
  artifactKey: Guid(58521954bffc8b14c86aafe76a8da13e) Importer(2089858483,b0f066a214c2f5e87bad3c948f4d605d)
Start importing Assets/Juego/Scripts/Generic/GenericDamageZone.cs using Guid(58521954bffc8b14c86aafe76a8da13e) Importer(2089858483,b0f066a214c2f5e87bad3c948f4d605d) (ScriptedImporter) -> (artifact id: '44298074794d36da620c88c38a8832d6') in 0.0176428 seconds
Number of updated asset objects reloaded before import = 0Number of asset objects unloaded after import = 0

========================================================================
Received Prepare
Begin MonoManager ReloadAssembly
- Loaded All Assemblies, in  0.787 seconds
Refreshing native plugins compatible for Editor in 1.35 ms, found 4 plugins.
Native extension for WindowsStandalone target not found
[Package Manager] Failed to launch server process. Reason: Unity was launched with the -noUpm command-line argument
[Package Manager] Unable to send message (not connected to server process).
[Package Manager] Cannot connect to Unity Package Manager local server
ScheduleIndexationOnStartup MainProcess:False IndexOnStartup:True
Mono: successfully reloaded assembly
- Finished resetting the current domain, in  0.841 seconds
Domain Reload Profiling: 1631ms
	BeginReloadAssembly (224ms)
		ExecutionOrderSort (0ms)
		DisableScriptedObjects (11ms)
		BackupInstance (0ms)
		ReleaseScriptingObjects (0ms)
		CreateAndSetChildDomain (57ms)
	RebuildCommonClasses (37ms)
	RebuildNativeTypeToScriptingClass (16ms)
	initialDomainReloadingComplete (36ms)
	LoadAllAssembliesAndSetupDomain (475ms)
		LoadAssemblies (368ms)
		RebuildTransferFunctionScriptingTraits (0ms)
		AnalyzeDomain (215ms)
			TypeCache.Refresh (9ms)
				TypeCache.ScanAssembly (1ms)
			BuildScriptInfoCaches (195ms)
			ResolveRequiredComponents (6ms)
	FinalizeReload (841ms)
		ReleaseScriptCaches (0ms)
		RebuildScriptCaches (0ms)
		SetupLoadedEditorAssemblies (656ms)
			LogAssemblyErrors (0ms)
			InitializePlatformSupportModulesInManaged (2ms)
			SetLoadedEditorAssemblies (6ms)
			BeforeProcessingInitializeOnLoad (190ms)
			ProcessInitializeOnLoadAttributes (388ms)
			ProcessInitializeOnLoadMethodAttributes (66ms)
			AfterProcessingInitializeOnLoad (4ms)
			EditorAssembliesLoaded (0ms)
		ExecutionOrderSort2 (0ms)
		AwakeInstancesAfterBackupRestoration (9ms)
Refreshing native plugins compatible for Editor in 2.36 ms, found 4 plugins.
Preloading 0 native plugins for Editor in 0.00 ms.
Unloading 0 Unused Serialized files (Serialized files now loaded: 0)
Unloading 5070 unused Assets / (1.3 MB). Loaded Objects now: 5794.
Memory consumption went from 106.8 MB to 105.5 MB.
Total: 10.497900 ms (FindLiveObjects: 0.891900 ms CreateObjectMapping: 0.390300 ms MarkObjects: 7.420200 ms  DeleteObjects: 1.794000 ms)

Prepare: number of updated asset objects reloaded= 0
========================================================================
Received Import Request.
  Time since last request: 6.247455 seconds.
  path: Assets/Juego/Scripts/Generic/GenericDamageZone.cs
  artifactKey: Guid(58521954bffc8b14c86aafe76a8da13e) Importer(815301076,1909f56bfc062723c751e8b465ee728b)
Start importing Assets/Juego/Scripts/Generic/GenericDamageZone.cs using Guid(58521954bffc8b14c86aafe76a8da13e) Importer(815301076,1909f56bfc062723c751e8b465ee728b) (PreviewImporter) -> (artifact id: '0fd2ec922e3529d70034217d60f7eaf9') in 0.004014 seconds
Number of updated asset objects reloaded before import = 0Number of asset objects unloaded after import = 0

========================================================================
Received Prepare
Refreshing native plugins compatible for Editor in 1.73 ms, found 4 plugins.
Preloading 0 native plugins for Editor in 0.00 ms.
Unloading 0 Unused Serialized files (Serialized files now loaded: 0)
Unloading 5060 unused Assets / (1.1 MB). Loaded Objects now: 5794.
Memory consumption went from 107.0 MB to 105.9 MB.
Total: 9.335900 ms (FindLiveObjects: 0.870100 ms CreateObjectMapping: 0.390300 ms MarkObjects: 6.636200 ms  DeleteObjects: 1.438200 ms)

Prepare: number of updated asset objects reloaded= 0
========================================================================
Received Prepare
Begin MonoManager ReloadAssembly
[Licensing::Client] Successfully resolved entitlement details
- Loaded All Assemblies, in  0.759 seconds
Refreshing native plugins compatible for Editor in 1.25 ms, found 4 plugins.
Native extension for WindowsStandalone target not found
[Package Manager] Failed to launch server process. Reason: Unity was launched with the -noUpm command-line argument
[Package Manager] Unable to send message (not connected to server process).
[Package Manager] Cannot connect to Unity Package Manager local server
ScheduleIndexationOnStartup MainProcess:False IndexOnStartup:True
Mono: successfully reloaded assembly
- Finished resetting the current domain, in  0.683 seconds
Domain Reload Profiling: 1441ms
	BeginReloadAssembly (213ms)
		ExecutionOrderSort (0ms)
		DisableScriptedObjects (16ms)
		BackupInstance (0ms)
		ReleaseScriptingObjects (0ms)
		CreateAndSetChildDomain (51ms)
	RebuildCommonClasses (43ms)
	RebuildNativeTypeToScriptingClass (18ms)
	initialDomainReloadingComplete (32ms)
	LoadAllAssembliesAndSetupDomain (451ms)
		LoadAssemblies (344ms)
		RebuildTransferFunctionScriptingTraits (0ms)
		AnalyzeDomain (202ms)
			TypeCache.Refresh (8ms)
				TypeCache.ScanAssembly (1ms)
			BuildScriptInfoCaches (185ms)
			ResolveRequiredComponents (6ms)
	FinalizeReload (683ms)
		ReleaseScriptCaches (0ms)
		RebuildScriptCaches (0ms)
		SetupLoadedEditorAssemblies (565ms)
			LogAssemblyErrors (0ms)
			InitializePlatformSupportModulesInManaged (2ms)
			SetLoadedEditorAssemblies (6ms)
			BeforeProcessingInitializeOnLoad (180ms)
			ProcessInitializeOnLoadAttributes (313ms)
			ProcessInitializeOnLoadMethodAttributes (61ms)
			AfterProcessingInitializeOnLoad (3ms)
			EditorAssembliesLoaded (0ms)
		ExecutionOrderSort2 (0ms)
		AwakeInstancesAfterBackupRestoration (7ms)
Refreshing native plugins compatible for Editor in 1.49 ms, found 4 plugins.
Preloading 0 native plugins for Editor in 0.00 ms.
Unloading 0 Unused Serialized files (Serialized files now loaded: 0)
Unloading 5070 unused Assets / (1.4 MB). Loaded Objects now: 5797.
Memory consumption went from 106.7 MB to 105.4 MB.
Total: 9.601300 ms (FindLiveObjects: 0.886200 ms CreateObjectMapping: 0.385300 ms MarkObjects: 6.850500 ms  DeleteObjects: 1.477700 ms)

Prepare: number of updated asset objects reloaded= 0
========================================================================
Received Import Request.
  Time since last request: 47.990850 seconds.
  path: Assets/Juego/Scripts/Generic/GenericDamageZone.cs
  artifactKey: Guid(58521954bffc8b14c86aafe76a8da13e) Importer(2089858483,b0f066a214c2f5e87bad3c948f4d605d)
Start importing Assets/Juego/Scripts/Generic/GenericDamageZone.cs using Guid(58521954bffc8b14c86aafe76a8da13e) Importer(2089858483,b0f066a214c2f5e87bad3c948f4d605d) (ScriptedImporter) -> (artifact id: 'a26f7be82974b1cae8e83ed606e96959') in 0.0719976 seconds
Number of updated asset objects reloaded before import = 0Number of asset objects unloaded after import = 0

========================================================================
Received Prepare
Refreshing native plugins compatible for Editor in 1.59 ms, found 4 plugins.
Preloading 0 native plugins for Editor in 0.00 ms.
Unloading 0 Unused Serialized files (Serialized files now loaded: 0)
Unloading 5061 unused Assets / (1.1 MB). Loaded Objects now: 5798.
Memory consumption went from 106.9 MB to 105.8 MB.
Total: 7.713500 ms (FindLiveObjects: 0.587100 ms CreateObjectMapping: 0.265800 ms MarkObjects: 5.720000 ms  DeleteObjects: 1.139300 ms)

Prepare: number of updated asset objects reloaded= 0
========================================================================
Received Import Request.
  Time since last request: 1.699579 seconds.
  path: Assets/Juego/Scripts/Generic/GenericAttackSpawner.cs
  artifactKey: Guid(26a8e20ca6bd81f4ba5bc99a6a1325fb) Importer(815301076,1909f56bfc062723c751e8b465ee728b)
Start importing Assets/Juego/Scripts/Generic/GenericAttackSpawner.cs using Guid(26a8e20ca6bd81f4ba5bc99a6a1325fb) Importer(815301076,1909f56bfc062723c751e8b465ee728b) (PreviewImporter) -> (artifact id: 'abc122b525bc8d31d07a59a8a404e4a3') in 0.0015632 seconds
Number of updated asset objects reloaded before import = 0Number of asset objects unloaded after import = 0

========================================================================
Received Import Request.
  Time since last request: 0.540143 seconds.
  path: Assets/Juego/Scripts/Generic/GenericAttackSpawner.cs
  artifactKey: Guid(26a8e20ca6bd81f4ba5bc99a6a1325fb) Importer(2089858483,b0f066a214c2f5e87bad3c948f4d605d)
Start importing Assets/Juego/Scripts/Generic/GenericAttackSpawner.cs using Guid(26a8e20ca6bd81f4ba5bc99a6a1325fb) Importer(2089858483,b0f066a214c2f5e87bad3c948f4d605d) (ScriptedImporter) -> (artifact id: 'd6fbacb0437f916e7af4f48d655f100f') in 0.0150961 seconds
Number of updated asset objects reloaded before import = 0Number of asset objects unloaded after import = 0

========================================================================
Received Prepare
Begin MonoManager ReloadAssembly
- Loaded All Assemblies, in  0.664 seconds
Refreshing native plugins compatible for Editor in 1.44 ms, found 4 plugins.
Native extension for WindowsStandalone target not found
[Package Manager] Failed to launch server process. Reason: Unity was launched with the -noUpm command-line argument
[Package Manager] Unable to send message (not connected to server process).
[Package Manager] Cannot connect to Unity Package Manager local server
ScheduleIndexationOnStartup MainProcess:False IndexOnStartup:True
Mono: successfully reloaded assembly
- Finished resetting the current domain, in  0.728 seconds
Domain Reload Profiling: 1391ms
	BeginReloadAssembly (194ms)
		ExecutionOrderSort (0ms)
		DisableScriptedObjects (14ms)
		BackupInstance (0ms)
		ReleaseScriptingObjects (0ms)
		CreateAndSetChildDomain (54ms)
	RebuildCommonClasses (45ms)
	RebuildNativeTypeToScriptingClass (15ms)
	initialDomainReloadingComplete (28ms)
	LoadAllAssembliesAndSetupDomain (381ms)
		LoadAssemblies (287ms)
		RebuildTransferFunctionScriptingTraits (0ms)
		AnalyzeDomain (173ms)
			TypeCache.Refresh (10ms)
				TypeCache.ScanAssembly (1ms)
			BuildScriptInfoCaches (154ms)
			ResolveRequiredComponents (7ms)
	FinalizeReload (728ms)
		ReleaseScriptCaches (0ms)
		RebuildScriptCaches (0ms)
		SetupLoadedEditorAssemblies (577ms)
			LogAssemblyErrors (0ms)
			InitializePlatformSupportModulesInManaged (2ms)
			SetLoadedEditorAssemblies (6ms)
			BeforeProcessingInitializeOnLoad (173ms)
			ProcessInitializeOnLoadAttributes (338ms)
			ProcessInitializeOnLoadMethodAttributes (55ms)
			AfterProcessingInitializeOnLoad (3ms)
			EditorAssembliesLoaded (0ms)
		ExecutionOrderSort2 (0ms)
		AwakeInstancesAfterBackupRestoration (8ms)
Refreshing native plugins compatible for Editor in 1.27 ms, found 4 plugins.
Preloading 0 native plugins for Editor in 0.00 ms.
Unloading 0 Unused Serialized files (Serialized files now loaded: 0)
Unloading 5071 unused Assets / (1.2 MB). Loaded Objects now: 5801.
Memory consumption went from 106.8 MB to 105.6 MB.
Total: 9.230400 ms (FindLiveObjects: 0.978500 ms CreateObjectMapping: 0.574800 ms MarkObjects: 6.336700 ms  DeleteObjects: 1.338900 ms)

Prepare: number of updated asset objects reloaded= 0
========================================================================
Received Prepare
Refreshing native plugins compatible for Editor in 1.61 ms, found 4 plugins.
Preloading 0 native plugins for Editor in 0.00 ms.
Unloading 0 Unused Serialized files (Serialized files now loaded: 0)
Unloading 5061 unused Assets / (1.5 MB). Loaded Objects now: 5801.
Memory consumption went from 107.0 MB to 105.5 MB.
Total: 9.214800 ms (FindLiveObjects: 0.899700 ms CreateObjectMapping: 0.555200 ms MarkObjects: 6.099700 ms  DeleteObjects: 1.658800 ms)

Prepare: number of updated asset objects reloaded= 0
========================================================================
Received Import Request.
  Time since last request: 19.119238 seconds.
  path: Assets/Juego/Scripts/Generic/GenericAttackSpawner.cs
  artifactKey: Guid(26a8e20ca6bd81f4ba5bc99a6a1325fb) Importer(815301076,1909f56bfc062723c751e8b465ee728b)
Start importing Assets/Juego/Scripts/Generic/GenericAttackSpawner.cs using Guid(26a8e20ca6bd81f4ba5bc99a6a1325fb) Importer(815301076,1909f56bfc062723c751e8b465ee728b) (PreviewImporter) -> (artifact id: '00000000000000000000000000000000') in 0.004922 seconds
Import Error Code:(4)
Message: Build asset version error: assets/juego/scripts/generic/genericattackspawner.cs in SourceAssetDB has modification time of '2026-05-18T22:20:44.3267054Z' while content on disk has modification time of '2026-05-18T22:20:44.5047947Z'
  ERROR: Build asset version error: assets/juego/scripts/generic/genericattackspawner.cs in SourceAssetDB has modification time of '2026-05-18T22:20:44.3267054Z' while content on disk has modification time of '2026-05-18T22:20:44.5047947Z'
Number of updated asset objects reloaded before import = 0Number of asset objects unloaded after import = 0

========================================================================
Received Import Request.
  Time since last request: 0.023640 seconds.
  path: Assets/Juego/Scripts/Generic/GenericAttackSpawner.cs
  artifactKey: Guid(26a8e20ca6bd81f4ba5bc99a6a1325fb) Importer(815301076,1909f56bfc062723c751e8b465ee728b)
Start importing Assets/Juego/Scripts/Generic/GenericAttackSpawner.cs using Guid(26a8e20ca6bd81f4ba5bc99a6a1325fb) Importer(815301076,1909f56bfc062723c751e8b465ee728b) (PreviewImporter) -> (artifact id: '60647e8e2af6fac5162b9923e3c9f1fc') in 0.0012458 seconds
Number of updated asset objects reloaded before import = 0Number of asset objects unloaded after import = 0

========================================================================
Received Prepare
Begin MonoManager ReloadAssembly
[Licensing::Client] Successfully resolved entitlement details
- Loaded All Assemblies, in  0.738 seconds
Refreshing native plugins compatible for Editor in 1.57 ms, found 4 plugins.
Native extension for WindowsStandalone target not found
[Package Manager] Failed to launch server process. Reason: Unity was launched with the -noUpm command-line argument
[Package Manager] Unable to send message (not connected to server process).
[Package Manager] Cannot connect to Unity Package Manager local server
ScheduleIndexationOnStartup MainProcess:False IndexOnStartup:True
Mono: successfully reloaded assembly
- Finished resetting the current domain, in  0.764 seconds
Domain Reload Profiling: 1502ms
	BeginReloadAssembly (238ms)
		ExecutionOrderSort (0ms)
		DisableScriptedObjects (21ms)
		BackupInstance (0ms)
		ReleaseScriptingObjects (0ms)
		CreateAndSetChildDomain (60ms)
	RebuildCommonClasses (53ms)
	RebuildNativeTypeToScriptingClass (20ms)
	initialDomainReloadingComplete (32ms)
	LoadAllAssembliesAndSetupDomain (394ms)
		LoadAssemblies (320ms)
		RebuildTransferFunctionScriptingTraits (0ms)
		AnalyzeDomain (179ms)
			TypeCache.Refresh (8ms)
				TypeCache.ScanAssembly (1ms)
			BuildScriptInfoCaches (161ms)
			ResolveRequiredComponents (6ms)
	FinalizeReload (765ms)
		ReleaseScriptCaches (0ms)
		RebuildScriptCaches (0ms)
		SetupLoadedEditorAssemblies (626ms)
			LogAssemblyErrors (0ms)
			InitializePlatformSupportModulesInManaged (1ms)
			SetLoadedEditorAssemblies (5ms)
			BeforeProcessingInitializeOnLoad (180ms)
			ProcessInitializeOnLoadAttributes (367ms)
			ProcessInitializeOnLoadMethodAttributes (65ms)
			AfterProcessingInitializeOnLoad (7ms)
			EditorAssembliesLoaded (0ms)
		ExecutionOrderSort2 (0ms)
		AwakeInstancesAfterBackupRestoration (9ms)
Refreshing native plugins compatible for Editor in 2.02 ms, found 4 plugins.
Preloading 0 native plugins for Editor in 0.00 ms.
Unloading 0 Unused Serialized files (Serialized files now loaded: 0)
Unloading 5071 unused Assets / (1.3 MB). Loaded Objects now: 5804.
Memory consumption went from 106.8 MB to 105.6 MB.
Total: 11.054700 ms (FindLiveObjects: 1.022200 ms CreateObjectMapping: 0.748300 ms MarkObjects: 7.783500 ms  DeleteObjects: 1.499600 ms)

Prepare: number of updated asset objects reloaded= 0
========================================================================
Received Import Request.
  Time since last request: 26.310845 seconds.
  path: Assets/Juego/Scripts/Generic/GenericAttackSpawner.cs
  artifactKey: Guid(26a8e20ca6bd81f4ba5bc99a6a1325fb) Importer(2089858483,b0f066a214c2f5e87bad3c948f4d605d)
Start importing Assets/Juego/Scripts/Generic/GenericAttackSpawner.cs using Guid(26a8e20ca6bd81f4ba5bc99a6a1325fb) Importer(2089858483,b0f066a214c2f5e87bad3c948f4d605d) (ScriptedImporter) -> (artifact id: '0302befc8efa061041a2533230cb353c') in 0.0719582 seconds
Number of updated asset objects reloaded before import = 0Number of asset objects unloaded after import = 0

========================================================================
Received Import Request.
  Time since last request: 43.289414 seconds.
  path: Assets/Juego/Prefap/Spawner/GenericAttackSpawner.prefab
  artifactKey: Guid(c17a5fe46ec934f4aaaccae731d11484) Importer(815301076,1909f56bfc062723c751e8b465ee728b)
Start importing Assets/Juego/Prefap/Spawner/GenericAttackSpawner.prefab using Guid(c17a5fe46ec934f4aaaccae731d11484) Importer(815301076,1909f56bfc062723c751e8b465ee728b) (PreviewImporter)The same field name is serialized multiple times in the class or its parent class. This is not supported: Base(MonoBehaviour) canSpawn
The same field name is serialized multiple times in the class or its parent class. This is not supported: Base(MonoBehaviour) blueSoulPattern
The same field name is serialized multiple times in the class or its parent class. This is not supported: Base(MonoBehaviour) phase
 -> (artifact id: '05f7c2e074ef68f19f02817f9e5eca2d') in 0.0197993 seconds
Number of updated asset objects reloaded before import = 0Number of asset objects unloaded after import = 5

========================================================================
Received Import Request.
  Time since last request: 0.955932 seconds.
  path: Assets/Juego/Prefap/Spawner/GenericAttackSpawner.prefab
  artifactKey: Guid(c17a5fe46ec934f4aaaccae731d11484) Importer(2089858483,b0f066a214c2f5e87bad3c948f4d605d)
Start importing Assets/Juego/Prefap/Spawner/GenericAttackSpawner.prefab using Guid(c17a5fe46ec934f4aaaccae731d11484) Importer(2089858483,b0f066a214c2f5e87bad3c948f4d605d) (ScriptedImporter)The same field name is serialized multiple times in the class or its parent class. This is not supported: Base(MonoBehaviour) canSpawn
UnityEngine.Debug:ExtractStackTraceNoAlloc (byte*,int,string)
UnityEngine.StackTraceUtility:ExtractStackTrace ()
UnityEditor.SerializedObject:InternalCreate (UnityEngine.Object[],UnityEngine.Object)
UnityEditor.SerializedObject:.ctor (UnityEngine.Object)
UnityEditor.Search.ObjectIndexer:IndexObject (int,UnityEngine.Object,bool,bool)
UnityEditor.Search.ObjectIndexer:IndexObject (int,UnityEngine.Object,bool)
UnityEditor.Search.AssetIndexer:IndexProperties (int&,string&,bool&)
UnityEditor.Search.AssetIndexer:IndexDocument (string,bool)
UnityEditor.Search.SearchIndexArtifactImporter:OnImportAsset (UnityEditor.AssetImporters.AssetImportContext)
UnityEditor.AssetImporters.ScriptedImporter:GenerateAssetData (UnityEditor.AssetImporters.AssetImportContext)

[C:\build\output\unity\unity\Runtime\Serialize\TransferFunctions\GenerateTypeTreeTransfer.cpp line 102]

The same field name is serialized multiple times in the class or its parent class. This is not supported: Base(MonoBehaviour) blueSoulPattern
UnityEngine.Debug:ExtractStackTraceNoAlloc (byte*,int,string)
UnityEngine.StackTraceUtility:ExtractStackTrace ()
UnityEditor.SerializedObject:InternalCreate (UnityEngine.Object[],UnityEngine.Object)
UnityEditor.SerializedObject:.ctor (UnityEngine.Object)
UnityEditor.Search.ObjectIndexer:IndexObject (int,UnityEngine.Object,bool,bool)
UnityEditor.Search.ObjectIndexer:IndexObject (int,UnityEngine.Object,bool)
UnityEditor.Search.AssetIndexer:IndexProperties (int&,string&,bool&)
UnityEditor.Search.AssetIndexer:IndexDocument (string,bool)
UnityEditor.Search.SearchIndexArtifactImporter:OnImportAsset (UnityEditor.AssetImporters.AssetImportContext)
UnityEditor.AssetImporters.ScriptedImporter:GenerateAssetData (UnityEditor.AssetImporters.AssetImportContext)

[C:\build\output\unity\unity\Runtime\Serialize\TransferFunctions\GenerateTypeTreeTransfer.cpp line 102]

The same field name is serialized multiple times in the class or its parent class. This is not supported: Base(MonoBehaviour) phase
UnityEngine.Debug:ExtractStackTraceNoAlloc (byte*,int,string)
UnityEngine.StackTraceUtility:ExtractStackTrace ()
UnityEditor.SerializedObject:InternalCreate (UnityEngine.Object[],UnityEngine.Object)
UnityEditor.SerializedObject:.ctor (UnityEngine.Object)
UnityEditor.Search.ObjectIndexer:IndexObject (int,UnityEngine.Object,bool,bool)
UnityEditor.Search.ObjectIndexer:IndexObject (int,UnityEngine.Object,bool)
UnityEditor.Search.AssetIndexer:IndexProperties (int&,string&,bool&)
UnityEditor.Search.AssetIndexer:IndexDocument (string,bool)
UnityEditor.Search.SearchIndexArtifactImporter:OnImportAsset (UnityEditor.AssetImporters.AssetImportContext)
UnityEditor.AssetImporters.ScriptedImporter:GenerateAssetData (UnityEditor.AssetImporters.AssetImportContext)

[C:\build\output\unity\unity\Runtime\Serialize\TransferFunctions\GenerateTypeTreeTransfer.cpp line 102]

 -> (artifact id: 'bca306d8e96d1a0ed493bf1ad009f732') in 0.0401343 seconds
Number of updated asset objects reloaded before import = 0Number of asset objects unloaded after import = 5

========================================================================
Received Import Request.
  Time since last request: 8.247742 seconds.
  path: Assets/Juego/BattleEscene.unity
  artifactKey: Guid(ef9bbaf3f4f39f34b8e97d6a37d7cc45) Importer(2089858483,b0f066a214c2f5e87bad3c948f4d605d)
Start importing Assets/Juego/BattleEscene.unity using Guid(ef9bbaf3f4f39f34b8e97d6a37d7cc45) Importer(2089858483,b0f066a214c2f5e87bad3c948f4d605d) (ScriptedImporter) -> (artifact id: 'd4e6ce0025044d987a5b1e36e937f79d') in 0.0182258 seconds
Number of updated asset objects reloaded before import = 0Number of asset objects unloaded after import = 1

========================================================================
Received Import Request.
  Time since last request: 861.008275 seconds.
  path: Assets/Juego/Prefap/Spawner/Weapon Pack - FREE by VladPenn.jpg
  artifactKey: Guid(d0688265eca334445b7c076e7dab34fc) Importer(815301076,1909f56bfc062723c751e8b465ee728b)
Start importing Assets/Juego/Prefap/Spawner/Weapon Pack - FREE by VladPenn.jpg using Guid(d0688265eca334445b7c076e7dab34fc) Importer(815301076,1909f56bfc062723c751e8b465ee728b) (PreviewImporter) -> (artifact id: '19056488f54d220c00b251a85e098f98') in 0.044375 seconds
Number of updated asset objects reloaded before import = 0Number of asset objects unloaded after import = 3

========================================================================
Received Import Request.
  Time since last request: 0.940380 seconds.
  path: Assets/Juego/Prefap/Spawner/Weapon Pack - FREE by VladPenn.jpg
  artifactKey: Guid(d0688265eca334445b7c076e7dab34fc) Importer(2089858483,b0f066a214c2f5e87bad3c948f4d605d)
Start importing Assets/Juego/Prefap/Spawner/Weapon Pack - FREE by VladPenn.jpg using Guid(d0688265eca334445b7c076e7dab34fc) Importer(2089858483,b0f066a214c2f5e87bad3c948f4d605d) (ScriptedImporter) -> (artifact id: '75fd32c2ada9bad865ac73a41d61713a') in 0.0452704 seconds
Number of updated asset objects reloaded before import = 0Number of asset objects unloaded after import = 3

========================================================================
Received Import Request.
  Time since last request: 49.391999 seconds.
  path: Assets/Juego/Prefap/Attacks/Weapon_Pack_-_FREE_by_VladPenn-removebg-preview.png
  artifactKey: Guid(60f1a4018440e1143809ae72d0028f00) Importer(815301076,1909f56bfc062723c751e8b465ee728b)
Start importing Assets/Juego/Prefap/Attacks/Weapon_Pack_-_FREE_by_VladPenn-removebg-preview.png using Guid(60f1a4018440e1143809ae72d0028f00) Importer(815301076,1909f56bfc062723c751e8b465ee728b) (PreviewImporter) -> (artifact id: 'c6729dc86c04f998f0f45a798cf4eb3c') in 0.0566678 seconds
Number of updated asset objects reloaded before import = 0Number of asset objects unloaded after import = 23

========================================================================
Received Import Request.
  Time since last request: 0.058585 seconds.
  path: Assets/Juego/Prefap/Attacks/Weapon_Pack_-_FREE_by_VladPenn-removebg-preview.png
  artifactKey: Guid(60f1a4018440e1143809ae72d0028f00) Importer(2089858483,b0f066a214c2f5e87bad3c948f4d605d)
Start importing Assets/Juego/Prefap/Attacks/Weapon_Pack_-_FREE_by_VladPenn-removebg-preview.png using Guid(60f1a4018440e1143809ae72d0028f00) Importer(2089858483,b0f066a214c2f5e87bad3c948f4d605d) (ScriptedImporter) -> (artifact id: '769db6cb7a3a1bc8990328f5f1e5a15e') in 0.0327776 seconds
Number of updated asset objects reloaded before import = 0Number of asset objects unloaded after import = 23

========================================================================
Received Import Request.
  Time since last request: 27.976131 seconds.
  path: Assets/Juego/Prefap/Attacks/Weapon_Pack_-_FREE_by_VladPenn-removebg-preview.png
  artifactKey: Guid(60f1a4018440e1143809ae72d0028f00) Importer(815301076,1909f56bfc062723c751e8b465ee728b)
Start importing Assets/Juego/Prefap/Attacks/Weapon_Pack_-_FREE_by_VladPenn-removebg-preview.png using Guid(60f1a4018440e1143809ae72d0028f00) Importer(815301076,1909f56bfc062723c751e8b465ee728b) (PreviewImporter) -> (artifact id: 'da72f6a8863617991bda2fab4463143f') in 0.0430697 seconds
Number of updated asset objects reloaded before import = 0Number of asset objects unloaded after import = 23

========================================================================
Received Import Request.
  Time since last request: 0.946814 seconds.
  path: Assets/Juego/Prefap/Attacks/Weapon_Pack_-_FREE_by_VladPenn-removebg-preview.png
  artifactKey: Guid(60f1a4018440e1143809ae72d0028f00) Importer(2089858483,b0f066a214c2f5e87bad3c948f4d605d)
Start importing Assets/Juego/Prefap/Attacks/Weapon_Pack_-_FREE_by_VladPenn-removebg-preview.png using Guid(60f1a4018440e1143809ae72d0028f00) Importer(2089858483,b0f066a214c2f5e87bad3c948f4d605d) (ScriptedImporter) -> (artifact id: '5440e6c4d478f09c975f7d6bd7e8b3e6') in 0.0303927 seconds
Number of updated asset objects reloaded before import = 0Number of asset objects unloaded after import = 23

========================================================================
Received Import Request.
  Time since last request: 10.182122 seconds.
  path: Assets/Juego/Prefap/Attacks/TrancicionArrow.prefab
  artifactKey: Guid(0b1198312e29f42429989c4bccafb3cd) Importer(815301076,1909f56bfc062723c751e8b465ee728b)
Start importing Assets/Juego/Prefap/Attacks/TrancicionArrow.prefab using Guid(0b1198312e29f42429989c4bccafb3cd) Importer(815301076,1909f56bfc062723c751e8b465ee728b) (PreviewImporter) -> (artifact id: '5050ed3a40c191d8361109074a5d4e52') in 0.027256 seconds
Number of updated asset objects reloaded before import = 0Number of asset objects unloaded after import = 10

========================================================================
Received Import Request.
  Time since last request: 0.947220 seconds.
  path: Assets/Juego/Prefap/Attacks/TrancicionArrow.prefab
  artifactKey: Guid(0b1198312e29f42429989c4bccafb3cd) Importer(2089858483,b0f066a214c2f5e87bad3c948f4d605d)
Start importing Assets/Juego/Prefap/Attacks/TrancicionArrow.prefab using Guid(0b1198312e29f42429989c4bccafb3cd) Importer(2089858483,b0f066a214c2f5e87bad3c948f4d605d) (ScriptedImporter) -> (artifact id: '8a3ef3405dcd8064e7dafdcdb8743b0e') in 0.0347421 seconds
Number of updated asset objects reloaded before import = 0Number of asset objects unloaded after import = 10

========================================================================
Received Import Request.
  Time since last request: 19.866583 seconds.
  path: Assets/Juego/Prefap/Attacks/TrancicionArrow.prefab
  artifactKey: Guid(0b1198312e29f42429989c4bccafb3cd) Importer(815301076,1909f56bfc062723c751e8b465ee728b)
Start importing Assets/Juego/Prefap/Attacks/TrancicionArrow.prefab using Guid(0b1198312e29f42429989c4bccafb3cd) Importer(815301076,1909f56bfc062723c751e8b465ee728b) (PreviewImporter) -> (artifact id: '4d8111fa0e2d7176895dc5629e3342dd') in 0.0136678 seconds
Number of updated asset objects reloaded before import = 0Number of asset objects unloaded after import = 10

========================================================================
Received Import Request.
  Time since last request: 0.966251 seconds.
  path: Assets/Juego/Prefap/Attacks/TrancicionArrow.prefab
  artifactKey: Guid(0b1198312e29f42429989c4bccafb3cd) Importer(2089858483,b0f066a214c2f5e87bad3c948f4d605d)
Start importing Assets/Juego/Prefap/Attacks/TrancicionArrow.prefab using Guid(0b1198312e29f42429989c4bccafb3cd) Importer(2089858483,b0f066a214c2f5e87bad3c948f4d605d) (ScriptedImporter) -> (artifact id: '77d3948a389ed634f9e325e59ae1e678') in 0.0194742 seconds
Number of updated asset objects reloaded before import = 0Number of asset objects unloaded after import = 10

========================================================================
Received Import Request.
  Time since last request: 2.065536 seconds.
  path: Assets/Juego/Prefap/Attacks/TrancicionArrow.prefab
  artifactKey: Guid(0b1198312e29f42429989c4bccafb3cd) Importer(815301076,1909f56bfc062723c751e8b465ee728b)
Start importing Assets/Juego/Prefap/Attacks/TrancicionArrow.prefab using Guid(0b1198312e29f42429989c4bccafb3cd) Importer(815301076,1909f56bfc062723c751e8b465ee728b) (PreviewImporter) -> (artifact id: '1673024bed231a951d3e7c819c8897ac') in 0.0061801 seconds
Number of updated asset objects reloaded before import = 0Number of asset objects unloaded after import = 10

========================================================================
Received Import Request.
  Time since last request: 0.972588 seconds.
  path: Assets/Juego/Prefap/Attacks/TrancicionArrow.prefab
  artifactKey: Guid(0b1198312e29f42429989c4bccafb3cd) Importer(2089858483,b0f066a214c2f5e87bad3c948f4d605d)
Start importing Assets/Juego/Prefap/Attacks/TrancicionArrow.prefab using Guid(0b1198312e29f42429989c4bccafb3cd) Importer(2089858483,b0f066a214c2f5e87bad3c948f4d605d) (ScriptedImporter) -> (artifact id: 'e67e71b79e662f9b75c619269e76163f') in 0.0179232 seconds
Number of updated asset objects reloaded before import = 0Number of asset objects unloaded after import = 10

========================================================================
Received Import Request.
  Time since last request: 7.071670 seconds.
  path: Assets/Juego/Prefap/Attacks/TrancicionArrow.prefab
  artifactKey: Guid(0b1198312e29f42429989c4bccafb3cd) Importer(815301076,1909f56bfc062723c751e8b465ee728b)
Start importing Assets/Juego/Prefap/Attacks/TrancicionArrow.prefab using Guid(0b1198312e29f42429989c4bccafb3cd) Importer(815301076,1909f56bfc062723c751e8b465ee728b) (PreviewImporter) -> (artifact id: '0cbc1921f7aab2f70f6c7b7a453d2e37') in 0.0066937 seconds
Number of updated asset objects reloaded before import = 0Number of asset objects unloaded after import = 11

========================================================================
Received Import Request.
  Time since last request: 0.977526 seconds.
  path: Assets/Juego/Prefap/Attacks/TrancicionArrow.prefab
  artifactKey: Guid(0b1198312e29f42429989c4bccafb3cd) Importer(2089858483,b0f066a214c2f5e87bad3c948f4d605d)
Start importing Assets/Juego/Prefap/Attacks/TrancicionArrow.prefab using Guid(0b1198312e29f42429989c4bccafb3cd) Importer(2089858483,b0f066a214c2f5e87bad3c948f4d605d) (ScriptedImporter) -> (artifact id: 'd04903260367589d8b8480d5f9698324') in 0.0186421 seconds
Number of updated asset objects reloaded before import = 0Number of asset objects unloaded after import = 11

========================================================================
Received Import Request.
  Time since last request: 3.632340 seconds.
  path: Assets/Juego/Prefap/Attacks/TrancicionArrow.prefab
  artifactKey: Guid(0b1198312e29f42429989c4bccafb3cd) Importer(815301076,1909f56bfc062723c751e8b465ee728b)
Start importing Assets/Juego/Prefap/Attacks/TrancicionArrow.prefab using Guid(0b1198312e29f42429989c4bccafb3cd) Importer(815301076,1909f56bfc062723c751e8b465ee728b) (PreviewImporter) -> (artifact id: 'f68948582edbd635602ceb7996db5e3f') in 0.006609 seconds
Number of updated asset objects reloaded before import = 0Number of asset objects unloaded after import = 11

========================================================================
Received Import Request.
  Time since last request: 0.969940 seconds.
  path: Assets/Juego/Prefap/Attacks/TrancicionArrow.prefab
  artifactKey: Guid(0b1198312e29f42429989c4bccafb3cd) Importer(2089858483,b0f066a214c2f5e87bad3c948f4d605d)
Start importing Assets/Juego/Prefap/Attacks/TrancicionArrow.prefab using Guid(0b1198312e29f42429989c4bccafb3cd) Importer(2089858483,b0f066a214c2f5e87bad3c948f4d605d) (ScriptedImporter) -> (artifact id: '7edcb5e065acb77634ea3ea874d85ccd') in 0.0146218 seconds
Number of updated asset objects reloaded before import = 0Number of asset objects unloaded after import = 11

========================================================================
Received Import Request.
  Time since last request: 2.518905 seconds.
  path: Assets/Juego/Prefap/Attacks/TrancicionArrow.prefab
  artifactKey: Guid(0b1198312e29f42429989c4bccafb3cd) Importer(815301076,1909f56bfc062723c751e8b465ee728b)
Start importing Assets/Juego/Prefap/Attacks/TrancicionArrow.prefab using Guid(0b1198312e29f42429989c4bccafb3cd) Importer(815301076,1909f56bfc062723c751e8b465ee728b) (PreviewImporter) -> (artifact id: '59c2463a6b8d97e1bc88a3a803a7d8b8') in 0.006821 seconds
Number of updated asset objects reloaded before import = 0Number of asset objects unloaded after import = 10

========================================================================
Received Import Request.
  Time since last request: 0.966787 seconds.
  path: Assets/Juego/Prefap/Attacks/TrancicionArrow.prefab
  artifactKey: Guid(0b1198312e29f42429989c4bccafb3cd) Importer(2089858483,b0f066a214c2f5e87bad3c948f4d605d)
Start importing Assets/Juego/Prefap/Attacks/TrancicionArrow.prefab using Guid(0b1198312e29f42429989c4bccafb3cd) Importer(2089858483,b0f066a214c2f5e87bad3c948f4d605d) (ScriptedImporter) -> (artifact id: 'a8bafcfcf2173098cdc5ac7c5db2b343') in 0.0168186 seconds
Number of updated asset objects reloaded before import = 0Number of asset objects unloaded after import = 10

========================================================================
Received Prepare
Begin MonoManager ReloadAssembly
[Licensing::Client] Successfully resolved entitlement details
- Loaded All Assemblies, in  0.635 seconds
Refreshing native plugins compatible for Editor in 1.47 ms, found 4 plugins.
Native extension for WindowsStandalone target not found
[Package Manager] Failed to launch server process. Reason: Unity was launched with the -noUpm command-line argument
[Package Manager] Unable to send message (not connected to server process).
[Package Manager] Cannot connect to Unity Package Manager local server
ScheduleIndexationOnStartup MainProcess:False IndexOnStartup:True
Mono: successfully reloaded assembly
- Finished resetting the current domain, in  0.648 seconds
Domain Reload Profiling: 1283ms
	BeginReloadAssembly (189ms)
		ExecutionOrderSort (0ms)
		DisableScriptedObjects (12ms)
		BackupInstance (0ms)
		ReleaseScriptingObjects (0ms)
		CreateAndSetChildDomain (53ms)
	RebuildCommonClasses (39ms)
	RebuildNativeTypeToScriptingClass (12ms)
	initialDomainReloadingComplete (24ms)
	LoadAllAssembliesAndSetupDomain (371ms)
		LoadAssemblies (299ms)
		RebuildTransferFunctionScriptingTraits (0ms)
		AnalyzeDomain (148ms)
			TypeCache.Refresh (5ms)
				TypeCache.ScanAssembly (0ms)
			BuildScriptInfoCaches (131ms)
			ResolveRequiredComponents (7ms)
	FinalizeReload (648ms)
		ReleaseScriptCaches (0ms)
		RebuildScriptCaches (0ms)
		SetupLoadedEditorAssemblies (520ms)
			LogAssemblyErrors (0ms)
			InitializePlatformSupportModulesInManaged (1ms)
			SetLoadedEditorAssemblies (4ms)
			BeforeProcessingInitializeOnLoad (153ms)
			ProcessInitializeOnLoadAttributes (294ms)
			ProcessInitializeOnLoadMethodAttributes (62ms)
			AfterProcessingInitializeOnLoad (5ms)
			EditorAssembliesLoaded (0ms)
		ExecutionOrderSort2 (0ms)
		AwakeInstancesAfterBackupRestoration (8ms)
Refreshing native plugins compatible for Editor in 1.83 ms, found 4 plugins.
Preloading 0 native plugins for Editor in 0.00 ms.
Unloading 0 Unused Serialized files (Serialized files now loaded: 0)
Unloading 5071 unused Assets / (1.4 MB). Loaded Objects now: 5825.
Memory consumption went from 106.9 MB to 105.5 MB.
Total: 8.423000 ms (FindLiveObjects: 0.589000 ms CreateObjectMapping: 0.286200 ms MarkObjects: 5.991000 ms  DeleteObjects: 1.555000 ms)

Prepare: number of updated asset objects reloaded= 0
========================================================================
Received Import Request.
  Time since last request: 27.438378 seconds.
  path: Assets/Juego/Prefap/Attacks/TrancicionArrow.prefab
  artifactKey: Guid(0b1198312e29f42429989c4bccafb3cd) Importer(815301076,1909f56bfc062723c751e8b465ee728b)
Start importing Assets/Juego/Prefap/Attacks/TrancicionArrow.prefab using Guid(0b1198312e29f42429989c4bccafb3cd) Importer(815301076,1909f56bfc062723c751e8b465ee728b) (PreviewImporter) -> (artifact id: 'c7e81a3f00e623a410582ea1175bda70') in 0.0651105 seconds
Number of updated asset objects reloaded before import = 0Number of asset objects unloaded after import = 10

========================================================================
Received Import Request.
  Time since last request: 2.097231 seconds.
  path: Assets/Juego/Prefap/Attacks/TrancicionArrow.prefab
  artifactKey: Guid(0b1198312e29f42429989c4bccafb3cd) Importer(815301076,1909f56bfc062723c751e8b465ee728b)
Start importing Assets/Juego/Prefap/Attacks/TrancicionArrow.prefab using Guid(0b1198312e29f42429989c4bccafb3cd) Importer(815301076,1909f56bfc062723c751e8b465ee728b) (PreviewImporter) -> (artifact id: '867a2aa168e68d2b2596fad88d200925') in 0.0128449 seconds
Number of updated asset objects reloaded before import = 0Number of asset objects unloaded after import = 10

========================================================================
Received Import Request.
  Time since last request: 2.208040 seconds.
  path: Assets/Juego/Prefap/Attacks/TrancicionArrow.prefab
  artifactKey: Guid(0b1198312e29f42429989c4bccafb3cd) Importer(815301076,1909f56bfc062723c751e8b465ee728b)
Start importing Assets/Juego/Prefap/Attacks/TrancicionArrow.prefab using Guid(0b1198312e29f42429989c4bccafb3cd) Importer(815301076,1909f56bfc062723c751e8b465ee728b) (PreviewImporter) -> (artifact id: 'fb814b9d2565f3d2cc0c7f2552987732') in 0.0132919 seconds
Number of updated asset objects reloaded before import = 0Number of asset objects unloaded after import = 10

========================================================================
Received Import Request.
  Time since last request: 2.145361 seconds.
  path: Assets/Juego/Prefap/Attacks/TrancicionArrow.prefab
  artifactKey: Guid(0b1198312e29f42429989c4bccafb3cd) Importer(815301076,1909f56bfc062723c751e8b465ee728b)
Start importing Assets/Juego/Prefap/Attacks/TrancicionArrow.prefab using Guid(0b1198312e29f42429989c4bccafb3cd) Importer(815301076,1909f56bfc062723c751e8b465ee728b) (PreviewImporter) -> (artifact id: 'fd0d0d6e51c38755b093fce1d3293383') in 0.0141076 seconds
Number of updated asset objects reloaded before import = 0Number of asset objects unloaded after import = 10

========================================================================
Received Prepare
Begin MonoManager ReloadAssembly
- Loaded All Assemblies, in  0.589 seconds
Refreshing native plugins compatible for Editor in 1.37 ms, found 4 plugins.
Native extension for WindowsStandalone target not found
[Package Manager] Failed to launch server process. Reason: Unity was launched with the -noUpm command-line argument
[Package Manager] Unable to send message (not connected to server process).
[Package Manager] Cannot connect to Unity Package Manager local server
ScheduleIndexationOnStartup MainProcess:False IndexOnStartup:True
Mono: successfully reloaded assembly
- Finished resetting the current domain, in  0.705 seconds
Domain Reload Profiling: 1294ms
	BeginReloadAssembly (181ms)
		ExecutionOrderSort (0ms)
		DisableScriptedObjects (15ms)
		BackupInstance (0ms)
		ReleaseScriptingObjects (0ms)
		CreateAndSetChildDomain (47ms)
	RebuildCommonClasses (31ms)
	RebuildNativeTypeToScriptingClass (10ms)
	initialDomainReloadingComplete (30ms)
	LoadAllAssembliesAndSetupDomain (337ms)
		LoadAssemblies (264ms)
		RebuildTransferFunctionScriptingTraits (0ms)
		AnalyzeDomain (150ms)
			TypeCache.Refresh (5ms)
				TypeCache.ScanAssembly (0ms)
			BuildScriptInfoCaches (134ms)
			ResolveRequiredComponents (7ms)
	FinalizeReload (705ms)
		ReleaseScriptCaches (0ms)
		RebuildScriptCaches (0ms)
		SetupLoadedEditorAssemblies (578ms)
			LogAssemblyErrors (0ms)
			InitializePlatformSupportModulesInManaged (1ms)
			SetLoadedEditorAssemblies (5ms)
			BeforeProcessingInitializeOnLoad (164ms)
			ProcessInitializeOnLoadAttributes (340ms)
			ProcessInitializeOnLoadMethodAttributes (62ms)
			AfterProcessingInitializeOnLoad (5ms)
			EditorAssembliesLoaded (0ms)
		ExecutionOrderSort2 (0ms)
		AwakeInstancesAfterBackupRestoration (8ms)
Refreshing native plugins compatible for Editor in 1.22 ms, found 4 plugins.
Preloading 0 native plugins for Editor in 0.00 ms.
Unloading 0 Unused Serialized files (Serialized files now loaded: 0)
Unloading 5071 unused Assets / (1.5 MB). Loaded Objects now: 5828.
Memory consumption went from 106.9 MB to 105.4 MB.
Total: 8.369700 ms (FindLiveObjects: 0.601300 ms CreateObjectMapping: 0.249700 ms MarkObjects: 5.854000 ms  DeleteObjects: 1.663400 ms)

Prepare: number of updated asset objects reloaded= 0
========================================================================
Received Import Request.
  Time since last request: 47.379924 seconds.
  path: Assets/Juego/Prefap/Spawner/AutomatasSpawner.prefab
  artifactKey: Guid(f4d946b6dcdc3474a98f4050787a50c4) Importer(815301076,1909f56bfc062723c751e8b465ee728b)
Start importing Assets/Juego/Prefap/Spawner/AutomatasSpawner.prefab using Guid(f4d946b6dcdc3474a98f4050787a50c4) Importer(815301076,1909f56bfc062723c751e8b465ee728b) (PreviewImporter)The same field name is serialized multiple times in the class or its parent class. This is not supported: Base(MonoBehaviour) canSpawn
The same field name is serialized multiple times in the class or its parent class. This is not supported: Base(MonoBehaviour) blueSoulPattern
The same field name is serialized multiple times in the class or its parent class. This is not supported: Base(MonoBehaviour) phase
 -> (artifact id: '8e5b69eb7fadaa922609c8e00b8d9676') in 0.050792 seconds
Number of updated asset objects reloaded before import = 0Number of asset objects unloaded after import = 46

========================================================================
Received Import Request.
  Time since last request: 15.721551 seconds.
  path: Assets/Juego/Prefap/Spawner/ElectronicsSpawner.prefab
  artifactKey: Guid(159f294030032204980c78c28eca8b5e) Importer(815301076,1909f56bfc062723c751e8b465ee728b)
Start importing Assets/Juego/Prefap/Spawner/ElectronicsSpawner.prefab using Guid(159f294030032204980c78c28eca8b5e) Importer(815301076,1909f56bfc062723c751e8b465ee728b) (PreviewImporter)The same field name is serialized multiple times in the class or its parent class. This is not supported: Base(MonoBehaviour) canSpawn
The same field name is serialized multiple times in the class or its parent class. This is not supported: Base(MonoBehaviour) blueSoulPattern
The same field name is serialized multiple times in the class or its parent class. This is not supported: Base(MonoBehaviour) phase
 -> (artifact id: 'de9afe3c23ee228a4fa0dd5d6f27a90a') in 0.0030609 seconds
Number of updated asset objects reloaded before import = 0Number of asset objects unloaded after import = 27

========================================================================
Received Import Request.
  Time since last request: 405.521351 seconds.
  path: Assets/Juego/Prefap/Attacks/GenericFalling.prefab
  artifactKey: Guid(b987211bf2cbf8c4297dcc6aabf16ed3) Importer(815301076,1909f56bfc062723c751e8b465ee728b)
Start importing Assets/Juego/Prefap/Attacks/GenericFalling.prefab using Guid(b987211bf2cbf8c4297dcc6aabf16ed3) Importer(815301076,1909f56bfc062723c751e8b465ee728b) (PreviewImporter) -> (artifact id: '657ddd6a716ac601609f84bd7bc78f89') in 0.042371 seconds
Number of updated asset objects reloaded before import = 0Number of asset objects unloaded after import = 10

========================================================================
Received Import Request.
  Time since last request: 0.000027 seconds.
  path: Assets/Juego/Prefap/Attacks/GenericZone.prefab
  artifactKey: Guid(a562ecdb71ee6bb40a78062c7e04bf97) Importer(815301076,1909f56bfc062723c751e8b465ee728b)
Start importing Assets/Juego/Prefap/Attacks/GenericZone.prefab using Guid(a562ecdb71ee6bb40a78062c7e04bf97) Importer(815301076,1909f56bfc062723c751e8b465ee728b) (PreviewImporter) -> (artifact id: '99be3b94e8cd1daf2f873e714d932f05') in 0.0150053 seconds
Number of updated asset objects reloaded before import = 0Number of asset objects unloaded after import = 10

========================================================================
Received Import Request.
  Time since last request: 66.558708 seconds.
  path: Assets/Juego/Prefap/TestBattleSelector.prefab
  artifactKey: Guid(8f8af4c558f51414a8f6c53c1fca7a99) Importer(815301076,1909f56bfc062723c751e8b465ee728b)
Start importing Assets/Juego/Prefap/TestBattleSelector.prefab using Guid(8f8af4c558f51414a8f6c53c1fca7a99) Importer(815301076,1909f56bfc062723c751e8b465ee728b) (PreviewImporter)The same field name is serialized multiple times in the class or its parent class. This is not supported: Base(MonoBehaviour) phase
The same field name is serialized multiple times in the class or its parent class. This is not supported: Base(MonoBehaviour) canSpawn
The same field name is serialized multiple times in the class or its parent class. This is not supported: Base(MonoBehaviour) blueSoulPattern
 -> (artifact id: '40d3dd023f6ca96578c41981eea5f645') in 0.0251397 seconds
Number of updated asset objects reloaded before import = 0Number of asset objects unloaded after import = 111

========================================================================
Received Import Request.
  Time since last request: 29.958907 seconds.
  path: Assets/Juego/Prefap/Spawner/GenericAttackSpawner.prefab
  artifactKey: Guid(c17a5fe46ec934f4aaaccae731d11484) Importer(815301076,1909f56bfc062723c751e8b465ee728b)
Start importing Assets/Juego/Prefap/Spawner/GenericAttackSpawner.prefab using Guid(c17a5fe46ec934f4aaaccae731d11484) Importer(815301076,1909f56bfc062723c751e8b465ee728b) (PreviewImporter)The same field name is serialized multiple times in the class or its parent class. This is not supported: Base(MonoBehaviour) canSpawn
The same field name is serialized multiple times in the class or its parent class. This is not supported: Base(MonoBehaviour) blueSoulPattern
The same field name is serialized multiple times in the class or its parent class. This is not supported: Base(MonoBehaviour) phase
 -> (artifact id: '03ee1a6e1c61d8570feccdcf9660b671') in 0.0032837 seconds
Number of updated asset objects reloaded before import = 0Number of asset objects unloaded after import = 14

========================================================================
Received Import Request.
  Time since last request: 1.766732 seconds.
  path: Assets/Juego/Prefap/Spawner/GenericAttackSpawner.prefab
  artifactKey: Guid(c17a5fe46ec934f4aaaccae731d11484) Importer(815301076,1909f56bfc062723c751e8b465ee728b)
Start importing Assets/Juego/Prefap/Spawner/GenericAttackSpawner.prefab using Guid(c17a5fe46ec934f4aaaccae731d11484) Importer(815301076,1909f56bfc062723c751e8b465ee728b) (PreviewImporter) -> (artifact id: '5f0d806f6624d59755e95a025b98e2ee') in 0.0030549 seconds
Number of updated asset objects reloaded before import = 0Number of asset objects unloaded after import = 22

========================================================================
Received Import Request.
  Time since last request: 1.449472 seconds.
  path: Assets/Juego/Prefap/Spawner/GenericAttackSpawner.prefab
  artifactKey: Guid(c17a5fe46ec934f4aaaccae731d11484) Importer(815301076,1909f56bfc062723c751e8b465ee728b)
Start importing Assets/Juego/Prefap/Spawner/GenericAttackSpawner.prefab using Guid(c17a5fe46ec934f4aaaccae731d11484) Importer(815301076,1909f56bfc062723c751e8b465ee728b) (PreviewImporter) -> (artifact id: 'bbc26e89a3a893a309417be8d3375897') in 0.0031751 seconds
Number of updated asset objects reloaded before import = 0Number of asset objects unloaded after import = 30

========================================================================
Received Import Request.
  Time since last request: 90.437592 seconds.
  path: Assets/Juego/Prefap/Attacks/TrancicionArrow.prefab
  artifactKey: Guid(0b1198312e29f42429989c4bccafb3cd) Importer(2089858483,b0f066a214c2f5e87bad3c948f4d605d)
Start importing Assets/Juego/Prefap/Attacks/TrancicionArrow.prefab using Guid(0b1198312e29f42429989c4bccafb3cd) Importer(2089858483,b0f066a214c2f5e87bad3c948f4d605d) (ScriptedImporter) -> (artifact id: '187f2723756c71a9fd70a9cf24299b3d') in 0.1377827 seconds
Number of updated asset objects reloaded before import = 0Number of asset objects unloaded after import = 10

========================================================================
Received Import Request.
  Time since last request: 0.000025 seconds.
  path: Assets/Juego/Prefap/Attacks/GenericFalling.prefab
  artifactKey: Guid(b987211bf2cbf8c4297dcc6aabf16ed3) Importer(2089858483,b0f066a214c2f5e87bad3c948f4d605d)
Start importing Assets/Juego/Prefap/Attacks/GenericFalling.prefab using Guid(b987211bf2cbf8c4297dcc6aabf16ed3) Importer(2089858483,b0f066a214c2f5e87bad3c948f4d605d) (ScriptedImporter) -> (artifact id: 'eec9076037d387ee84642a0a6a38e8f5') in 0.019864 seconds
Number of updated asset objects reloaded before import = 0Number of asset objects unloaded after import = 10

========================================================================
Received Import Request.
  Time since last request: 0.000029 seconds.
  path: Assets/Juego/Prefap/Attacks/GenericZone.prefab
  artifactKey: Guid(a562ecdb71ee6bb40a78062c7e04bf97) Importer(2089858483,b0f066a214c2f5e87bad3c948f4d605d)
Start importing Assets/Juego/Prefap/Attacks/GenericZone.prefab using Guid(a562ecdb71ee6bb40a78062c7e04bf97) Importer(2089858483,b0f066a214c2f5e87bad3c948f4d605d) (ScriptedImporter) -> (artifact id: '0a23ef1e613e19b49071c38c82120222') in 0.019596 seconds
Number of updated asset objects reloaded before import = 0Number of asset objects unloaded after import = 10

========================================================================
Received Import Request.
  Time since last request: 0.000023 seconds.
  path: Assets/Juego/Prefap/TestBattleSelector.prefab
  artifactKey: Guid(8f8af4c558f51414a8f6c53c1fca7a99) Importer(2089858483,b0f066a214c2f5e87bad3c948f4d605d)
Start importing Assets/Juego/Prefap/TestBattleSelector.prefab using Guid(8f8af4c558f51414a8f6c53c1fca7a99) Importer(2089858483,b0f066a214c2f5e87bad3c948f4d605d) (ScriptedImporter) -> (artifact id: '073363c25d3c8e307802871c600b2dcd') in 0.035661 seconds
Number of updated asset objects reloaded before import = 0Number of asset objects unloaded after import = 111

========================================================================
Received Import Request.
  Time since last request: 7.952838 seconds.
  path: Assets/Juego/EnemyData/Q.asset
  artifactKey: Guid(3d7436304727de743b9eaefa22a05205) Importer(815301076,1909f56bfc062723c751e8b465ee728b)
Start importing Assets/Juego/EnemyData/Q.asset using Guid(3d7436304727de743b9eaefa22a05205) Importer(815301076,1909f56bfc062723c751e8b465ee728b) (PreviewImporter) -> (artifact id: '1e73f65b2b2a24b52f2aceb517e6bd40') in 0.001173 seconds
Number of updated asset objects reloaded before import = 0Number of asset objects unloaded after import = 1

========================================================================
Received Import Request.
  Time since last request: 0.987254 seconds.
  path: Assets/Juego/EnemyData/Q.asset
  artifactKey: Guid(3d7436304727de743b9eaefa22a05205) Importer(2089858483,b0f066a214c2f5e87bad3c948f4d605d)
Start importing Assets/Juego/EnemyData/Q.asset using Guid(3d7436304727de743b9eaefa22a05205) Importer(2089858483,b0f066a214c2f5e87bad3c948f4d605d) (ScriptedImporter) -> (artifact id: '0b1dc24de342a8ec9c2e5cbfa0c677c0') in 0.0192328 seconds
Number of updated asset objects reloaded before import = 0Number of asset objects unloaded after import = 1

========================================================================
Received Import Request.
  Time since last request: 0.680634 seconds.
  path: Assets/Juego/EnemyData/Q 1.asset
  artifactKey: Guid(615c1903d5a359e44aee998d458b5040) Importer(815301076,1909f56bfc062723c751e8b465ee728b)
Start importing Assets/Juego/EnemyData/Q 1.asset using Guid(615c1903d5a359e44aee998d458b5040) Importer(815301076,1909f56bfc062723c751e8b465ee728b) (PreviewImporter) -> (artifact id: '041044ba0ddd65ff8d0363a27560defe') in 0.0012141 seconds
Number of updated asset objects reloaded before import = 0Number of asset objects unloaded after import = 1

========================================================================
Received Import Request.
  Time since last request: 0.964718 seconds.
  path: Assets/Juego/EnemyData/Q 1.asset
  artifactKey: Guid(615c1903d5a359e44aee998d458b5040) Importer(2089858483,b0f066a214c2f5e87bad3c948f4d605d)
Start importing Assets/Juego/EnemyData/Q 1.asset using Guid(615c1903d5a359e44aee998d458b5040) Importer(2089858483,b0f066a214c2f5e87bad3c948f4d605d) (ScriptedImporter) -> (artifact id: 'cf539e609ad3ca44130635a05d4e1004') in 0.0149374 seconds
Number of updated asset objects reloaded before import = 0Number of asset objects unloaded after import = 1

========================================================================
Received Import Request.
  Time since last request: 6.364730 seconds.
  path: Assets/Juego/EnemyData/N.asset
  artifactKey: Guid(615c1903d5a359e44aee998d458b5040) Importer(815301076,1909f56bfc062723c751e8b465ee728b)
Start importing Assets/Juego/EnemyData/N.asset using Guid(615c1903d5a359e44aee998d458b5040) Importer(815301076,1909f56bfc062723c751e8b465ee728b) (PreviewImporter) -> (artifact id: 'c698ff2344e53d9e941494afe0ae4513') in 0.0011638 seconds
Number of updated asset objects reloaded before import = 0Number of asset objects unloaded after import = 1

========================================================================
Received Import Request.
  Time since last request: 0.977123 seconds.
  path: Assets/Juego/EnemyData/N.asset
  artifactKey: Guid(615c1903d5a359e44aee998d458b5040) Importer(2089858483,b0f066a214c2f5e87bad3c948f4d605d)
Start importing Assets/Juego/EnemyData/N.asset using Guid(615c1903d5a359e44aee998d458b5040) Importer(2089858483,b0f066a214c2f5e87bad3c948f4d605d) (ScriptedImporter) -> (artifact id: '740339e03232cab08cde71c3fb1abf97') in 0.0163811 seconds
Number of updated asset objects reloaded before import = 0Number of asset objects unloaded after import = 1

========================================================================
Received Import Request.
  Time since last request: 0.291743 seconds.
  path: Assets/Juego/EnemyData/N 1.asset
  artifactKey: Guid(d47cacb8a2758a94bbad9711ea857b7c) Importer(815301076,1909f56bfc062723c751e8b465ee728b)
Start importing Assets/Juego/EnemyData/N 1.asset using Guid(d47cacb8a2758a94bbad9711ea857b7c) Importer(815301076,1909f56bfc062723c751e8b465ee728b) (PreviewImporter) -> (artifact id: 'd89b82b1b5ba2fa55677352ca9cc4038') in 0.0015937 seconds
Number of updated asset objects reloaded before import = 0Number of asset objects unloaded after import = 1

========================================================================
Received Import Request.
  Time since last request: 0.965745 seconds.
  path: Assets/Juego/EnemyData/N 1.asset
  artifactKey: Guid(d47cacb8a2758a94bbad9711ea857b7c) Importer(2089858483,b0f066a214c2f5e87bad3c948f4d605d)
Start importing Assets/Juego/EnemyData/N 1.asset using Guid(d47cacb8a2758a94bbad9711ea857b7c) Importer(2089858483,b0f066a214c2f5e87bad3c948f4d605d) (ScriptedImporter) -> (artifact id: '0533202c8b6a7aa1b5b72e392d61ea5a') in 0.0163807 seconds
Number of updated asset objects reloaded before import = 0Number of asset objects unloaded after import = 1

========================================================================
Received Import Request.
  Time since last request: 3.572447 seconds.
  path: Assets/Juego/EnemyData/N 2.asset
  artifactKey: Guid(af6ac5a346db68c418892ea11f0142be) Importer(815301076,1909f56bfc062723c751e8b465ee728b)
Start importing Assets/Juego/EnemyData/N 2.asset using Guid(af6ac5a346db68c418892ea11f0142be) Importer(815301076,1909f56bfc062723c751e8b465ee728b) (PreviewImporter) -> (artifact id: 'b056618fcd403f6788febcf76b1251b1') in 0.0011762 seconds
Number of updated asset objects reloaded before import = 0Number of asset objects unloaded after import = 1

========================================================================
Received Import Request.
  Time since last request: 0.969819 seconds.
  path: Assets/Juego/EnemyData/N 2.asset
  artifactKey: Guid(af6ac5a346db68c418892ea11f0142be) Importer(2089858483,b0f066a214c2f5e87bad3c948f4d605d)
Start importing Assets/Juego/EnemyData/N 2.asset using Guid(af6ac5a346db68c418892ea11f0142be) Importer(2089858483,b0f066a214c2f5e87bad3c948f4d605d) (ScriptedImporter) -> (artifact id: '883d0384630f342dd1bc97c7fc860380') in 0.0150477 seconds
Number of updated asset objects reloaded before import = 0Number of asset objects unloaded after import = 1

========================================================================
Received Import Request.
  Time since last request: 2.554255 seconds.
  path: Assets/Juego/EnemyData/M.asset
  artifactKey: Guid(af6ac5a346db68c418892ea11f0142be) Importer(815301076,1909f56bfc062723c751e8b465ee728b)
Start importing Assets/Juego/EnemyData/M.asset using Guid(af6ac5a346db68c418892ea11f0142be) Importer(815301076,1909f56bfc062723c751e8b465ee728b) (PreviewImporter) -> (artifact id: 'bb4421e7d2f5ec0512493b4ce2a7250b') in 0.001184 seconds
Number of updated asset objects reloaded before import = 0Number of asset objects unloaded after import = 1

========================================================================
Received Import Request.
  Time since last request: 0.977252 seconds.
  path: Assets/Juego/EnemyData/M.asset
  artifactKey: Guid(af6ac5a346db68c418892ea11f0142be) Importer(2089858483,b0f066a214c2f5e87bad3c948f4d605d)
Start importing Assets/Juego/EnemyData/M.asset using Guid(af6ac5a346db68c418892ea11f0142be) Importer(2089858483,b0f066a214c2f5e87bad3c948f4d605d) (ScriptedImporter) -> (artifact id: 'a764d6a8d741b4e6763de96e392121e1') in 0.0184245 seconds
Number of updated asset objects reloaded before import = 0Number of asset objects unloaded after import = 1

========================================================================
Received Import Request.
  Time since last request: 1.153293 seconds.
  path: Assets/Juego/EnemyData/M 1.asset
  artifactKey: Guid(6f5ec18b6667b6c48a97db1dcd4ea46c) Importer(815301076,1909f56bfc062723c751e8b465ee728b)
Start importing Assets/Juego/EnemyData/M 1.asset using Guid(6f5ec18b6667b6c48a97db1dcd4ea46c) Importer(815301076,1909f56bfc062723c751e8b465ee728b) (PreviewImporter) -> (artifact id: '075309bd95231cb12ef265b0b233a1dd') in 0.0012158 seconds
Number of updated asset objects reloaded before import = 0Number of asset objects unloaded after import = 1

========================================================================
Received Import Request.
  Time since last request: 0.970570 seconds.
  path: Assets/Juego/EnemyData/M 1.asset
  artifactKey: Guid(6f5ec18b6667b6c48a97db1dcd4ea46c) Importer(2089858483,b0f066a214c2f5e87bad3c948f4d605d)
Start importing Assets/Juego/EnemyData/M 1.asset using Guid(6f5ec18b6667b6c48a97db1dcd4ea46c) Importer(2089858483,b0f066a214c2f5e87bad3c948f4d605d) (ScriptedImporter) -> (artifact id: 'c32485d4bb114e6887a3f0bfdc5814a2') in 0.0178702 seconds
Number of updated asset objects reloaded before import = 0Number of asset objects unloaded after import = 1

========================================================================
Received Import Request.
  Time since last request: 9.217537 seconds.
  path: Assets/Juego/EnemyData/i.asset
  artifactKey: Guid(6f5ec18b6667b6c48a97db1dcd4ea46c) Importer(815301076,1909f56bfc062723c751e8b465ee728b)
Start importing Assets/Juego/EnemyData/i.asset using Guid(6f5ec18b6667b6c48a97db1dcd4ea46c) Importer(815301076,1909f56bfc062723c751e8b465ee728b) (PreviewImporter) -> (artifact id: '3d9574711a133af73fbf3c534fe52276') in 0.0013469 seconds
Number of updated asset objects reloaded before import = 0Number of asset objects unloaded after import = 1

========================================================================
Received Import Request.
  Time since last request: 0.976967 seconds.
  path: Assets/Juego/EnemyData/i.asset
  artifactKey: Guid(6f5ec18b6667b6c48a97db1dcd4ea46c) Importer(2089858483,b0f066a214c2f5e87bad3c948f4d605d)
Start importing Assets/Juego/EnemyData/i.asset using Guid(6f5ec18b6667b6c48a97db1dcd4ea46c) Importer(2089858483,b0f066a214c2f5e87bad3c948f4d605d) (ScriptedImporter) -> (artifact id: '2c8eceaf31b47cc05f568e9cbcc327d7') in 0.0138192 seconds
Number of updated asset objects reloaded before import = 0Number of asset objects unloaded after import = 1

========================================================================
Received Import Request.
  Time since last request: 1.753578 seconds.
  path: Assets/Juego/EnemyData/i 1.asset
  artifactKey: Guid(25c90477f845e2347afa345764ddcd47) Importer(815301076,1909f56bfc062723c751e8b465ee728b)
Start importing Assets/Juego/EnemyData/i 1.asset using Guid(25c90477f845e2347afa345764ddcd47) Importer(815301076,1909f56bfc062723c751e8b465ee728b) (PreviewImporter) -> (artifact id: '206bb3b81c6b121b7ac4f2461b1b0f3f') in 0.0014438 seconds
Number of updated asset objects reloaded before import = 0Number of asset objects unloaded after import = 1

========================================================================
Received Import Request.
  Time since last request: 0.971104 seconds.
  path: Assets/Juego/EnemyData/i 1.asset
  artifactKey: Guid(25c90477f845e2347afa345764ddcd47) Importer(2089858483,b0f066a214c2f5e87bad3c948f4d605d)
Start importing Assets/Juego/EnemyData/i 1.asset using Guid(25c90477f845e2347afa345764ddcd47) Importer(2089858483,b0f066a214c2f5e87bad3c948f4d605d) (ScriptedImporter) -> (artifact id: 'd204650b6b9f7424b6270c854f1130a5') in 0.016944 seconds
Number of updated asset objects reloaded before import = 0Number of asset objects unloaded after import = 1

========================================================================
Received Import Request.
  Time since last request: 4.721714 seconds.
  path: Assets/Juego/EnemyData/D.asset
  artifactKey: Guid(25c90477f845e2347afa345764ddcd47) Importer(815301076,1909f56bfc062723c751e8b465ee728b)
Start importing Assets/Juego/EnemyData/D.asset using Guid(25c90477f845e2347afa345764ddcd47) Importer(815301076,1909f56bfc062723c751e8b465ee728b) (PreviewImporter) -> (artifact id: '60272931fe44ccc8ee985c953b2bcafa') in 0.0009987 seconds
Number of updated asset objects reloaded before import = 0Number of asset objects unloaded after import = 1

========================================================================
Received Import Request.
  Time since last request: 0.950308 seconds.
  path: Assets/Juego/EnemyData/D.asset
  artifactKey: Guid(25c90477f845e2347afa345764ddcd47) Importer(2089858483,b0f066a214c2f5e87bad3c948f4d605d)
Start importing Assets/Juego/EnemyData/D.asset using Guid(25c90477f845e2347afa345764ddcd47) Importer(2089858483,b0f066a214c2f5e87bad3c948f4d605d) (ScriptedImporter) -> (artifact id: 'cb7998a2bad1710891eb168fe6cc450e') in 0.0150083 seconds
Number of updated asset objects reloaded before import = 0Number of asset objects unloaded after import = 1

========================================================================
Received Import Request.
  Time since last request: 1.046222 seconds.
  path: Assets/Juego/EnemyData/D 1.asset
  artifactKey: Guid(04b326df4d4ffcd47a1b0d3e9d793340) Importer(815301076,1909f56bfc062723c751e8b465ee728b)
Start importing Assets/Juego/EnemyData/D 1.asset using Guid(04b326df4d4ffcd47a1b0d3e9d793340) Importer(815301076,1909f56bfc062723c751e8b465ee728b) (PreviewImporter) -> (artifact id: '9f05d3e67675f2c1aa4ba913d18e974d') in 0.0012309 seconds
Number of updated asset objects reloaded before import = 0Number of asset objects unloaded after import = 1

========================================================================
Received Import Request.
  Time since last request: 0.966635 seconds.
  path: Assets/Juego/EnemyData/D 1.asset
  artifactKey: Guid(04b326df4d4ffcd47a1b0d3e9d793340) Importer(2089858483,b0f066a214c2f5e87bad3c948f4d605d)
Start importing Assets/Juego/EnemyData/D 1.asset using Guid(04b326df4d4ffcd47a1b0d3e9d793340) Importer(2089858483,b0f066a214c2f5e87bad3c948f4d605d) (ScriptedImporter) -> (artifact id: 'ea98f17eeab79dc8cf93e131fc5c0cab') in 0.0163959 seconds
Number of updated asset objects reloaded before import = 0Number of asset objects unloaded after import = 1

========================================================================
Received Import Request.
  Time since last request: 2.015356 seconds.
  path: Assets/Juego/EnemyData/D 2.asset
  artifactKey: Guid(bca35528e69eec141ae7654c3965b963) Importer(815301076,1909f56bfc062723c751e8b465ee728b)
Start importing Assets/Juego/EnemyData/D 2.asset using Guid(bca35528e69eec141ae7654c3965b963) Importer(815301076,1909f56bfc062723c751e8b465ee728b) (PreviewImporter) -> (artifact id: '6049ead4324ded3f9c10afd907e214e2') in 0.002169 seconds
Number of updated asset objects reloaded before import = 0Number of asset objects unloaded after import = 1

========================================================================
Received Import Request.
  Time since last request: 0.967883 seconds.
  path: Assets/Juego/EnemyData/D 2.asset
  artifactKey: Guid(bca35528e69eec141ae7654c3965b963) Importer(2089858483,b0f066a214c2f5e87bad3c948f4d605d)
Start importing Assets/Juego/EnemyData/D 2.asset using Guid(bca35528e69eec141ae7654c3965b963) Importer(2089858483,b0f066a214c2f5e87bad3c948f4d605d) (ScriptedImporter) -> (artifact id: '1c0fc4642cc299002bf773203e2ffcc5') in 0.01431 seconds
Number of updated asset objects reloaded before import = 0Number of asset objects unloaded after import = 1

========================================================================
Received Import Request.
  Time since last request: 3.379978 seconds.
  path: Assets/Juego/EnemyData/e.asset
  artifactKey: Guid(bca35528e69eec141ae7654c3965b963) Importer(815301076,1909f56bfc062723c751e8b465ee728b)
Start importing Assets/Juego/EnemyData/e.asset using Guid(bca35528e69eec141ae7654c3965b963) Importer(815301076,1909f56bfc062723c751e8b465ee728b) (PreviewImporter) -> (artifact id: '5b974ee7dfd16b75abae1f94d8473d83') in 0.0011638 seconds
Number of updated asset objects reloaded before import = 0Number of asset objects unloaded after import = 1

========================================================================
Received Import Request.
  Time since last request: 0.976583 seconds.
  path: Assets/Juego/EnemyData/e.asset
  artifactKey: Guid(bca35528e69eec141ae7654c3965b963) Importer(2089858483,b0f066a214c2f5e87bad3c948f4d605d)
Start importing Assets/Juego/EnemyData/e.asset using Guid(bca35528e69eec141ae7654c3965b963) Importer(2089858483,b0f066a214c2f5e87bad3c948f4d605d) (ScriptedImporter) -> (artifact id: '2a8256545b83336c56f8d9998602aed8') in 0.015018 seconds
Number of updated asset objects reloaded before import = 0Number of asset objects unloaded after import = 1

========================================================================
Received Import Request.
  Time since last request: 1.183488 seconds.
  path: Assets/Juego/EnemyData/e 1.asset
  artifactKey: Guid(40d6ec2cf89aff149bf625ace60e455c) Importer(815301076,1909f56bfc062723c751e8b465ee728b)
Start importing Assets/Juego/EnemyData/e 1.asset using Guid(40d6ec2cf89aff149bf625ace60e455c) Importer(815301076,1909f56bfc062723c751e8b465ee728b) (PreviewImporter) -> (artifact id: 'ecd1ef3de44d7631d2d352601b0f1c7b') in 0.001192 seconds
Number of updated asset objects reloaded before import = 0Number of asset objects unloaded after import = 1

========================================================================
Received Import Request.
  Time since last request: 0.966506 seconds.
  path: Assets/Juego/EnemyData/e 1.asset
  artifactKey: Guid(40d6ec2cf89aff149bf625ace60e455c) Importer(2089858483,b0f066a214c2f5e87bad3c948f4d605d)
Start importing Assets/Juego/EnemyData/e 1.asset using Guid(40d6ec2cf89aff149bf625ace60e455c) Importer(2089858483,b0f066a214c2f5e87bad3c948f4d605d) (ScriptedImporter) -> (artifact id: 'bb56eae999a3c9ff94b51d61efb2f07b') in 0.0179588 seconds
Number of updated asset objects reloaded before import = 0Number of asset objects unloaded after import = 1

========================================================================
Received Import Request.
  Time since last request: 4.402176 seconds.
  path: Assets/Juego/EnemyData/e 2.asset
  artifactKey: Guid(311e6056ae22e6248b7064bc7881aaa2) Importer(815301076,1909f56bfc062723c751e8b465ee728b)
Start importing Assets/Juego/EnemyData/e 2.asset using Guid(311e6056ae22e6248b7064bc7881aaa2) Importer(815301076,1909f56bfc062723c751e8b465ee728b) (PreviewImporter) -> (artifact id: '21fd26152e632b339a425de40120b2c4') in 0.0011761 seconds
Number of updated asset objects reloaded before import = 0Number of asset objects unloaded after import = 1

========================================================================
Received Import Request.
  Time since last request: 0.965304 seconds.
  path: Assets/Juego/EnemyData/e 2.asset
  artifactKey: Guid(311e6056ae22e6248b7064bc7881aaa2) Importer(2089858483,b0f066a214c2f5e87bad3c948f4d605d)
Start importing Assets/Juego/EnemyData/e 2.asset using Guid(311e6056ae22e6248b7064bc7881aaa2) Importer(2089858483,b0f066a214c2f5e87bad3c948f4d605d) (ScriptedImporter) -> (artifact id: '9264c845f520b0e474ae6f269c584878') in 0.0168393 seconds
Number of updated asset objects reloaded before import = 0Number of asset objects unloaded after import = 1

========================================================================
Received Import Request.
  Time since last request: 2.502626 seconds.
  path: Assets/Juego/EnemyData/o.asset
  artifactKey: Guid(311e6056ae22e6248b7064bc7881aaa2) Importer(815301076,1909f56bfc062723c751e8b465ee728b)
Start importing Assets/Juego/EnemyData/o.asset using Guid(311e6056ae22e6248b7064bc7881aaa2) Importer(815301076,1909f56bfc062723c751e8b465ee728b) (PreviewImporter) -> (artifact id: 'bc4b91439ae76c8a8bd5be33abd23892') in 0.0012768 seconds
Number of updated asset objects reloaded before import = 0Number of asset objects unloaded after import = 1

========================================================================
Received Import Request.
  Time since last request: 0.977385 seconds.
  path: Assets/Juego/EnemyData/o.asset
  artifactKey: Guid(311e6056ae22e6248b7064bc7881aaa2) Importer(2089858483,b0f066a214c2f5e87bad3c948f4d605d)
Start importing Assets/Juego/EnemyData/o.asset using Guid(311e6056ae22e6248b7064bc7881aaa2) Importer(2089858483,b0f066a214c2f5e87bad3c948f4d605d) (ScriptedImporter) -> (artifact id: '295a3e734aec061f32e4114e0291bca4') in 0.016379 seconds
Number of updated asset objects reloaded before import = 0Number of asset objects unloaded after import = 1

========================================================================
Received Import Request.
  Time since last request: 2.540499 seconds.
  path: Assets/Juego/EnemyData/o 1.asset
  artifactKey: Guid(41ec7350f2281f64197efa91d6ff1d31) Importer(815301076,1909f56bfc062723c751e8b465ee728b)
Start importing Assets/Juego/EnemyData/o 1.asset using Guid(41ec7350f2281f64197efa91d6ff1d31) Importer(815301076,1909f56bfc062723c751e8b465ee728b) (PreviewImporter) -> (artifact id: '9d16f4d69c83c740c20c577a778cf49b') in 0.0013158 seconds
Number of updated asset objects reloaded before import = 0Number of asset objects unloaded after import = 1

========================================================================
Received Import Request.
  Time since last request: 0.971130 seconds.
  path: Assets/Juego/EnemyData/o 1.asset
  artifactKey: Guid(41ec7350f2281f64197efa91d6ff1d31) Importer(2089858483,b0f066a214c2f5e87bad3c948f4d605d)
Start importing Assets/Juego/EnemyData/o 1.asset using Guid(41ec7350f2281f64197efa91d6ff1d31) Importer(2089858483,b0f066a214c2f5e87bad3c948f4d605d) (ScriptedImporter) -> (artifact id: '47c7bc2936e542900dfdd89da4f33993') in 0.0155827 seconds
Number of updated asset objects reloaded before import = 0Number of asset objects unloaded after import = 1

========================================================================
Received Import Request.
  Time since last request: 2.246156 seconds.
  path: Assets/Juego/EnemyData/f.asset
  artifactKey: Guid(41ec7350f2281f64197efa91d6ff1d31) Importer(815301076,1909f56bfc062723c751e8b465ee728b)
Start importing Assets/Juego/EnemyData/f.asset using Guid(41ec7350f2281f64197efa91d6ff1d31) Importer(815301076,1909f56bfc062723c751e8b465ee728b) (PreviewImporter) -> (artifact id: 'f8c011a0032eb0a5ca4c6fb1859a58ea') in 0.001049 seconds
Number of updated asset objects reloaded before import = 0Number of asset objects unloaded after import = 1

========================================================================
Received Import Request.
  Time since last request: 0.977785 seconds.
  path: Assets/Juego/EnemyData/f.asset
  artifactKey: Guid(41ec7350f2281f64197efa91d6ff1d31) Importer(2089858483,b0f066a214c2f5e87bad3c948f4d605d)
Start importing Assets/Juego/EnemyData/f.asset using Guid(41ec7350f2281f64197efa91d6ff1d31) Importer(2089858483,b0f066a214c2f5e87bad3c948f4d605d) (ScriptedImporter) -> (artifact id: 'a60a38ae2b0d7d9864eecae740021a47') in 0.0159458 seconds
Number of updated asset objects reloaded before import = 0Number of asset objects unloaded after import = 1

========================================================================
Received Import Request.
  Time since last request: 7.623423 seconds.
  path: Assets/Juego/EnemyData/f 1.asset
  artifactKey: Guid(cbe2e51bb9b6a7340868e201a9307413) Importer(815301076,1909f56bfc062723c751e8b465ee728b)
Start importing Assets/Juego/EnemyData/f 1.asset using Guid(cbe2e51bb9b6a7340868e201a9307413) Importer(815301076,1909f56bfc062723c751e8b465ee728b) (PreviewImporter) -> (artifact id: '3a6b8c888e96305c1c80b984bed894b5') in 0.0012724 seconds
Number of updated asset objects reloaded before import = 0Number of asset objects unloaded after import = 1

========================================================================
Received Import Request.
  Time since last request: 0.971697 seconds.
  path: Assets/Juego/EnemyData/f 1.asset
  artifactKey: Guid(cbe2e51bb9b6a7340868e201a9307413) Importer(2089858483,b0f066a214c2f5e87bad3c948f4d605d)
Start importing Assets/Juego/EnemyData/f 1.asset using Guid(cbe2e51bb9b6a7340868e201a9307413) Importer(2089858483,b0f066a214c2f5e87bad3c948f4d605d) (ScriptedImporter) -> (artifact id: '15df6990cfcf46c540f69eba828e6bc6') in 0.0142733 seconds
Number of updated asset objects reloaded before import = 0Number of asset objects unloaded after import = 1

========================================================================
Received Import Request.
  Time since last request: 1.103075 seconds.
  path: Assets/Juego/EnemyData/j.asset
  artifactKey: Guid(cbe2e51bb9b6a7340868e201a9307413) Importer(815301076,1909f56bfc062723c751e8b465ee728b)
Start importing Assets/Juego/EnemyData/j.asset using Guid(cbe2e51bb9b6a7340868e201a9307413) Importer(815301076,1909f56bfc062723c751e8b465ee728b) (PreviewImporter) -> (artifact id: 'e2bc608d3ebdb520976f373bdb2cdd54') in 0.0010234 seconds
Number of updated asset objects reloaded before import = 0Number of asset objects unloaded after import = 1

========================================================================
Received Import Request.
  Time since last request: 0.973744 seconds.
  path: Assets/Juego/EnemyData/j.asset
  artifactKey: Guid(cbe2e51bb9b6a7340868e201a9307413) Importer(2089858483,b0f066a214c2f5e87bad3c948f4d605d)
Start importing Assets/Juego/EnemyData/j.asset using Guid(cbe2e51bb9b6a7340868e201a9307413) Importer(2089858483,b0f066a214c2f5e87bad3c948f4d605d) (ScriptedImporter) -> (artifact id: '5858535af78fc8e006f77c01f3a1422f') in 0.0167215 seconds
Number of updated asset objects reloaded before import = 0Number of asset objects unloaded after import = 1

========================================================================
Received Import Request.
  Time since last request: 7.877639 seconds.
  path: Assets/Juego/EnemyData/j 1.asset
  artifactKey: Guid(bf75dc5f351729b47a2d978dc4f36030) Importer(815301076,1909f56bfc062723c751e8b465ee728b)
Start importing Assets/Juego/EnemyData/j 1.asset using Guid(bf75dc5f351729b47a2d978dc4f36030) Importer(815301076,1909f56bfc062723c751e8b465ee728b) (PreviewImporter) -> (artifact id: '00f2bcdb9ce655104d52b6f539146a14') in 0.0010595 seconds
Number of updated asset objects reloaded before import = 0Number of asset objects unloaded after import = 1

========================================================================
Received Import Request.
  Time since last request: 0.969956 seconds.
  path: Assets/Juego/EnemyData/j 1.asset
  artifactKey: Guid(bf75dc5f351729b47a2d978dc4f36030) Importer(2089858483,b0f066a214c2f5e87bad3c948f4d605d)
Start importing Assets/Juego/EnemyData/j 1.asset using Guid(bf75dc5f351729b47a2d978dc4f36030) Importer(2089858483,b0f066a214c2f5e87bad3c948f4d605d) (ScriptedImporter) -> (artifact id: '0fe3fe3403e945f9bf1fc8916087a8aa') in 0.0181379 seconds
Number of updated asset objects reloaded before import = 0Number of asset objects unloaded after import = 1

========================================================================
Received Import Request.
  Time since last request: 4.277812 seconds.
  path: Assets/Juego/EnemyData/P.asset
  artifactKey: Guid(bf75dc5f351729b47a2d978dc4f36030) Importer(815301076,1909f56bfc062723c751e8b465ee728b)
Start importing Assets/Juego/EnemyData/P.asset using Guid(bf75dc5f351729b47a2d978dc4f36030) Importer(815301076,1909f56bfc062723c751e8b465ee728b) (PreviewImporter) -> (artifact id: '13a2c39dd68e433aaa6662765ee0d1e2') in 0.001062 seconds
Number of updated asset objects reloaded before import = 0Number of asset objects unloaded after import = 1

========================================================================
Received Import Request.
  Time since last request: 0.974260 seconds.
  path: Assets/Juego/EnemyData/P.asset
  artifactKey: Guid(bf75dc5f351729b47a2d978dc4f36030) Importer(2089858483,b0f066a214c2f5e87bad3c948f4d605d)
Start importing Assets/Juego/EnemyData/P.asset using Guid(bf75dc5f351729b47a2d978dc4f36030) Importer(2089858483,b0f066a214c2f5e87bad3c948f4d605d) (ScriptedImporter) -> (artifact id: 'e26c4c4ad01e8dcab23a2acfcf54b250') in 0.015082 seconds
Number of updated asset objects reloaded before import = 0Number of asset objects unloaded after import = 1

========================================================================
Received Import Request.
  Time since last request: 1.014680 seconds.
  path: Assets/Juego/EnemyData/P 1.asset
  artifactKey: Guid(af46682e577b6ef45ab8337fa145fb38) Importer(815301076,1909f56bfc062723c751e8b465ee728b)
Start importing Assets/Juego/EnemyData/P 1.asset using Guid(af46682e577b6ef45ab8337fa145fb38) Importer(815301076,1909f56bfc062723c751e8b465ee728b) (PreviewImporter) -> (artifact id: '0c155b6c6903adb8a54b57f8a8854a4a') in 0.0010389 seconds
Number of updated asset objects reloaded before import = 0Number of asset objects unloaded after import = 1

========================================================================
Received Import Request.
  Time since last request: 0.967896 seconds.
  path: Assets/Juego/EnemyData/P 1.asset
  artifactKey: Guid(af46682e577b6ef45ab8337fa145fb38) Importer(2089858483,b0f066a214c2f5e87bad3c948f4d605d)
Start importing Assets/Juego/EnemyData/P 1.asset using Guid(af46682e577b6ef45ab8337fa145fb38) Importer(2089858483,b0f066a214c2f5e87bad3c948f4d605d) (ScriptedImporter) -> (artifact id: '92120e1063647f7de8ebfabf3ac16e6d') in 0.0171151 seconds
Number of updated asset objects reloaded before import = 0Number of asset objects unloaded after import = 1

========================================================================
Received Import Request.
  Time since last request: 0.591707 seconds.
  path: Assets/Juego/EnemyData/v.asset
  artifactKey: Guid(af46682e577b6ef45ab8337fa145fb38) Importer(815301076,1909f56bfc062723c751e8b465ee728b)
Start importing Assets/Juego/EnemyData/v.asset using Guid(af46682e577b6ef45ab8337fa145fb38) Importer(815301076,1909f56bfc062723c751e8b465ee728b) (PreviewImporter) -> (artifact id: '7bc3754a68c8952f4605658f0fc40ab1') in 0.0013437 seconds
Number of updated asset objects reloaded before import = 0Number of asset objects unloaded after import = 1

========================================================================
Received Import Request.
  Time since last request: 0.972982 seconds.
  path: Assets/Juego/EnemyData/v.asset
  artifactKey: Guid(af46682e577b6ef45ab8337fa145fb38) Importer(2089858483,b0f066a214c2f5e87bad3c948f4d605d)
Start importing Assets/Juego/EnemyData/v.asset using Guid(af46682e577b6ef45ab8337fa145fb38) Importer(2089858483,b0f066a214c2f5e87bad3c948f4d605d) (ScriptedImporter) -> (artifact id: '2eb603b7a8e9cdd4488a2fec64b3ffb6') in 0.0146883 seconds
Number of updated asset objects reloaded before import = 0Number of asset objects unloaded after import = 1

========================================================================
Received Import Request.
  Time since last request: 2.281789 seconds.
  path: Assets/Juego/EnemyData/v 1.asset
  artifactKey: Guid(6920b8ef37ae8cd489c78ba97f81e889) Importer(815301076,1909f56bfc062723c751e8b465ee728b)
Start importing Assets/Juego/EnemyData/v 1.asset using Guid(6920b8ef37ae8cd489c78ba97f81e889) Importer(815301076,1909f56bfc062723c751e8b465ee728b) (PreviewImporter) -> (artifact id: 'c7bcd2fd7a223630a6bf9f7290240f2f') in 0.0011965 seconds
Number of updated asset objects reloaded before import = 0Number of asset objects unloaded after import = 1

========================================================================
Received Import Request.
  Time since last request: 0.968669 seconds.
  path: Assets/Juego/EnemyData/v 1.asset
  artifactKey: Guid(6920b8ef37ae8cd489c78ba97f81e889) Importer(2089858483,b0f066a214c2f5e87bad3c948f4d605d)
Start importing Assets/Juego/EnemyData/v 1.asset using Guid(6920b8ef37ae8cd489c78ba97f81e889) Importer(2089858483,b0f066a214c2f5e87bad3c948f4d605d) (ScriptedImporter) -> (artifact id: 'ed7e3f77824ca8abe9429a7aff99cead') in 0.0159914 seconds
Number of updated asset objects reloaded before import = 0Number of asset objects unloaded after import = 1

========================================================================
Received Import Request.
  Time since last request: 3.570903 seconds.
  path: Assets/Juego/EnemyData/g.asset
  artifactKey: Guid(6920b8ef37ae8cd489c78ba97f81e889) Importer(815301076,1909f56bfc062723c751e8b465ee728b)
Start importing Assets/Juego/EnemyData/g.asset using Guid(6920b8ef37ae8cd489c78ba97f81e889) Importer(815301076,1909f56bfc062723c751e8b465ee728b) (PreviewImporter) -> (artifact id: '96594ce33c9d4030c6fd45f5d6d9b221') in 0.0010397 seconds
Number of updated asset objects reloaded before import = 0Number of asset objects unloaded after import = 1

========================================================================
Received Import Request.
  Time since last request: 0.977861 seconds.
  path: Assets/Juego/EnemyData/g.asset
  artifactKey: Guid(6920b8ef37ae8cd489c78ba97f81e889) Importer(2089858483,b0f066a214c2f5e87bad3c948f4d605d)
Start importing Assets/Juego/EnemyData/g.asset using Guid(6920b8ef37ae8cd489c78ba97f81e889) Importer(2089858483,b0f066a214c2f5e87bad3c948f4d605d) (ScriptedImporter) -> (artifact id: '507c15195781c3dc326b89851ecc799f') in 0.0140765 seconds
Number of updated asset objects reloaded before import = 0Number of asset objects unloaded after import = 1

========================================================================
Received Import Request.
  Time since last request: 5.098241 seconds.
  path: Assets/Juego/EnemyData/g 1.asset
  artifactKey: Guid(8b95862dd8bb65f40b3118ce2bca896f) Importer(815301076,1909f56bfc062723c751e8b465ee728b)
Start importing Assets/Juego/EnemyData/g 1.asset using Guid(8b95862dd8bb65f40b3118ce2bca896f) Importer(815301076,1909f56bfc062723c751e8b465ee728b) (PreviewImporter) -> (artifact id: '9bd9f97a1bc31c828fea92f2f71d0ae7') in 0.0011965 seconds
Number of updated asset objects reloaded before import = 0Number of asset objects unloaded after import = 1

========================================================================
Received Import Request.
  Time since last request: 0.966047 seconds.
  path: Assets/Juego/EnemyData/g 1.asset
  artifactKey: Guid(8b95862dd8bb65f40b3118ce2bca896f) Importer(2089858483,b0f066a214c2f5e87bad3c948f4d605d)
Start importing Assets/Juego/EnemyData/g 1.asset using Guid(8b95862dd8bb65f40b3118ce2bca896f) Importer(2089858483,b0f066a214c2f5e87bad3c948f4d605d) (ScriptedImporter) -> (artifact id: '791ed14796c74d8dba7bca84bf862161') in 0.0128341 seconds
Number of updated asset objects reloaded before import = 0Number of asset objects unloaded after import = 1

========================================================================
Received Import Request.
  Time since last request: 5.228637 seconds.
  path: Assets/Juego/EnemyData/c.asset
  artifactKey: Guid(8b95862dd8bb65f40b3118ce2bca896f) Importer(815301076,1909f56bfc062723c751e8b465ee728b)
Start importing Assets/Juego/EnemyData/c.asset using Guid(8b95862dd8bb65f40b3118ce2bca896f) Importer(815301076,1909f56bfc062723c751e8b465ee728b) (PreviewImporter) -> (artifact id: '1f776e88d771b21307f3a3c7406c94d1') in 0.0009655 seconds
Number of updated asset objects reloaded before import = 0Number of asset objects unloaded after import = 1

========================================================================
Received Import Request.
  Time since last request: 0.979676 seconds.
  path: Assets/Juego/EnemyData/c.asset
  artifactKey: Guid(8b95862dd8bb65f40b3118ce2bca896f) Importer(2089858483,b0f066a214c2f5e87bad3c948f4d605d)
Start importing Assets/Juego/EnemyData/c.asset using Guid(8b95862dd8bb65f40b3118ce2bca896f) Importer(2089858483,b0f066a214c2f5e87bad3c948f4d605d) (ScriptedImporter) -> (artifact id: 'e1ca2186e4949a142d26061caf8456d3') in 0.0153769 seconds
Number of updated asset objects reloaded before import = 0Number of asset objects unloaded after import = 1

========================================================================
Received Import Request.
  Time since last request: 0.490240 seconds.
  path: Assets/Juego/EnemyData/c 1.asset
  artifactKey: Guid(9739063dfa992544bbde07a5d492586b) Importer(815301076,1909f56bfc062723c751e8b465ee728b)
Start importing Assets/Juego/EnemyData/c 1.asset using Guid(9739063dfa992544bbde07a5d492586b) Importer(815301076,1909f56bfc062723c751e8b465ee728b) (PreviewImporter) -> (artifact id: '52fba7565b7858134f8f37f3c0067ed0') in 0.0013027 seconds
Number of updated asset objects reloaded before import = 0Number of asset objects unloaded after import = 1

========================================================================
Received Import Request.
  Time since last request: 0.928979 seconds.
  path: Assets/Juego/EnemyData/c 1.asset
  artifactKey: Guid(9739063dfa992544bbde07a5d492586b) Importer(2089858483,b0f066a214c2f5e87bad3c948f4d605d)
Start importing Assets/Juego/EnemyData/c 1.asset using Guid(9739063dfa992544bbde07a5d492586b) Importer(2089858483,b0f066a214c2f5e87bad3c948f4d605d) (ScriptedImporter) -> (artifact id: '55b9cd1b1944bdbf77975f06f252aa5d') in 0.0166955 seconds
Number of updated asset objects reloaded before import = 0Number of asset objects unloaded after import = 1

========================================================================
Received Import Request.
  Time since last request: 2.913053 seconds.
  path: Assets/Juego/EnemyData/r.asset
  artifactKey: Guid(9739063dfa992544bbde07a5d492586b) Importer(815301076,1909f56bfc062723c751e8b465ee728b)
Start importing Assets/Juego/EnemyData/r.asset using Guid(9739063dfa992544bbde07a5d492586b) Importer(815301076,1909f56bfc062723c751e8b465ee728b) (PreviewImporter) -> (artifact id: 'd409396b099a409b5fa112c6d5f7d525') in 0.001231 seconds
Number of updated asset objects reloaded before import = 0Number of asset objects unloaded after import = 1

========================================================================
Received Import Request.
  Time since last request: 0.974192 seconds.
  path: Assets/Juego/EnemyData/r.asset
  artifactKey: Guid(9739063dfa992544bbde07a5d492586b) Importer(2089858483,b0f066a214c2f5e87bad3c948f4d605d)
Start importing Assets/Juego/EnemyData/r.asset using Guid(9739063dfa992544bbde07a5d492586b) Importer(2089858483,b0f066a214c2f5e87bad3c948f4d605d) (ScriptedImporter) -> (artifact id: '5d2fb17965ec7c8429d23ab7de27ffd2') in 0.0158285 seconds
Number of updated asset objects reloaded before import = 0Number of asset objects unloaded after import = 1

========================================================================
Received Import Request.
  Time since last request: 115.596519 seconds.
  path: Assets/Juego/EnemyData/j 1.asset
  artifactKey: Guid(1d758f5e1c380ac41937f19db3565922) Importer(815301076,1909f56bfc062723c751e8b465ee728b)
Start importing Assets/Juego/EnemyData/j 1.asset using Guid(1d758f5e1c380ac41937f19db3565922) Importer(815301076,1909f56bfc062723c751e8b465ee728b) (PreviewImporter) -> (artifact id: '6e43d2252129e87042380e176498a444') in 0.001063 seconds
Number of updated asset objects reloaded before import = 0Number of asset objects unloaded after import = 1

========================================================================
Received Import Request.
  Time since last request: 0.964842 seconds.
  path: Assets/Juego/EnemyData/j 1.asset
  artifactKey: Guid(1d758f5e1c380ac41937f19db3565922) Importer(2089858483,b0f066a214c2f5e87bad3c948f4d605d)
Start importing Assets/Juego/EnemyData/j 1.asset using Guid(1d758f5e1c380ac41937f19db3565922) Importer(2089858483,b0f066a214c2f5e87bad3c948f4d605d) (ScriptedImporter) -> (artifact id: 'a816c955e5b56acd7b307440baa4fb52') in 0.015825 seconds
Number of updated asset objects reloaded before import = 0Number of asset objects unloaded after import = 1

========================================================================
Received Import Request.
  Time since last request: 67.215398 seconds.
  path: Assets/Juego/EnemyData/v 1.asset
  artifactKey: Guid(16b28abd535599347a55afe31165f7da) Importer(815301076,1909f56bfc062723c751e8b465ee728b)
Start importing Assets/Juego/EnemyData/v 1.asset using Guid(16b28abd535599347a55afe31165f7da) Importer(815301076,1909f56bfc062723c751e8b465ee728b) (PreviewImporter) -> (artifact id: 'fe26b229d3667670a791b380f6aac194') in 0.001253 seconds
Number of updated asset objects reloaded before import = 0Number of asset objects unloaded after import = 1

========================================================================
Received Import Request.
  Time since last request: 0.964750 seconds.
  path: Assets/Juego/EnemyData/v 1.asset
  artifactKey: Guid(16b28abd535599347a55afe31165f7da) Importer(2089858483,b0f066a214c2f5e87bad3c948f4d605d)
Start importing Assets/Juego/EnemyData/v 1.asset using Guid(16b28abd535599347a55afe31165f7da) Importer(2089858483,b0f066a214c2f5e87bad3c948f4d605d) (ScriptedImporter) -> (artifact id: '3e06df2d8e9fc1e66454d4d35276cf0c') in 0.0143949 seconds
Number of updated asset objects reloaded before import = 0Number of asset objects unloaded after import = 1

========================================================================
Received Import Request.
  Time since last request: 1.548888 seconds.
  path: Assets/Juego/EnemyData/y.asset
  artifactKey: Guid(16b28abd535599347a55afe31165f7da) Importer(815301076,1909f56bfc062723c751e8b465ee728b)
Start importing Assets/Juego/EnemyData/y.asset using Guid(16b28abd535599347a55afe31165f7da) Importer(815301076,1909f56bfc062723c751e8b465ee728b) (PreviewImporter) -> (artifact id: '4891132b37cc2a8a1f485e12bc55cf96') in 0.0011971 seconds
Number of updated asset objects reloaded before import = 0Number of asset objects unloaded after import = 1

========================================================================
Received Import Request.
  Time since last request: 0.978505 seconds.
  path: Assets/Juego/EnemyData/y.asset
  artifactKey: Guid(16b28abd535599347a55afe31165f7da) Importer(2089858483,b0f066a214c2f5e87bad3c948f4d605d)
Start importing Assets/Juego/EnemyData/y.asset using Guid(16b28abd535599347a55afe31165f7da) Importer(2089858483,b0f066a214c2f5e87bad3c948f4d605d) (ScriptedImporter) -> (artifact id: '0e62d2ffd1118476b7b20b9987d0e34f') in 0.016362 seconds
Number of updated asset objects reloaded before import = 0Number of asset objects unloaded after import = 1

========================================================================
Received Import Request.
  Time since last request: 0.417229 seconds.
  path: Assets/Juego/EnemyData/y 1.asset
  artifactKey: Guid(9df42f8800b7f2641af1c28588687820) Importer(815301076,1909f56bfc062723c751e8b465ee728b)
Start importing Assets/Juego/EnemyData/y 1.asset using Guid(9df42f8800b7f2641af1c28588687820) Importer(815301076,1909f56bfc062723c751e8b465ee728b) (PreviewImporter) -> (artifact id: '72e2eddf0e1f8e5c7fdd5d26d2dc4906') in 0.0018312 seconds
Number of updated asset objects reloaded before import = 0Number of asset objects unloaded after import = 1

========================================================================
Received Import Request.
  Time since last request: 0.965719 seconds.
  path: Assets/Juego/EnemyData/y 1.asset
  artifactKey: Guid(9df42f8800b7f2641af1c28588687820) Importer(2089858483,b0f066a214c2f5e87bad3c948f4d605d)
Start importing Assets/Juego/EnemyData/y 1.asset using Guid(9df42f8800b7f2641af1c28588687820) Importer(2089858483,b0f066a214c2f5e87bad3c948f4d605d) (ScriptedImporter) -> (artifact id: '7affd14126244c4b586156bb8b125922') in 0.0179076 seconds
Number of updated asset objects reloaded before import = 0Number of asset objects unloaded after import = 1

========================================================================
Received Import Request.
  Time since last request: 53.625515 seconds.
  path: Packages/com.unity.2d.psdimporter/Editor/Assets/pivot.fbx
  artifactKey: Guid(1c7762c9bce5f4ab7b060decb9e3002d) Importer(815301076,1909f56bfc062723c751e8b465ee728b)
Start importing Packages/com.unity.2d.psdimporter/Editor/Assets/pivot.fbx using Guid(1c7762c9bce5f4ab7b060decb9e3002d) Importer(815301076,1909f56bfc062723c751e8b465ee728b) (PreviewImporter) -> (artifact id: '199c2e03cb0107b91b377f12316b6db2') in 0.2759141 seconds
Number of updated asset objects reloaded before import = 0Number of asset objects unloaded after import = 10

========================================================================
Received Import Request.
  Time since last request: 0.412181 seconds.
  path: Assets/TextMesh Pro/Examples & Extras/Resources/Fonts & Materials/Anton SDF - Drop Shadow.mat
  artifactKey: Guid(749b9069dc4742c5bfa5c74644049926) Importer(815301076,1909f56bfc062723c751e8b465ee728b)
Start importing Assets/TextMesh Pro/Examples & Extras/Resources/Fonts & Materials/Anton SDF - Drop Shadow.mat using Guid(749b9069dc4742c5bfa5c74644049926) Importer(815301076,1909f56bfc062723c751e8b465ee728b) (PreviewImporter) -> (artifact id: 'b45683755b82c1bdfbe28720785137d6') in 0.1006378 seconds
Number of updated asset objects reloaded before import = 0Number of asset objects unloaded after import = 2

========================================================================
Received Import Request.
  Time since last request: 0.000026 seconds.
  path: Assets/TextMesh Pro/Examples & Extras/Resources/Fonts & Materials/Anton SDF.asset
  artifactKey: Guid(8a89fa14b10d46a99122fd4f73fca9a2) Importer(815301076,1909f56bfc062723c751e8b465ee728b)
Start importing Assets/TextMesh Pro/Examples & Extras/Resources/Fonts & Materials/Anton SDF.asset using Guid(8a89fa14b10d46a99122fd4f73fca9a2) Importer(815301076,1909f56bfc062723c751e8b465ee728b) (PreviewImporter) -> (artifact id: 'dfaeb9f0aafb94cde709daad8ff5b693') in 0.0442398 seconds
Number of updated asset objects reloaded before import = 0Number of asset objects unloaded after import = 6

========================================================================
Received Import Request.
  Time since last request: 0.000060 seconds.
  path: Assets/TextMesh Pro/Resources/Fonts & Materials/LiberationSans SDF - Outline.mat
  artifactKey: Guid(79459efec17a4d00a321bdcc27bbc385) Importer(815301076,1909f56bfc062723c751e8b465ee728b)
Start importing Assets/TextMesh Pro/Resources/Fonts & Materials/LiberationSans SDF - Outline.mat using Guid(79459efec17a4d00a321bdcc27bbc385) Importer(815301076,1909f56bfc062723c751e8b465ee728b) (PreviewImporter) -> (artifact id: '7941bde223b5d10ce429c4a843b8a52a') in 0.0651331 seconds
Number of updated asset objects reloaded before import = 0Number of asset objects unloaded after import = 2

========================================================================
Received Import Request.
  Time since last request: 0.000023 seconds.
  path: Assets/TextMesh Pro/Examples & Extras/Resources/Fonts & Materials/Bangers SDF Logo - URP.mat
  artifactKey: Guid(6751ce1a4611b3940812c13a6847d94f) Importer(815301076,1909f56bfc062723c751e8b465ee728b)
Start importing Assets/TextMesh Pro/Examples & Extras/Resources/Fonts & Materials/Bangers SDF Logo - URP.mat using Guid(6751ce1a4611b3940812c13a6847d94f) Importer(815301076,1909f56bfc062723c751e8b465ee728b) (PreviewImporter) -> (artifact id: 'f9d0b77147389dafdfb6dc22d512e4e4') in 0.0203738 seconds
Number of updated asset objects reloaded before import = 0Number of asset objects unloaded after import = 4

========================================================================
Received Import Request.
  Time since last request: 0.000019 seconds.
  path: Assets/TextMesh Pro/Examples & Extras/Fonts/Unity.ttf
  artifactKey: Guid(f4eec857a4fdf2f43be0e9f3d1a984e7) Importer(815301076,1909f56bfc062723c751e8b465ee728b)
Start importing Assets/TextMesh Pro/Examples & Extras/Fonts/Unity.ttf using Guid(f4eec857a4fdf2f43be0e9f3d1a984e7) Importer(815301076,1909f56bfc062723c751e8b465ee728b) (PreviewImporter) -> (artifact id: '8a79b7a2d1415426169350afd1c61be0') in 0.0225803 seconds
Number of updated asset objects reloaded before import = 0Number of asset objects unloaded after import = 4

========================================================================
Received Import Request.
  Time since last request: 0.000022 seconds.
  path: Packages/com.unity.2d.psdimporter/Editor/Assets/root-blue.mat
  artifactKey: Guid(28638862ea1084726a3511cd325fc53d) Importer(815301076,1909f56bfc062723c751e8b465ee728b)
Start importing Packages/com.unity.2d.psdimporter/Editor/Assets/root-blue.mat using Guid(28638862ea1084726a3511cd325fc53d) Importer(815301076,1909f56bfc062723c751e8b465ee728b) (PreviewImporter) -> (artifact id: 'e937217226babaaf6650e8f7610420f7') in 0.0144283 seconds
Number of updated asset objects reloaded before import = 0Number of asset objects unloaded after import = 1

========================================================================
Received Import Request.
  Time since last request: 0.000022 seconds.
  path: Assets/TextMesh Pro/Examples & Extras/Fonts/Oswald-Bold.ttf
  artifactKey: Guid(c9f6d0e7bc8541498c9a4799ba184ede) Importer(815301076,1909f56bfc062723c751e8b465ee728b)
Start importing Assets/TextMesh Pro/Examples & Extras/Fonts/Oswald-Bold.ttf using Guid(c9f6d0e7bc8541498c9a4799ba184ede) Importer(815301076,1909f56bfc062723c751e8b465ee728b) (PreviewImporter) -> (artifact id: '9847541047c6d9996823977921a8b9dd') in 0.0113739 seconds
Number of updated asset objects reloaded before import = 0Number of asset objects unloaded after import = 4

========================================================================
Received Import Request.
  Time since last request: 0.000022 seconds.
  path: Assets/TextMesh Pro/Examples & Extras/Resources/Fonts & Materials/Roboto-Bold SDF - URP.mat
  artifactKey: Guid(90722b8bd74d9aa49958562aff7bdf76) Importer(815301076,1909f56bfc062723c751e8b465ee728b)
Start importing Assets/TextMesh Pro/Examples & Extras/Resources/Fonts & Materials/Roboto-Bold SDF - URP.mat using Guid(90722b8bd74d9aa49958562aff7bdf76) Importer(815301076,1909f56bfc062723c751e8b465ee728b) (PreviewImporter) -> (artifact id: '0f7f91ce0906447a06c35edb7cd8da7d') in 0.0086633 seconds
Number of updated asset objects reloaded before import = 0Number of asset objects unloaded after import = 2

========================================================================
Received Import Request.
  Time since last request: 0.000016 seconds.
  path: Assets/TextMesh Pro/Examples & Extras/Fonts/Roboto-Bold.ttf
  artifactKey: Guid(4beb055f07aaff244873dec698d0363e) Importer(815301076,1909f56bfc062723c751e8b465ee728b)
Start importing Assets/TextMesh Pro/Examples & Extras/Fonts/Roboto-Bold.ttf using Guid(4beb055f07aaff244873dec698d0363e) Importer(815301076,1909f56bfc062723c751e8b465ee728b) (PreviewImporter) -> (artifact id: '021f21b7c117cf0a44aedb9b39247dee') in 0.0127005 seconds
Number of updated asset objects reloaded before import = 0Number of asset objects unloaded after import = 4

========================================================================
Received Import Request.
  Time since last request: 0.000020 seconds.
  path: Assets/TextMesh Pro/Examples & Extras/Resources/Fonts & Materials/LiberationSans SDF - Overlay.mat
  artifactKey: Guid(9ad269c99dcf42b7aedefd83dd5a7b9d) Importer(815301076,1909f56bfc062723c751e8b465ee728b)
Start importing Assets/TextMesh Pro/Examples & Extras/Resources/Fonts & Materials/LiberationSans SDF - Overlay.mat using Guid(9ad269c99dcf42b7aedefd83dd5a7b9d) Importer(815301076,1909f56bfc062723c751e8b465ee728b) (PreviewImporter) -> (artifact id: '421a0dff687122f2a1b01ebb40988f51') in 0.0263736 seconds
Number of updated asset objects reloaded before import = 0Number of asset objects unloaded after import = 2

========================================================================
Received Import Request.
  Time since last request: 0.000020 seconds.
  path: Assets/TextMesh Pro/Examples & Extras/Resources/Fonts & Materials/Roboto-Bold SDF - Drop Shadow.mat
  artifactKey: Guid(b246c4190f4e46ec9352fe15a7b09ce0) Importer(815301076,1909f56bfc062723c751e8b465ee728b)
Start importing Assets/TextMesh Pro/Examples & Extras/Resources/Fonts & Materials/Roboto-Bold SDF - Drop Shadow.mat using Guid(b246c4190f4e46ec9352fe15a7b09ce0) Importer(815301076,1909f56bfc062723c751e8b465ee728b) (PreviewImporter) -> (artifact id: '53502440be207b40da0ffd201eee0045') in 0.0075136 seconds
Number of updated asset objects reloaded before import = 0Number of asset objects unloaded after import = 2

========================================================================
Received Import Request.
  Time since last request: 0.000017 seconds.
  path: Assets/TextMesh Pro/Examples & Extras/Resources/Fonts & Materials/Bangers SDF - Outline.mat
  artifactKey: Guid(f629c6e43dba4bf38cb74d8860150664) Importer(815301076,1909f56bfc062723c751e8b465ee728b)
Start importing Assets/TextMesh Pro/Examples & Extras/Resources/Fonts & Materials/Bangers SDF - Outline.mat using Guid(f629c6e43dba4bf38cb74d8860150664) Importer(815301076,1909f56bfc062723c751e8b465ee728b) (PreviewImporter) -> (artifact id: '2de0b646ec3cdc606fb332c3cee13028') in 0.0082629 seconds
Number of updated asset objects reloaded before import = 0Number of asset objects unloaded after import = 2

========================================================================
Received Import Request.
  Time since last request: 0.000029 seconds.
  path: Assets/TextMesh Pro/Examples & Extras/Resources/Fonts & Materials/Bangers SDF - Drop Shadow - 2 Pass.mat
  artifactKey: Guid(947a44964e53bf0448ff698b2a2219c0) Importer(815301076,1909f56bfc062723c751e8b465ee728b)
Start importing Assets/TextMesh Pro/Examples & Extras/Resources/Fonts & Materials/Bangers SDF - Drop Shadow - 2 Pass.mat using Guid(947a44964e53bf0448ff698b2a2219c0) Importer(815301076,1909f56bfc062723c751e8b465ee728b) (PreviewImporter) -> (artifact id: '9a028940f4f7aff7dde174ad798b7650') in 0.0570441 seconds
Number of updated asset objects reloaded before import = 0Number of asset objects unloaded after import = 2

========================================================================
Received Import Request.
  Time since last request: 0.000029 seconds.
  path: Assets/TextMesh Pro/Examples & Extras/Resources/Fonts & Materials/Anton SDF - Sunny Days.mat
  artifactKey: Guid(6522f30e342599e4e9dd4cc2cc03c830) Importer(815301076,1909f56bfc062723c751e8b465ee728b)
Start importing Assets/TextMesh Pro/Examples & Extras/Resources/Fonts & Materials/Anton SDF - Sunny Days.mat using Guid(6522f30e342599e4e9dd4cc2cc03c830) Importer(815301076,1909f56bfc062723c751e8b465ee728b) (PreviewImporter) -> (artifact id: '026829f93038db3604b4d736aceff7b2') in 0.1177047 seconds
Number of updated asset objects reloaded before import = 0Number of asset objects unloaded after import = 4

========================================================================
Received Import Request.
  Time since last request: 0.000022 seconds.
  path: Assets/TextMesh Pro/Examples & Extras/Resources/Fonts & Materials/Bangers SDF - Drop Shadow.mat
  artifactKey: Guid(f2dcf029949142e28b974630369c8b4e) Importer(815301076,1909f56bfc062723c751e8b465ee728b)
Start importing Assets/TextMesh Pro/Examples & Extras/Resources/Fonts & Materials/Bangers SDF - Drop Shadow.mat using Guid(f2dcf029949142e28b974630369c8b4e) Importer(815301076,1909f56bfc062723c751e8b465ee728b) (PreviewImporter) -> (artifact id: '9d4f5e68769b3fce9a426a1a6b8b173a') in 0.0092372 seconds
Number of updated asset objects reloaded before import = 0Number of asset objects unloaded after import = 2

========================================================================
Received Import Request.
  Time since last request: 0.000019 seconds.
  path: Assets/TextMesh Pro/Examples & Extras/Fonts/Electronic Highway Sign.TTF
  artifactKey: Guid(8a2b9e2a607dd2143b58c44bc32410b4) Importer(815301076,1909f56bfc062723c751e8b465ee728b)
Start importing Assets/TextMesh Pro/Examples & Extras/Fonts/Electronic Highway Sign.TTF using Guid(8a2b9e2a607dd2143b58c44bc32410b4) Importer(815301076,1909f56bfc062723c751e8b465ee728b) (PreviewImporter) -> (artifact id: 'e33eeaebdbac32c02065a19f6d8e5671') in 0.0119537 seconds
Number of updated asset objects reloaded before import = 0Number of asset objects unloaded after import = 4

========================================================================
Received Import Request.
  Time since last request: 0.000026 seconds.
  path: Assets/TextMesh Pro/Fonts/LiberationSans.ttf
  artifactKey: Guid(e3265ab4bf004d28a9537516768c1c75) Importer(815301076,1909f56bfc062723c751e8b465ee728b)
Start importing Assets/TextMesh Pro/Fonts/LiberationSans.ttf using Guid(e3265ab4bf004d28a9537516768c1c75) Importer(815301076,1909f56bfc062723c751e8b465ee728b) (PreviewImporter) -> (artifact id: 'ad399ca31be5e92e50be907a795aac41') in 0.0118302 seconds
Number of updated asset objects reloaded before import = 0Number of asset objects unloaded after import = 4

========================================================================
Received Import Request.
  Time since last request: 0.000023 seconds.
  path: Assets/TextMesh Pro/Resources/Fonts & Materials/LiberationSans SDF - Drop Shadow.mat
  artifactKey: Guid(e73a58f6e2794ae7b1b7e50b7fb811b0) Importer(815301076,1909f56bfc062723c751e8b465ee728b)
Start importing Assets/TextMesh Pro/Resources/Fonts & Materials/LiberationSans SDF - Drop Shadow.mat using Guid(e73a58f6e2794ae7b1b7e50b7fb811b0) Importer(815301076,1909f56bfc062723c751e8b465ee728b) (PreviewImporter) -> (artifact id: '45f0388acce5c7d1ab3764224bd2f54b') in 0.0274482 seconds
Number of updated asset objects reloaded before import = 0Number of asset objects unloaded after import = 2

========================================================================
Received Import Request.
  Time since last request: 0.000019 seconds.
  path: Packages/com.unity.2d.psdimporter/Editor/Assets/root-green.mat
  artifactKey: Guid(bc6da4580f5514e458fe5def87e138be) Importer(815301076,1909f56bfc062723c751e8b465ee728b)
Start importing Packages/com.unity.2d.psdimporter/Editor/Assets/root-green.mat using Guid(bc6da4580f5514e458fe5def87e138be) Importer(815301076,1909f56bfc062723c751e8b465ee728b) (PreviewImporter) -> (artifact id: '52a5637896b3da852464e2f8ca68866b') in 0.0154151 seconds
Number of updated asset objects reloaded before import = 0Number of asset objects unloaded after import = 1

========================================================================
Received Import Request.
  Time since last request: 0.000019 seconds.
  path: Assets/TextMesh Pro/Examples & Extras/Resources/Fonts & Materials/Bangers SDF Glow.mat
  artifactKey: Guid(d75b8f41e959450c84ac6e967084d3e1) Importer(815301076,1909f56bfc062723c751e8b465ee728b)
Start importing Assets/TextMesh Pro/Examples & Extras/Resources/Fonts & Materials/Bangers SDF Glow.mat using Guid(d75b8f41e959450c84ac6e967084d3e1) Importer(815301076,1909f56bfc062723c751e8b465ee728b) (PreviewImporter) -> (artifact id: 'c61b881a8967645abf33ff13146c6da2') in 0.0802313 seconds
Number of updated asset objects reloaded before import = 0Number of asset objects unloaded after import = 3

========================================================================
Received Import Request.
  Time since last request: 0.000027 seconds.
  path: Packages/com.unity.2d.psdimporter/Editor/Assets/root-red.mat
  artifactKey: Guid(4459fff084dd84526ab8fd5082d2eacb) Importer(815301076,1909f56bfc062723c751e8b465ee728b)
Start importing Packages/com.unity.2d.psdimporter/Editor/Assets/root-red.mat using Guid(4459fff084dd84526ab8fd5082d2eacb) Importer(815301076,1909f56bfc062723c751e8b465ee728b) (PreviewImporter) -> (artifact id: '07c5d64481a6fadfb90204cfc49b926c') in 0.0132559 seconds
Number of updated asset objects reloaded before import = 0Number of asset objects unloaded after import = 1

========================================================================
Received Import Request.
  Time since last request: 0.000051 seconds.
  path: Assets/TextMesh Pro/Examples & Extras/Resources/Fonts & Materials/Roboto-Bold SDF - HDRP Unlit.mat
  artifactKey: Guid(2ddca8f46aa0838419d568affb0ca6b4) Importer(815301076,1909f56bfc062723c751e8b465ee728b)
Start importing Assets/TextMesh Pro/Examples & Extras/Resources/Fonts & Materials/Roboto-Bold SDF - HDRP Unlit.mat using Guid(2ddca8f46aa0838419d568affb0ca6b4) Importer(815301076,1909f56bfc062723c751e8b465ee728b) (PreviewImporter) -> (artifact id: '326e22a61d6e5e975b5f4f27c8345c66') in 0.0162037 seconds
Number of updated asset objects reloaded before import = 0Number of asset objects unloaded after import = 3

========================================================================
Received Import Request.
  Time since last request: 0.000021 seconds.
  path: Assets/TextMesh Pro/Examples & Extras/Resources/Fonts & Materials/Roboto-Bold SDF.asset
  artifactKey: Guid(5302535af1044152a457ed104f1f4b91) Importer(815301076,1909f56bfc062723c751e8b465ee728b)
Start importing Assets/TextMesh Pro/Examples & Extras/Resources/Fonts & Materials/Roboto-Bold SDF.asset using Guid(5302535af1044152a457ed104f1f4b91) Importer(815301076,1909f56bfc062723c751e8b465ee728b) (PreviewImporter) -> (artifact id: '7a11e5336fb555c991791d3f326b9be4') in 0.0205795 seconds
Number of updated asset objects reloaded before import = 0Number of asset objects unloaded after import = 6

========================================================================
Received Import Request.
  Time since last request: 0.000023 seconds.
  path: Assets/TextMesh Pro/Examples & Extras/Fonts/Bangers.ttf
  artifactKey: Guid(5dd49b3eacc540408c98eee0de38e0f1) Importer(815301076,1909f56bfc062723c751e8b465ee728b)
Start importing Assets/TextMesh Pro/Examples & Extras/Fonts/Bangers.ttf using Guid(5dd49b3eacc540408c98eee0de38e0f1) Importer(815301076,1909f56bfc062723c751e8b465ee728b) (PreviewImporter) -> (artifact id: 'f365bb3e8f03d3deacdd0c35cb31fd14') in 0.0115412 seconds
Number of updated asset objects reloaded before import = 0Number of asset objects unloaded after import = 4

========================================================================
Received Import Request.
  Time since last request: 0.000023 seconds.
  path: Assets/TextMesh Pro/Resources/Fonts & Materials/LiberationSans SDF.asset
  artifactKey: Guid(8f586378b4e144a9851e7b34d9b748ee) Importer(815301076,1909f56bfc062723c751e8b465ee728b)
Start importing Assets/TextMesh Pro/Resources/Fonts & Materials/LiberationSans SDF.asset using Guid(8f586378b4e144a9851e7b34d9b748ee) Importer(815301076,1909f56bfc062723c751e8b465ee728b) (PreviewImporter) -> (artifact id: '7d47ae5299ffd23a5328eaa948127e58') in 0.0323137 seconds
Number of updated asset objects reloaded before import = 0Number of asset objects unloaded after import = 9

========================================================================
Received Import Request.
  Time since last request: 0.000022 seconds.
  path: Assets/TextMesh Pro/Examples & Extras/Resources/Fonts & Materials/Bangers SDF Logo.mat
  artifactKey: Guid(f4e195ac1e204eff960149d1cb34e18c) Importer(815301076,1909f56bfc062723c751e8b465ee728b)
Start importing Assets/TextMesh Pro/Examples & Extras/Resources/Fonts & Materials/Bangers SDF Logo.mat using Guid(f4e195ac1e204eff960149d1cb34e18c) Importer(815301076,1909f56bfc062723c751e8b465ee728b) (PreviewImporter) -> (artifact id: '89aa5c6a132a7b1d5b8be7794b03196b') in 0.2374042 seconds
Number of updated asset objects reloaded before import = 0Number of asset objects unloaded after import = 4

========================================================================
Received Import Request.
  Time since last request: 0.000026 seconds.
  path: Assets/TextMesh Pro/Examples & Extras/Fonts/Anton.ttf
  artifactKey: Guid(997a43b767814dd0a7642ec9b78cba41) Importer(815301076,1909f56bfc062723c751e8b465ee728b)
Start importing Assets/TextMesh Pro/Examples & Extras/Fonts/Anton.ttf using Guid(997a43b767814dd0a7642ec9b78cba41) Importer(815301076,1909f56bfc062723c751e8b465ee728b) (PreviewImporter) -> (artifact id: 'dfdc19270894c3ff871072fec7e1855b') in 0.011348 seconds
Number of updated asset objects reloaded before import = 0Number of asset objects unloaded after import = 4

========================================================================
Received Import Request.
  Time since last request: 0.000035 seconds.
  path: Assets/TextMesh Pro/Examples & Extras/Resources/Fonts & Materials/LiberationSans SDF - Soft Mask.mat
  artifactKey: Guid(42df1c7856584b6b8db9a509b6b10074) Importer(815301076,1909f56bfc062723c751e8b465ee728b)
Start importing Assets/TextMesh Pro/Examples & Extras/Resources/Fonts & Materials/LiberationSans SDF - Soft Mask.mat using Guid(42df1c7856584b6b8db9a509b6b10074) Importer(815301076,1909f56bfc062723c751e8b465ee728b) (PreviewImporter) -> (artifact id: '65b572258d51cf9378e2a8e1fc56cb6e') in 0.0277711 seconds
Number of updated asset objects reloaded before import = 0Number of asset objects unloaded after import = 3

========================================================================
Received Import Request.
  Time since last request: 69.299319 seconds.
  path: Assets/Juego/EnemyData/c.asset
  artifactKey: Guid(8b95862dd8bb65f40b3118ce2bca896f) Importer(815301076,1909f56bfc062723c751e8b465ee728b)
Start importing Assets/Juego/EnemyData/c.asset using Guid(8b95862dd8bb65f40b3118ce2bca896f) Importer(815301076,1909f56bfc062723c751e8b465ee728b) (PreviewImporter) -> (artifact id: 'f5b87f4b39a051aef8f99c99ae94a21a') in 0.0032815 seconds
Number of updated asset objects reloaded before import = 0Number of asset objects unloaded after import = 31

========================================================================
Received Import Request.
  Time since last request: 0.963789 seconds.
  path: Assets/Juego/EnemyData/c.asset
  artifactKey: Guid(8b95862dd8bb65f40b3118ce2bca896f) Importer(2089858483,b0f066a214c2f5e87bad3c948f4d605d)
Start importing Assets/Juego/EnemyData/c.asset using Guid(8b95862dd8bb65f40b3118ce2bca896f) Importer(2089858483,b0f066a214c2f5e87bad3c948f4d605d) (ScriptedImporter) -> (artifact id: 'd3e4f72896d69d207cd1a4840ed3f674') in 0.0177641 seconds
Number of updated asset objects reloaded before import = 0Number of asset objects unloaded after import = 31

========================================================================
Received Import Request.
  Time since last request: 6.892757 seconds.
  path: Assets/Juego/EnemyData/R.asset
  artifactKey: Guid(09d9531c7a3cd1d4f85b52a03687ea03) Importer(815301076,1909f56bfc062723c751e8b465ee728b)
Start importing Assets/Juego/EnemyData/R.asset using Guid(09d9531c7a3cd1d4f85b52a03687ea03) Importer(815301076,1909f56bfc062723c751e8b465ee728b) (PreviewImporter) -> (artifact id: '1fcd91b6dc34d7f3810ce5f86484d0d9') in 0.0029994 seconds
Number of updated asset objects reloaded before import = 0Number of asset objects unloaded after import = 31

========================================================================
Received Import Request.
  Time since last request: 0.975428 seconds.
  path: Assets/Juego/EnemyData/R.asset
  artifactKey: Guid(09d9531c7a3cd1d4f85b52a03687ea03) Importer(2089858483,b0f066a214c2f5e87bad3c948f4d605d)
Start importing Assets/Juego/EnemyData/R.asset using Guid(09d9531c7a3cd1d4f85b52a03687ea03) Importer(2089858483,b0f066a214c2f5e87bad3c948f4d605d) (ScriptedImporter) -> (artifact id: '3efaa271987315606a30b447ad2c78ae') in 0.0179769 seconds
Number of updated asset objects reloaded before import = 0Number of asset objects unloaded after import = 31

========================================================================
Received Import Request.
  Time since last request: 4.781923 seconds.
  path: Assets/Juego/EnemyData/C.asset
  artifactKey: Guid(8b95862dd8bb65f40b3118ce2bca896f) Importer(815301076,1909f56bfc062723c751e8b465ee728b)
Start importing Assets/Juego/EnemyData/C.asset using Guid(8b95862dd8bb65f40b3118ce2bca896f) Importer(815301076,1909f56bfc062723c751e8b465ee728b) (PreviewImporter) -> (artifact id: '2a915788601a2b04d000dcbb68d4feed') in 0.0031797 seconds
Number of updated asset objects reloaded before import = 0Number of asset objects unloaded after import = 31

========================================================================
Received Import Request.
  Time since last request: 0.972465 seconds.
  path: Assets/Juego/EnemyData/C.asset
  artifactKey: Guid(8b95862dd8bb65f40b3118ce2bca896f) Importer(2089858483,b0f066a214c2f5e87bad3c948f4d605d)
Start importing Assets/Juego/EnemyData/C.asset using Guid(8b95862dd8bb65f40b3118ce2bca896f) Importer(2089858483,b0f066a214c2f5e87bad3c948f4d605d) (ScriptedImporter) -> (artifact id: 'e9e019f3f6af9a11cade2e2bf53727ed') in 0.01804 seconds
Number of updated asset objects reloaded before import = 0Number of asset objects unloaded after import = 31

========================================================================
Received Import Request.
  Time since last request: 119.144177 seconds.
  path: Assets/Juego/EnemyData/C.asset
  artifactKey: Guid(8b95862dd8bb65f40b3118ce2bca896f) Importer(815301076,1909f56bfc062723c751e8b465ee728b)
Start importing Assets/Juego/EnemyData/C.asset using Guid(8b95862dd8bb65f40b3118ce2bca896f) Importer(815301076,1909f56bfc062723c751e8b465ee728b) (PreviewImporter) -> (artifact id: '248ac9ad28b73b1b01b2dbeb0226cd50') in 0.0030596 seconds
Number of updated asset objects reloaded before import = 0Number of asset objects unloaded after import = 31

========================================================================
Received Import Request.
  Time since last request: 0.000016 seconds.
  path: Assets/Juego/EnemyData/R 1.asset
  artifactKey: Guid(38918bd5bad3e084eaf62caa376a75aa) Importer(815301076,1909f56bfc062723c751e8b465ee728b)
Start importing Assets/Juego/EnemyData/R 1.asset using Guid(38918bd5bad3e084eaf62caa376a75aa) Importer(815301076,1909f56bfc062723c751e8b465ee728b) (PreviewImporter) -> (artifact id: '11c123ed82f987adc9403b7e7bd6ed60') in 0.0022074 seconds
Number of updated asset objects reloaded before import = 0Number of asset objects unloaded after import = 31

========================================================================
Received Import Request.
  Time since last request: 0.962897 seconds.
  path: Assets/Juego/EnemyData/C.asset
  artifactKey: Guid(8b95862dd8bb65f40b3118ce2bca896f) Importer(2089858483,b0f066a214c2f5e87bad3c948f4d605d)
Start importing Assets/Juego/EnemyData/C.asset using Guid(8b95862dd8bb65f40b3118ce2bca896f) Importer(2089858483,b0f066a214c2f5e87bad3c948f4d605d) (ScriptedImporter) -> (artifact id: '5c55d6437281f525c57a0cc6527cd885') in 0.0153375 seconds
Number of updated asset objects reloaded before import = 0Number of asset objects unloaded after import = 31

========================================================================
Received Import Request.
  Time since last request: 1.452402 seconds.
  path: Assets/Juego/EnemyData/G.asset
  artifactKey: Guid(38918bd5bad3e084eaf62caa376a75aa) Importer(815301076,1909f56bfc062723c751e8b465ee728b)
Start importing Assets/Juego/EnemyData/G.asset using Guid(38918bd5bad3e084eaf62caa376a75aa) Importer(815301076,1909f56bfc062723c751e8b465ee728b) (PreviewImporter) -> (artifact id: '05813e13e3cc0106c638943df10d9fa6') in 0.003075 seconds
Number of updated asset objects reloaded before import = 0Number of asset objects unloaded after import = 31

========================================================================
Received Import Request.
  Time since last request: 0.978795 seconds.
  path: Assets/Juego/EnemyData/G.asset
  artifactKey: Guid(38918bd5bad3e084eaf62caa376a75aa) Importer(2089858483,b0f066a214c2f5e87bad3c948f4d605d)
Start importing Assets/Juego/EnemyData/G.asset using Guid(38918bd5bad3e084eaf62caa376a75aa) Importer(2089858483,b0f066a214c2f5e87bad3c948f4d605d) (ScriptedImporter) -> (artifact id: '423c8557d8fcbdf776d054270555d0c7') in 0.0182671 seconds
Number of updated asset objects reloaded before import = 0Number of asset objects unloaded after import = 31

========================================================================
Received Import Request.
  Time since last request: 38.729480 seconds.
  path: Assets/Juego/EnemyData 1/Automatas.asset
  artifactKey: Guid(88b372211e6cc224689243eccd667fe5) Importer(815301076,1909f56bfc062723c751e8b465ee728b)
Start importing Assets/Juego/EnemyData 1/Automatas.asset using Guid(88b372211e6cc224689243eccd667fe5) Importer(815301076,1909f56bfc062723c751e8b465ee728b) (PreviewImporter) -> (artifact id: '7b5dc912c56e826ef101182e4abcc92b') in 0.017782 seconds
Number of updated asset objects reloaded before import = 0Number of asset objects unloaded after import = 47

========================================================================
Received Import Request.
  Time since last request: 0.000019 seconds.
  path: Assets/Juego/EnemyData 1/Redes.asset
  artifactKey: Guid(ebe4fcb1dd782e84897ae0f7262b6266) Importer(815301076,1909f56bfc062723c751e8b465ee728b)
Start importing Assets/Juego/EnemyData 1/Redes.asset using Guid(ebe4fcb1dd782e84897ae0f7262b6266) Importer(815301076,1909f56bfc062723c751e8b465ee728b) (PreviewImporter) -> (artifact id: '877037e640e4c190ace99ae8d7d75d2d') in 0.0046661 seconds
Number of updated asset objects reloaded before import = 0Number of asset objects unloaded after import = 31

========================================================================
Received Import Request.
  Time since last request: 0.000017 seconds.
  path: Assets/Juego/EnemyData/G.asset
  artifactKey: Guid(38918bd5bad3e084eaf62caa376a75aa) Importer(815301076,1909f56bfc062723c751e8b465ee728b)
Start importing Assets/Juego/EnemyData/G.asset using Guid(38918bd5bad3e084eaf62caa376a75aa) Importer(815301076,1909f56bfc062723c751e8b465ee728b) (PreviewImporter) -> (artifact id: 'b34271d9ae038e1ff0e0aab4483f51eb') in 0.0029417 seconds
Number of updated asset objects reloaded before import = 0Number of asset objects unloaded after import = 31

========================================================================
Received Import Request.
  Time since last request: 0.946700 seconds.
  path: Assets/Juego/EnemyData/G.asset
  artifactKey: Guid(38918bd5bad3e084eaf62caa376a75aa) Importer(2089858483,b0f066a214c2f5e87bad3c948f4d605d)
Start importing Assets/Juego/EnemyData/G.asset using Guid(38918bd5bad3e084eaf62caa376a75aa) Importer(2089858483,b0f066a214c2f5e87bad3c948f4d605d) (ScriptedImporter) -> (artifact id: '58d5ddce814d472ad98d7e5c7d1d9215') in 0.0271288 seconds
Number of updated asset objects reloaded before import = 0Number of asset objects unloaded after import = 31

========================================================================
Received Import Request.
  Time since last request: 0.000131 seconds.
  path: Assets/Juego/EnemyData 1/C.asset
  artifactKey: Guid(c3213dd3551e31947a16cee970ea93c7) Importer(2089858483,b0f066a214c2f5e87bad3c948f4d605d)
Start importing Assets/Juego/EnemyData 1/C.asset using Guid(c3213dd3551e31947a16cee970ea93c7) Importer(2089858483,b0f066a214c2f5e87bad3c948f4d605d) (ScriptedImporter) -> (artifact id: '0e31cd9da70efb1dbc02d4906f471bb3') in 0.0242772 seconds
Number of updated asset objects reloaded before import = 0Number of asset objects unloaded after import = 31

========================================================================
Received Import Request.
  Time since last request: 0.000025 seconds.
  path: Assets/Juego/EnemyData 1/Automatas.asset
  artifactKey: Guid(88b372211e6cc224689243eccd667fe5) Importer(2089858483,b0f066a214c2f5e87bad3c948f4d605d)
Start importing Assets/Juego/EnemyData 1/Automatas.asset using Guid(88b372211e6cc224689243eccd667fe5) Importer(2089858483,b0f066a214c2f5e87bad3c948f4d605d) (ScriptedImporter) -> (artifact id: 'dea177ab92511dcdf877e1625ffb3f41') in 0.0378452 seconds
Number of updated asset objects reloaded before import = 0Number of asset objects unloaded after import = 47

========================================================================
Received Import Request.
  Time since last request: 0.000025 seconds.
  path: Assets/Juego/EnemyData 1/R.asset
  artifactKey: Guid(7f45d00abf44c8244b9cfa94a979e61b) Importer(2089858483,b0f066a214c2f5e87bad3c948f4d605d)
Start importing Assets/Juego/EnemyData 1/R.asset using Guid(7f45d00abf44c8244b9cfa94a979e61b) Importer(2089858483,b0f066a214c2f5e87bad3c948f4d605d) (ScriptedImporter) -> (artifact id: 'ea288fb9d41c2de760d5035ac789c3d8') in 0.0226776 seconds
Number of updated asset objects reloaded before import = 0Number of asset objects unloaded after import = 31

========================================================================
Received Import Request.
  Time since last request: 118.972058 seconds.
  path: Assets/Juego/EnemyData/C.asset
  artifactKey: Guid(8b95862dd8bb65f40b3118ce2bca896f) Importer(815301076,1909f56bfc062723c751e8b465ee728b)
Start importing Assets/Juego/EnemyData/C.asset using Guid(8b95862dd8bb65f40b3118ce2bca896f) Importer(815301076,1909f56bfc062723c751e8b465ee728b) (PreviewImporter) -> (artifact id: '3192e91d95a43b18824791fb897398d0') in 0.0040905 seconds
Number of updated asset objects reloaded before import = 0Number of asset objects unloaded after import = 31

========================================================================
Received Import Request.
  Time since last request: 0.000017 seconds.
  path: Assets/Juego/EnemyData/G 1.asset
  artifactKey: Guid(c739ca59734692641952044be4fe4cf6) Importer(815301076,1909f56bfc062723c751e8b465ee728b)
Start importing Assets/Juego/EnemyData/G 1.asset using Guid(c739ca59734692641952044be4fe4cf6) Importer(815301076,1909f56bfc062723c751e8b465ee728b) (PreviewImporter) -> (artifact id: '8f46b6486013c9cc16f009966eca528e') in 0.0027385 seconds
Number of updated asset objects reloaded before import = 0Number of asset objects unloaded after import = 31

========================================================================
Received Import Request.
  Time since last request: 0.000019 seconds.
  path: Assets/Juego/EnemyData/R.asset
  artifactKey: Guid(09d9531c7a3cd1d4f85b52a03687ea03) Importer(815301076,1909f56bfc062723c751e8b465ee728b)
Start importing Assets/Juego/EnemyData/R.asset using Guid(09d9531c7a3cd1d4f85b52a03687ea03) Importer(815301076,1909f56bfc062723c751e8b465ee728b) (PreviewImporter) -> (artifact id: 'd69a8c233cfe132d6ac728494366d715') in 0.0029319 seconds
Number of updated asset objects reloaded before import = 0Number of asset objects unloaded after import = 31

========================================================================
Received Import Request.
  Time since last request: 0.955520 seconds.
  path: Assets/Juego/EnemyData/C.asset
  artifactKey: Guid(8b95862dd8bb65f40b3118ce2bca896f) Importer(2089858483,b0f066a214c2f5e87bad3c948f4d605d)
Start importing Assets/Juego/EnemyData/C.asset using Guid(8b95862dd8bb65f40b3118ce2bca896f) Importer(2089858483,b0f066a214c2f5e87bad3c948f4d605d) (ScriptedImporter) -> (artifact id: '19064833b427992d58ba65ad8be988cf') in 0.0158497 seconds
Number of updated asset objects reloaded before import = 0Number of asset objects unloaded after import = 31

========================================================================
Received Import Request.
  Time since last request: 0.000018 seconds.
  path: Assets/Juego/EnemyData/R.asset
  artifactKey: Guid(09d9531c7a3cd1d4f85b52a03687ea03) Importer(2089858483,b0f066a214c2f5e87bad3c948f4d605d)
Start importing Assets/Juego/EnemyData/R.asset using Guid(09d9531c7a3cd1d4f85b52a03687ea03) Importer(2089858483,b0f066a214c2f5e87bad3c948f4d605d) (ScriptedImporter) -> (artifact id: '2373225b73c18b09e75c6c2a49dfce5d') in 0.0140104 seconds
Number of updated asset objects reloaded before import = 0Number of asset objects unloaded after import = 31

========================================================================
Received Import Request.
  Time since last request: 0.000026 seconds.
  path: Assets/Juego/EnemyData/G 1.asset
  artifactKey: Guid(c739ca59734692641952044be4fe4cf6) Importer(2089858483,b0f066a214c2f5e87bad3c948f4d605d)
Start importing Assets/Juego/EnemyData/G 1.asset using Guid(c739ca59734692641952044be4fe4cf6) Importer(2089858483,b0f066a214c2f5e87bad3c948f4d605d) (ScriptedImporter) -> (artifact id: '60bd6910735daeb4f4da4218f2fb483c') in 0.0143453 seconds
Number of updated asset objects reloaded before import = 0Number of asset objects unloaded after import = 31

========================================================================
Received Import Request.
  Time since last request: 2.252388 seconds.
  path: Assets/Juego/EnemyData/V.asset
  artifactKey: Guid(c739ca59734692641952044be4fe4cf6) Importer(815301076,1909f56bfc062723c751e8b465ee728b)
Start importing Assets/Juego/EnemyData/V.asset using Guid(c739ca59734692641952044be4fe4cf6) Importer(815301076,1909f56bfc062723c751e8b465ee728b) (PreviewImporter) -> (artifact id: '6f3589785f8825a81527fd209edadf78') in 0.0034113 seconds
Number of updated asset objects reloaded before import = 0Number of asset objects unloaded after import = 31

========================================================================
Received Import Request.
  Time since last request: 0.972947 seconds.
  path: Assets/Juego/EnemyData/V.asset
  artifactKey: Guid(c739ca59734692641952044be4fe4cf6) Importer(2089858483,b0f066a214c2f5e87bad3c948f4d605d)
Start importing Assets/Juego/EnemyData/V.asset using Guid(c739ca59734692641952044be4fe4cf6) Importer(2089858483,b0f066a214c2f5e87bad3c948f4d605d) (ScriptedImporter) -> (artifact id: '7990c41df6ed4c108db6b481b0614076') in 0.0142767 seconds
Number of updated asset objects reloaded before import = 0Number of asset objects unloaded after import = 31

========================================================================
Received Import Request.
  Time since last request: 40.361329 seconds.
  path: Assets/Juego/EnemyData/V 1.asset
  artifactKey: Guid(383ff0c32c6b0ae48ab185ce21e23a24) Importer(815301076,1909f56bfc062723c751e8b465ee728b)
Start importing Assets/Juego/EnemyData/V 1.asset using Guid(383ff0c32c6b0ae48ab185ce21e23a24) Importer(815301076,1909f56bfc062723c751e8b465ee728b) (PreviewImporter) -> (artifact id: 'e28d1c1588dc22c0cf79d061de6c0d4c') in 0.002844 seconds
Number of updated asset objects reloaded before import = 0Number of asset objects unloaded after import = 31

========================================================================
Received Import Request.
  Time since last request: 0.964514 seconds.
  path: Assets/Juego/EnemyData/V 1.asset
  artifactKey: Guid(383ff0c32c6b0ae48ab185ce21e23a24) Importer(2089858483,b0f066a214c2f5e87bad3c948f4d605d)
Start importing Assets/Juego/EnemyData/V 1.asset using Guid(383ff0c32c6b0ae48ab185ce21e23a24) Importer(2089858483,b0f066a214c2f5e87bad3c948f4d605d) (ScriptedImporter) -> (artifact id: '61016ec2857ced1cc53e43089f7551cf') in 0.0161039 seconds
Number of updated asset objects reloaded before import = 0Number of asset objects unloaded after import = 31

========================================================================
Received Import Request.
  Time since last request: 1.720045 seconds.
  path: Assets/Juego/EnemyData/P.asset
  artifactKey: Guid(383ff0c32c6b0ae48ab185ce21e23a24) Importer(815301076,1909f56bfc062723c751e8b465ee728b)
Start importing Assets/Juego/EnemyData/P.asset using Guid(383ff0c32c6b0ae48ab185ce21e23a24) Importer(815301076,1909f56bfc062723c751e8b465ee728b) (PreviewImporter) -> (artifact id: '5c0bd5c184a6227160dc360e7dac2e42') in 0.0025267 seconds
Number of updated asset objects reloaded before import = 0Number of asset objects unloaded after import = 31

========================================================================
Received Import Request.
  Time since last request: 0.976828 seconds.
  path: Assets/Juego/EnemyData/P.asset
  artifactKey: Guid(383ff0c32c6b0ae48ab185ce21e23a24) Importer(2089858483,b0f066a214c2f5e87bad3c948f4d605d)
Start importing Assets/Juego/EnemyData/P.asset using Guid(383ff0c32c6b0ae48ab185ce21e23a24) Importer(2089858483,b0f066a214c2f5e87bad3c948f4d605d) (ScriptedImporter) -> (artifact id: '4bca89d8893b9f5f1fee59bffb5badb2') in 0.0159088 seconds
Number of updated asset objects reloaded before import = 0Number of asset objects unloaded after import = 31

========================================================================
Received Import Request.
  Time since last request: 123.813073 seconds.
  path: Assets/Juego/EnemyData/P.asset
  artifactKey: Guid(383ff0c32c6b0ae48ab185ce21e23a24) Importer(815301076,1909f56bfc062723c751e8b465ee728b)
Start importing Assets/Juego/EnemyData/P.asset using Guid(383ff0c32c6b0ae48ab185ce21e23a24) Importer(815301076,1909f56bfc062723c751e8b465ee728b) (PreviewImporter) -> (artifact id: '8a2cbfd109148c815a897e70cecc57ab') in 0.0030926 seconds
Number of updated asset objects reloaded before import = 0Number of asset objects unloaded after import = 31

========================================================================
Received Import Request.
  Time since last request: 0.966055 seconds.
  path: Assets/Juego/EnemyData/P.asset
  artifactKey: Guid(383ff0c32c6b0ae48ab185ce21e23a24) Importer(2089858483,b0f066a214c2f5e87bad3c948f4d605d)
Start importing Assets/Juego/EnemyData/P.asset using Guid(383ff0c32c6b0ae48ab185ce21e23a24) Importer(2089858483,b0f066a214c2f5e87bad3c948f4d605d) (ScriptedImporter) -> (artifact id: '2aedd01ac4dab80e00feed7ea98f0a4e') in 0.0163898 seconds
Number of updated asset objects reloaded before import = 0Number of asset objects unloaded after import = 31

========================================================================
Received Import Request.
  Time since last request: 1.525299 seconds.
  path: Assets/Juego/EnemyData/O.asset
  artifactKey: Guid(247aa2982623c994a9aa94efe6feaa68) Importer(815301076,1909f56bfc062723c751e8b465ee728b)
Start importing Assets/Juego/EnemyData/O.asset using Guid(247aa2982623c994a9aa94efe6feaa68) Importer(815301076,1909f56bfc062723c751e8b465ee728b) (PreviewImporter) -> (artifact id: 'bfc21b6800d5568c9f769ca51796c516') in 0.0024494 seconds
Number of updated asset objects reloaded before import = 0Number of asset objects unloaded after import = 31

========================================================================
Received Import Request.
  Time since last request: 0.977954 seconds.
  path: Assets/Juego/EnemyData/O.asset
  artifactKey: Guid(247aa2982623c994a9aa94efe6feaa68) Importer(2089858483,b0f066a214c2f5e87bad3c948f4d605d)
Start importing Assets/Juego/EnemyData/O.asset using Guid(247aa2982623c994a9aa94efe6feaa68) Importer(2089858483,b0f066a214c2f5e87bad3c948f4d605d) (ScriptedImporter) -> (artifact id: '68ecba2e8df99220db38d837ea1a8a49') in 0.0162485 seconds
Number of updated asset objects reloaded before import = 0Number of asset objects unloaded after import = 31

========================================================================
Received Import Request.
  Time since last request: 84.945754 seconds.
  path: Assets/Juego/EnemyData/O.asset
  artifactKey: Guid(247aa2982623c994a9aa94efe6feaa68) Importer(815301076,1909f56bfc062723c751e8b465ee728b)
Start importing Assets/Juego/EnemyData/O.asset using Guid(247aa2982623c994a9aa94efe6feaa68) Importer(815301076,1909f56bfc062723c751e8b465ee728b) (PreviewImporter) -> (artifact id: '6206e09dcd45add3d818e9e55b13c7e6') in 0.0035264 seconds
Number of updated asset objects reloaded before import = 0Number of asset objects unloaded after import = 31

========================================================================
Received Import Request.
  Time since last request: 0.961491 seconds.
  path: Assets/Juego/EnemyData/O.asset
  artifactKey: Guid(247aa2982623c994a9aa94efe6feaa68) Importer(2089858483,b0f066a214c2f5e87bad3c948f4d605d)
Start importing Assets/Juego/EnemyData/O.asset using Guid(247aa2982623c994a9aa94efe6feaa68) Importer(2089858483,b0f066a214c2f5e87bad3c948f4d605d) (ScriptedImporter) -> (artifact id: 'a7abfc9d90497f262366eb56ad297d8e') in 0.016467 seconds
Number of updated asset objects reloaded before import = 0Number of asset objects unloaded after import = 31

========================================================================
Received Import Request.
  Time since last request: 4.690753 seconds.
  path: Assets/Juego/EnemyData/K.asset
  artifactKey: Guid(267a2b1ee5ffbf74fbcdc9def3a2b4d6) Importer(815301076,1909f56bfc062723c751e8b465ee728b)
Start importing Assets/Juego/EnemyData/K.asset using Guid(267a2b1ee5ffbf74fbcdc9def3a2b4d6) Importer(815301076,1909f56bfc062723c751e8b465ee728b) (PreviewImporter) -> (artifact id: '892110087ed74c6b341f48528086a2c2') in 0.0031461 seconds
Number of updated asset objects reloaded before import = 0Number of asset objects unloaded after import = 31

========================================================================
Received Import Request.
  Time since last request: 0.977746 seconds.
  path: Assets/Juego/EnemyData/K.asset
  artifactKey: Guid(267a2b1ee5ffbf74fbcdc9def3a2b4d6) Importer(2089858483,b0f066a214c2f5e87bad3c948f4d605d)
Start importing Assets/Juego/EnemyData/K.asset using Guid(267a2b1ee5ffbf74fbcdc9def3a2b4d6) Importer(2089858483,b0f066a214c2f5e87bad3c948f4d605d) (ScriptedImporter) -> (artifact id: '6594c8875fee7edeb52be94642b2609e') in 0.016495 seconds
Number of updated asset objects reloaded before import = 0Number of asset objects unloaded after import = 31

========================================================================
Received Import Request.
  Time since last request: 26.429101 seconds.
  path: Assets/Juego/EnemyData/K.asset
  artifactKey: Guid(267a2b1ee5ffbf74fbcdc9def3a2b4d6) Importer(815301076,1909f56bfc062723c751e8b465ee728b)
Start importing Assets/Juego/EnemyData/K.asset using Guid(267a2b1ee5ffbf74fbcdc9def3a2b4d6) Importer(815301076,1909f56bfc062723c751e8b465ee728b) (PreviewImporter) -> (artifact id: 'fa6a065cff51a040c3a75a772ae3b90e') in 0.0028119 seconds
Number of updated asset objects reloaded before import = 0Number of asset objects unloaded after import = 31

========================================================================
Received Import Request.
  Time since last request: 0.965407 seconds.
  path: Assets/Juego/EnemyData/K.asset
  artifactKey: Guid(267a2b1ee5ffbf74fbcdc9def3a2b4d6) Importer(2089858483,b0f066a214c2f5e87bad3c948f4d605d)
Start importing Assets/Juego/EnemyData/K.asset using Guid(267a2b1ee5ffbf74fbcdc9def3a2b4d6) Importer(2089858483,b0f066a214c2f5e87bad3c948f4d605d) (ScriptedImporter) -> (artifact id: 'e70de3f50eb165846886bb5b53deb027') in 0.0161341 seconds
Number of updated asset objects reloaded before import = 0Number of asset objects unloaded after import = 31

========================================================================
Received Import Request.
  Time since last request: 8.344988 seconds.
  path: Assets/Juego/EnemyData/F.asset
  artifactKey: Guid(1e2fdad070255234ead14945cbef17ae) Importer(815301076,1909f56bfc062723c751e8b465ee728b)
Start importing Assets/Juego/EnemyData/F.asset using Guid(1e2fdad070255234ead14945cbef17ae) Importer(815301076,1909f56bfc062723c751e8b465ee728b) (PreviewImporter) -> (artifact id: '56efa8d7812d185beb375e74d1d02ae5') in 0.0026337 seconds
Number of updated asset objects reloaded before import = 0Number of asset objects unloaded after import = 31

========================================================================
Received Import Request.
  Time since last request: 0.976138 seconds.
  path: Assets/Juego/EnemyData/F.asset
  artifactKey: Guid(1e2fdad070255234ead14945cbef17ae) Importer(2089858483,b0f066a214c2f5e87bad3c948f4d605d)
Start importing Assets/Juego/EnemyData/F.asset using Guid(1e2fdad070255234ead14945cbef17ae) Importer(2089858483,b0f066a214c2f5e87bad3c948f4d605d) (ScriptedImporter) -> (artifact id: 'b696979aeee0bf96a0f30408ca6e80f6') in 0.0167398 seconds
Number of updated asset objects reloaded before import = 0Number of asset objects unloaded after import = 31

========================================================================
Received Import Request.
  Time since last request: 22.548444 seconds.
  path: Assets/Juego/EnemyData/F.asset
  artifactKey: Guid(1e2fdad070255234ead14945cbef17ae) Importer(815301076,1909f56bfc062723c751e8b465ee728b)
Start importing Assets/Juego/EnemyData/F.asset using Guid(1e2fdad070255234ead14945cbef17ae) Importer(815301076,1909f56bfc062723c751e8b465ee728b) (PreviewImporter) -> (artifact id: 'd4d217d9ad56116eee61fe6b59f36b38') in 0.00316 seconds
Number of updated asset objects reloaded before import = 0Number of asset objects unloaded after import = 31

========================================================================
Received Import Request.
  Time since last request: 0.963553 seconds.
  path: Assets/Juego/EnemyData/F.asset
  artifactKey: Guid(1e2fdad070255234ead14945cbef17ae) Importer(2089858483,b0f066a214c2f5e87bad3c948f4d605d)
Start importing Assets/Juego/EnemyData/F.asset using Guid(1e2fdad070255234ead14945cbef17ae) Importer(2089858483,b0f066a214c2f5e87bad3c948f4d605d) (ScriptedImporter) -> (artifact id: '08fbfccba9526494fc7dbfdd1cda95a8') in 0.0162214 seconds
Number of updated asset objects reloaded before import = 0Number of asset objects unloaded after import = 31

========================================================================
Received Import Request.
  Time since last request: 3.326626 seconds.
  path: Assets/Juego/EnemyData/E.asset
  artifactKey: Guid(d160625272dd89d409f474b8b2e4d3f8) Importer(815301076,1909f56bfc062723c751e8b465ee728b)
Start importing Assets/Juego/EnemyData/E.asset using Guid(d160625272dd89d409f474b8b2e4d3f8) Importer(815301076,1909f56bfc062723c751e8b465ee728b) (PreviewImporter) -> (artifact id: '80b2d399df6b849a547517f43603f012') in 0.0026428 seconds
Number of updated asset objects reloaded before import = 0Number of asset objects unloaded after import = 31

========================================================================
Received Import Request.
  Time since last request: 0.973751 seconds.
  path: Assets/Juego/EnemyData/E.asset
  artifactKey: Guid(d160625272dd89d409f474b8b2e4d3f8) Importer(2089858483,b0f066a214c2f5e87bad3c948f4d605d)
Start importing Assets/Juego/EnemyData/E.asset using Guid(d160625272dd89d409f474b8b2e4d3f8) Importer(2089858483,b0f066a214c2f5e87bad3c948f4d605d) (ScriptedImporter) -> (artifact id: 'df3c52c21e67276d6fe3239582cecb03') in 0.0136169 seconds
Number of updated asset objects reloaded before import = 0Number of asset objects unloaded after import = 31

========================================================================
Received Import Request.
  Time since last request: 34.464694 seconds.
  path: Assets/Juego/EnemyData/E.asset
  artifactKey: Guid(d160625272dd89d409f474b8b2e4d3f8) Importer(815301076,1909f56bfc062723c751e8b465ee728b)
Start importing Assets/Juego/EnemyData/E.asset using Guid(d160625272dd89d409f474b8b2e4d3f8) Importer(815301076,1909f56bfc062723c751e8b465ee728b) (PreviewImporter) -> (artifact id: 'c8b3fe64877c23bd37bea43c0a1d76e5') in 0.0030686 seconds
Number of updated asset objects reloaded before import = 0Number of asset objects unloaded after import = 31

========================================================================
Received Import Request.
  Time since last request: 0.965048 seconds.
  path: Assets/Juego/EnemyData/E.asset
  artifactKey: Guid(d160625272dd89d409f474b8b2e4d3f8) Importer(2089858483,b0f066a214c2f5e87bad3c948f4d605d)
Start importing Assets/Juego/EnemyData/E.asset using Guid(d160625272dd89d409f474b8b2e4d3f8) Importer(2089858483,b0f066a214c2f5e87bad3c948f4d605d) (ScriptedImporter) -> (artifact id: 'f46568feb7850bc9dd6b97ff5e841d5a') in 0.0163387 seconds
Number of updated asset objects reloaded before import = 0Number of asset objects unloaded after import = 31

========================================================================
Received Import Request.
  Time since last request: 9.860106 seconds.
  path: Assets/Juego/EnemyData/E 2.asset
  artifactKey: Guid(6356c48f33af939418be7addc30291b6) Importer(815301076,1909f56bfc062723c751e8b465ee728b)
Start importing Assets/Juego/EnemyData/E 2.asset using Guid(6356c48f33af939418be7addc30291b6) Importer(815301076,1909f56bfc062723c751e8b465ee728b) (PreviewImporter) -> (artifact id: '6c2798f240d7e7fc3e0954e4c2501a79') in 0.0033277 seconds
Number of updated asset objects reloaded before import = 0Number of asset objects unloaded after import = 31

========================================================================
Received Import Request.
  Time since last request: 0.963712 seconds.
  path: Assets/Juego/EnemyData/E 2.asset
  artifactKey: Guid(6356c48f33af939418be7addc30291b6) Importer(2089858483,b0f066a214c2f5e87bad3c948f4d605d)
Start importing Assets/Juego/EnemyData/E 2.asset using Guid(6356c48f33af939418be7addc30291b6) Importer(2089858483,b0f066a214c2f5e87bad3c948f4d605d) (ScriptedImporter) -> (artifact id: 'cd97f436480424888bc180884cb835d7') in 0.0155824 seconds
Number of updated asset objects reloaded before import = 0Number of asset objects unloaded after import = 31

========================================================================
Received Import Request.
  Time since last request: 4.139990 seconds.
  path: Assets/Juego/EnemyData/J.asset
  artifactKey: Guid(6356c48f33af939418be7addc30291b6) Importer(815301076,1909f56bfc062723c751e8b465ee728b)
Start importing Assets/Juego/EnemyData/J.asset using Guid(6356c48f33af939418be7addc30291b6) Importer(815301076,1909f56bfc062723c751e8b465ee728b) (PreviewImporter) -> (artifact id: 'f85dc9332fe045e876e3f82b6974c54b') in 0.0032048 seconds
Number of updated asset objects reloaded before import = 0Number of asset objects unloaded after import = 31

========================================================================
Received Import Request.
  Time since last request: 0.975346 seconds.
  path: Assets/Juego/EnemyData/J.asset
  artifactKey: Guid(6356c48f33af939418be7addc30291b6) Importer(2089858483,b0f066a214c2f5e87bad3c948f4d605d)
Start importing Assets/Juego/EnemyData/J.asset using Guid(6356c48f33af939418be7addc30291b6) Importer(2089858483,b0f066a214c2f5e87bad3c948f4d605d) (ScriptedImporter) -> (artifact id: 'd90896c7dec0ce570e7d1c1a8facec2e') in 0.0134747 seconds
Number of updated asset objects reloaded before import = 0Number of asset objects unloaded after import = 31

========================================================================
Received Import Request.
  Time since last request: 13.048141 seconds.
  path: Assets/Juego/EnemyData/J 1.asset
  artifactKey: Guid(62aaa672a8bae6547a335c193ca654a8) Importer(815301076,1909f56bfc062723c751e8b465ee728b)
Start importing Assets/Juego/EnemyData/J 1.asset using Guid(62aaa672a8bae6547a335c193ca654a8) Importer(815301076,1909f56bfc062723c751e8b465ee728b) (PreviewImporter) -> (artifact id: 'c9bea3546c1ae040da05312228c3332b') in 0.0025732 seconds
Number of updated asset objects reloaded before import = 0Number of asset objects unloaded after import = 31

========================================================================
Received Import Request.
  Time since last request: 0.967401 seconds.
  path: Assets/Juego/EnemyData/J 1.asset
  artifactKey: Guid(62aaa672a8bae6547a335c193ca654a8) Importer(2089858483,b0f066a214c2f5e87bad3c948f4d605d)
Start importing Assets/Juego/EnemyData/J 1.asset using Guid(62aaa672a8bae6547a335c193ca654a8) Importer(2089858483,b0f066a214c2f5e87bad3c948f4d605d) (ScriptedImporter) -> (artifact id: 'f74e82ba9f5dccd2c0a8e245cde850be') in 0.0162747 seconds
Number of updated asset objects reloaded before import = 0Number of asset objects unloaded after import = 31

========================================================================
Received Import Request.
  Time since last request: 3.775460 seconds.
  path: Assets/Juego/EnemyData/P 1.asset
  artifactKey: Guid(6a96cb00b8ad8ff4ba9c260afc457cee) Importer(815301076,1909f56bfc062723c751e8b465ee728b)
Start importing Assets/Juego/EnemyData/P 1.asset using Guid(6a96cb00b8ad8ff4ba9c260afc457cee) Importer(815301076,1909f56bfc062723c751e8b465ee728b) (PreviewImporter) -> (artifact id: '24fa9b22d9184976496a34662f39a19f') in 0.0026407 seconds
Number of updated asset objects reloaded before import = 0Number of asset objects unloaded after import = 31

========================================================================
Received Import Request.
  Time since last request: 0.965138 seconds.
  path: Assets/Juego/EnemyData/P 1.asset
  artifactKey: Guid(6a96cb00b8ad8ff4ba9c260afc457cee) Importer(2089858483,b0f066a214c2f5e87bad3c948f4d605d)
Start importing Assets/Juego/EnemyData/P 1.asset using Guid(6a96cb00b8ad8ff4ba9c260afc457cee) Importer(2089858483,b0f066a214c2f5e87bad3c948f4d605d) (ScriptedImporter) -> (artifact id: 'db6cd902aec9149bbd5626999878e627') in 0.0172532 seconds
Number of updated asset objects reloaded before import = 0Number of asset objects unloaded after import = 31

========================================================================
Received Import Request.
  Time since last request: 1.829530 seconds.
  path: Assets/Juego/EnemyData/D.asset
  artifactKey: Guid(6a96cb00b8ad8ff4ba9c260afc457cee) Importer(815301076,1909f56bfc062723c751e8b465ee728b)
Start importing Assets/Juego/EnemyData/D.asset using Guid(6a96cb00b8ad8ff4ba9c260afc457cee) Importer(815301076,1909f56bfc062723c751e8b465ee728b) (PreviewImporter) -> (artifact id: '7bb894995171973b88e63928e725e2f7') in 0.0033333 seconds
Number of updated asset objects reloaded before import = 0Number of asset objects unloaded after import = 31

========================================================================
Received Import Request.
  Time since last request: 0.978812 seconds.
  path: Assets/Juego/EnemyData/D.asset
  artifactKey: Guid(6a96cb00b8ad8ff4ba9c260afc457cee) Importer(2089858483,b0f066a214c2f5e87bad3c948f4d605d)
Start importing Assets/Juego/EnemyData/D.asset using Guid(6a96cb00b8ad8ff4ba9c260afc457cee) Importer(2089858483,b0f066a214c2f5e87bad3c948f4d605d) (ScriptedImporter) -> (artifact id: '9833d5b68bcdd34d0a745953c5bbbb0e') in 0.0164268 seconds
Number of updated asset objects reloaded before import = 0Number of asset objects unloaded after import = 31

========================================================================
Received Import Request.
  Time since last request: 23.281025 seconds.
  path: Assets/Juego/EnemyData/D.asset
  artifactKey: Guid(6a96cb00b8ad8ff4ba9c260afc457cee) Importer(815301076,1909f56bfc062723c751e8b465ee728b)
Start importing Assets/Juego/EnemyData/D.asset using Guid(6a96cb00b8ad8ff4ba9c260afc457cee) Importer(815301076,1909f56bfc062723c751e8b465ee728b) (PreviewImporter) -> (artifact id: 'bc1c9f1e559c9eda697089f073c71931') in 0.0049371 seconds
Number of updated asset objects reloaded before import = 0Number of asset objects unloaded after import = 31

========================================================================
Received Import Request.
  Time since last request: 0.951986 seconds.
  path: Assets/Juego/EnemyData/D.asset
  artifactKey: Guid(6a96cb00b8ad8ff4ba9c260afc457cee) Importer(2089858483,b0f066a214c2f5e87bad3c948f4d605d)
Start importing Assets/Juego/EnemyData/D.asset using Guid(6a96cb00b8ad8ff4ba9c260afc457cee) Importer(2089858483,b0f066a214c2f5e87bad3c948f4d605d) (ScriptedImporter) -> (artifact id: '7aa88d56043c7d94b5ef9a6d41e98727') in 0.0169457 seconds
Number of updated asset objects reloaded before import = 0Number of asset objects unloaded after import = 31

========================================================================
Received Import Request.
  Time since last request: 7.218476 seconds.
  path: Assets/Juego/EnemyData/D 2.asset
  artifactKey: Guid(0ec7a6881f832264d866dd880e80d037) Importer(815301076,1909f56bfc062723c751e8b465ee728b)
Start importing Assets/Juego/EnemyData/D 2.asset using Guid(0ec7a6881f832264d866dd880e80d037) Importer(815301076,1909f56bfc062723c751e8b465ee728b) (PreviewImporter) -> (artifact id: '47685cac90190e625a4bc1799f07b1b6') in 0.0029779 seconds
Number of updated asset objects reloaded before import = 0Number of asset objects unloaded after import = 31

========================================================================
Received Import Request.
  Time since last request: 0.963046 seconds.
  path: Assets/Juego/EnemyData/D 2.asset
  artifactKey: Guid(0ec7a6881f832264d866dd880e80d037) Importer(2089858483,b0f066a214c2f5e87bad3c948f4d605d)
Start importing Assets/Juego/EnemyData/D 2.asset using Guid(0ec7a6881f832264d866dd880e80d037) Importer(2089858483,b0f066a214c2f5e87bad3c948f4d605d) (ScriptedImporter) -> (artifact id: '4c1ec1a485c303870f56e5e9149bca94') in 0.0181067 seconds
Number of updated asset objects reloaded before import = 0Number of asset objects unloaded after import = 31

========================================================================
Received Import Request.
  Time since last request: 1.615074 seconds.
  path: Assets/Juego/EnemyData/I.asset
  artifactKey: Guid(0ec7a6881f832264d866dd880e80d037) Importer(815301076,1909f56bfc062723c751e8b465ee728b)
Start importing Assets/Juego/EnemyData/I.asset using Guid(0ec7a6881f832264d866dd880e80d037) Importer(815301076,1909f56bfc062723c751e8b465ee728b) (PreviewImporter) -> (artifact id: 'bd658c5b7fdfa3bdd7e63fa6107f6fb3') in 0.0027481 seconds
Number of updated asset objects reloaded before import = 0Number of asset objects unloaded after import = 31

========================================================================
Received Import Request.
  Time since last request: 0.979429 seconds.
  path: Assets/Juego/EnemyData/I.asset
  artifactKey: Guid(0ec7a6881f832264d866dd880e80d037) Importer(2089858483,b0f066a214c2f5e87bad3c948f4d605d)
Start importing Assets/Juego/EnemyData/I.asset using Guid(0ec7a6881f832264d866dd880e80d037) Importer(2089858483,b0f066a214c2f5e87bad3c948f4d605d) (ScriptedImporter) -> (artifact id: '9cfd24f0fcb8cbb8c7c4786ac2b5e4e3') in 0.0169433 seconds
Number of updated asset objects reloaded before import = 0Number of asset objects unloaded after import = 31

========================================================================
Received Import Request.
  Time since last request: 97.373924 seconds.
  path: Assets/Juego/EnemyData/D.asset
  artifactKey: Guid(6a96cb00b8ad8ff4ba9c260afc457cee) Importer(815301076,1909f56bfc062723c751e8b465ee728b)
Start importing Assets/Juego/EnemyData/D.asset using Guid(6a96cb00b8ad8ff4ba9c260afc457cee) Importer(815301076,1909f56bfc062723c751e8b465ee728b) (PreviewImporter) -> (artifact id: 'b9e8da30c694362cc3a51a08ee34d481') in 0.0030363 seconds
Number of updated asset objects reloaded before import = 0Number of asset objects unloaded after import = 31

========================================================================
Received Import Request.
  Time since last request: 0.000012 seconds.
  path: Assets/Juego/EnemyData/I 1.asset
  artifactKey: Guid(05b7229c4a12d904197f79af98fbc588) Importer(815301076,1909f56bfc062723c751e8b465ee728b)
Start importing Assets/Juego/EnemyData/I 1.asset using Guid(05b7229c4a12d904197f79af98fbc588) Importer(815301076,1909f56bfc062723c751e8b465ee728b) (PreviewImporter) -> (artifact id: 'eda4f7e378354012f5d3371b326170aa') in 0.0032769 seconds
Number of updated asset objects reloaded before import = 0Number of asset objects unloaded after import = 31

========================================================================
Received Import Request.
  Time since last request: 0.960838 seconds.
  path: Assets/Juego/EnemyData/D.asset
  artifactKey: Guid(6a96cb00b8ad8ff4ba9c260afc457cee) Importer(2089858483,b0f066a214c2f5e87bad3c948f4d605d)
Start importing Assets/Juego/EnemyData/D.asset using Guid(6a96cb00b8ad8ff4ba9c260afc457cee) Importer(2089858483,b0f066a214c2f5e87bad3c948f4d605d) (ScriptedImporter) -> (artifact id: 'f7438097bcc5dc33e0adbc1d87061cb9') in 0.0173793 seconds
Number of updated asset objects reloaded before import = 0Number of asset objects unloaded after import = 31

========================================================================
Received Import Request.
  Time since last request: 0.000017 seconds.
  path: Assets/Juego/EnemyData/D 1.asset
  artifactKey: Guid(a1047ec43a4d81f4f8b6eaec810ed806) Importer(2089858483,b0f066a214c2f5e87bad3c948f4d605d)
Start importing Assets/Juego/EnemyData/D 1.asset using Guid(a1047ec43a4d81f4f8b6eaec810ed806) Importer(2089858483,b0f066a214c2f5e87bad3c948f4d605d) (ScriptedImporter) -> (artifact id: '51e223aa94cb5125b9dc1bfabf1f8317') in 0.0165499 seconds
Number of updated asset objects reloaded before import = 0Number of asset objects unloaded after import = 31

========================================================================
Received Import Request.
  Time since last request: 1.142501 seconds.
  path: Assets/Juego/EnemyData/N.asset
  artifactKey: Guid(05b7229c4a12d904197f79af98fbc588) Importer(815301076,1909f56bfc062723c751e8b465ee728b)
Start importing Assets/Juego/EnemyData/N.asset using Guid(05b7229c4a12d904197f79af98fbc588) Importer(815301076,1909f56bfc062723c751e8b465ee728b) (PreviewImporter) -> (artifact id: '2bb4e6ccd59fecad7772bf1227ce42b8') in 0.0025303 seconds
Number of updated asset objects reloaded before import = 0Number of asset objects unloaded after import = 31

========================================================================
Received Import Request.
  Time since last request: 0.972471 seconds.
  path: Assets/Juego/EnemyData/N.asset
  artifactKey: Guid(05b7229c4a12d904197f79af98fbc588) Importer(2089858483,b0f066a214c2f5e87bad3c948f4d605d)
Start importing Assets/Juego/EnemyData/N.asset using Guid(05b7229c4a12d904197f79af98fbc588) Importer(2089858483,b0f066a214c2f5e87bad3c948f4d605d) (ScriptedImporter) -> (artifact id: 'e1b827641cde559b496c16f8d93a5a51') in 0.0144923 seconds
Number of updated asset objects reloaded before import = 0Number of asset objects unloaded after import = 31

========================================================================
Received Import Request.
  Time since last request: 32.121348 seconds.
  path: Assets/Juego/EnemyData/N.asset
  artifactKey: Guid(05b7229c4a12d904197f79af98fbc588) Importer(815301076,1909f56bfc062723c751e8b465ee728b)
Start importing Assets/Juego/EnemyData/N.asset using Guid(05b7229c4a12d904197f79af98fbc588) Importer(815301076,1909f56bfc062723c751e8b465ee728b) (PreviewImporter) -> (artifact id: '3fa69f8f30d4f1eac0ff3dc6cb99919a') in 0.0037072 seconds
Number of updated asset objects reloaded before import = 0Number of asset objects unloaded after import = 31

========================================================================
Received Import Request.
  Time since last request: 0.964679 seconds.
  path: Assets/Juego/EnemyData/N.asset
  artifactKey: Guid(05b7229c4a12d904197f79af98fbc588) Importer(2089858483,b0f066a214c2f5e87bad3c948f4d605d)
Start importing Assets/Juego/EnemyData/N.asset using Guid(05b7229c4a12d904197f79af98fbc588) Importer(2089858483,b0f066a214c2f5e87bad3c948f4d605d) (ScriptedImporter) -> (artifact id: 'd1712bb302097caaa13498e386a76086') in 0.0173364 seconds
Number of updated asset objects reloaded before import = 0Number of asset objects unloaded after import = 31

========================================================================
Received Import Request.
  Time since last request: 35.794850 seconds.
  path: Assets/Juego/EnemyData/Automatas.asset
  artifactKey: Guid(98a2aa3e43a3b484e8a2782e48b287d6) Importer(815301076,1909f56bfc062723c751e8b465ee728b)
Start importing Assets/Juego/EnemyData/Automatas.asset using Guid(98a2aa3e43a3b484e8a2782e48b287d6) Importer(815301076,1909f56bfc062723c751e8b465ee728b) (PreviewImporter) -> (artifact id: 'a8b69f17c95deb747c30b66d07737e9e') in 0.0148941 seconds
Number of updated asset objects reloaded before import = 0Number of asset objects unloaded after import = 47

========================================================================
Received Import Request.
  Time since last request: 0.000018 seconds.
  path: Assets/Juego/EnemyData/N 1.asset
  artifactKey: Guid(9fcf1adb6cd14da438ec8ea0b96b48c4) Importer(815301076,1909f56bfc062723c751e8b465ee728b)
Start importing Assets/Juego/EnemyData/N 1.asset using Guid(9fcf1adb6cd14da438ec8ea0b96b48c4) Importer(815301076,1909f56bfc062723c751e8b465ee728b) (PreviewImporter) -> (artifact id: '5daea47f5c82b97559f368ac00a937ea') in 0.0028979 seconds
Number of updated asset objects reloaded before import = 0Number of asset objects unloaded after import = 31

========================================================================
Received Import Request.
  Time since last request: 0.947800 seconds.
  path: Assets/Juego/EnemyData/N 1.asset
  artifactKey: Guid(9fcf1adb6cd14da438ec8ea0b96b48c4) Importer(2089858483,b0f066a214c2f5e87bad3c948f4d605d)
Start importing Assets/Juego/EnemyData/N 1.asset using Guid(9fcf1adb6cd14da438ec8ea0b96b48c4) Importer(2089858483,b0f066a214c2f5e87bad3c948f4d605d) (ScriptedImporter) -> (artifact id: 'aa7fd632468a1cdc6e11883eae82a7ab') in 0.0157559 seconds
Number of updated asset objects reloaded before import = 0Number of asset objects unloaded after import = 31

========================================================================
Received Import Request.
  Time since last request: 0.000020 seconds.
  path: Assets/Juego/EnemyData/Automatas 1.asset
  artifactKey: Guid(c6987ce20db4d3141b0942be2e88c095) Importer(2089858483,b0f066a214c2f5e87bad3c948f4d605d)
Start importing Assets/Juego/EnemyData/Automatas 1.asset using Guid(c6987ce20db4d3141b0942be2e88c095) Importer(2089858483,b0f066a214c2f5e87bad3c948f4d605d) (ScriptedImporter) -> (artifact id: '13d65bf167795e614f2783dd9865b75d') in 0.0305199 seconds
Number of updated asset objects reloaded before import = 0Number of asset objects unloaded after import = 47

========================================================================
Received Import Request.
  Time since last request: 8.648444 seconds.
  path: Assets/Juego/EnemyData/Q1.asset
  artifactKey: Guid(c6987ce20db4d3141b0942be2e88c095) Importer(815301076,1909f56bfc062723c751e8b465ee728b)
Start importing Assets/Juego/EnemyData/Q1.asset using Guid(c6987ce20db4d3141b0942be2e88c095) Importer(815301076,1909f56bfc062723c751e8b465ee728b) (PreviewImporter) -> (artifact id: 'e859234194297709378a3c18b1e76e65') in 0.0172595 seconds
Number of updated asset objects reloaded before import = 0Number of asset objects unloaded after import = 47

========================================================================
Received Import Request.
  Time since last request: 0.966619 seconds.
  path: Assets/Juego/EnemyData/Q1.asset
  artifactKey: Guid(c6987ce20db4d3141b0942be2e88c095) Importer(2089858483,b0f066a214c2f5e87bad3c948f4d605d)
Start importing Assets/Juego/EnemyData/Q1.asset using Guid(c6987ce20db4d3141b0942be2e88c095) Importer(2089858483,b0f066a214c2f5e87bad3c948f4d605d) (ScriptedImporter) -> (artifact id: 'ae58ee2b0cad01bc1c92a05ac3fadabb') in 0.029389 seconds
Number of updated asset objects reloaded before import = 0Number of asset objects unloaded after import = 47

========================================================================
Received Import Request.
  Time since last request: 2.267845 seconds.
  path: Assets/Juego/EnemyData/q.asset
  artifactKey: Guid(98a2aa3e43a3b484e8a2782e48b287d6) Importer(815301076,1909f56bfc062723c751e8b465ee728b)
Start importing Assets/Juego/EnemyData/q.asset using Guid(98a2aa3e43a3b484e8a2782e48b287d6) Importer(815301076,1909f56bfc062723c751e8b465ee728b) (PreviewImporter) -> (artifact id: '2d857605066468720a88946432aaef71') in 0.0152016 seconds
Number of updated asset objects reloaded before import = 0Number of asset objects unloaded after import = 47

========================================================================
Received Import Request.
  Time since last request: 0.962775 seconds.
  path: Assets/Juego/EnemyData/q.asset
  artifactKey: Guid(98a2aa3e43a3b484e8a2782e48b287d6) Importer(2089858483,b0f066a214c2f5e87bad3c948f4d605d)
Start importing Assets/Juego/EnemyData/q.asset using Guid(98a2aa3e43a3b484e8a2782e48b287d6) Importer(2089858483,b0f066a214c2f5e87bad3c948f4d605d) (ScriptedImporter) -> (artifact id: '391975eee82e56c62e58f429f6e573fb') in 0.0267769 seconds
Number of updated asset objects reloaded before import = 0Number of asset objects unloaded after import = 47

========================================================================
Received Import Request.
  Time since last request: 26.662545 seconds.
  path: Assets/Juego/EnemyData/X.asset
  artifactKey: Guid(95277ffc7128cc5489391e92127b8bf6) Importer(815301076,1909f56bfc062723c751e8b465ee728b)
Start importing Assets/Juego/EnemyData/X.asset using Guid(95277ffc7128cc5489391e92127b8bf6) Importer(815301076,1909f56bfc062723c751e8b465ee728b) (PreviewImporter) -> (artifact id: '77d0f1a41864d7dd2f68c7bc5e79277a') in 0.0037095 seconds
Number of updated asset objects reloaded before import = 0Number of asset objects unloaded after import = 28

========================================================================
Received Import Request.
  Time since last request: 0.972356 seconds.
  path: Assets/Juego/EnemyData/X.asset
  artifactKey: Guid(95277ffc7128cc5489391e92127b8bf6) Importer(2089858483,b0f066a214c2f5e87bad3c948f4d605d)
Start importing Assets/Juego/EnemyData/X.asset using Guid(95277ffc7128cc5489391e92127b8bf6) Importer(2089858483,b0f066a214c2f5e87bad3c948f4d605d) (ScriptedImporter) -> (artifact id: 'f277f422bbdb66ff63498f5aabe2ad10') in 0.0184159 seconds
Number of updated asset objects reloaded before import = 0Number of asset objects unloaded after import = 28

========================================================================
Received Import Request.
  Time since last request: 6.724613 seconds.
  path: Assets/Juego/EnemyData/X 1.asset
  artifactKey: Guid(684821925fafbe34d99a5e7776bf30a8) Importer(815301076,1909f56bfc062723c751e8b465ee728b)
Start importing Assets/Juego/EnemyData/X 1.asset using Guid(684821925fafbe34d99a5e7776bf30a8) Importer(815301076,1909f56bfc062723c751e8b465ee728b) (PreviewImporter) -> (artifact id: '2f0ac354629eb88db5186d13afd3cebb') in 0.0041315 seconds
Number of updated asset objects reloaded before import = 0Number of asset objects unloaded after import = 31

========================================================================
Received Import Request.
  Time since last request: 0.972083 seconds.
  path: Assets/Juego/EnemyData/X 1.asset
  artifactKey: Guid(684821925fafbe34d99a5e7776bf30a8) Importer(2089858483,b0f066a214c2f5e87bad3c948f4d605d)
Start importing Assets/Juego/EnemyData/X 1.asset using Guid(684821925fafbe34d99a5e7776bf30a8) Importer(2089858483,b0f066a214c2f5e87bad3c948f4d605d) (ScriptedImporter) -> (artifact id: '689deb0544ce1a9ebd4bf812309ebd62') in 0.0148019 seconds
Number of updated asset objects reloaded before import = 0Number of asset objects unloaded after import = 31

========================================================================
Received Import Request.
  Time since last request: 5.120456 seconds.
  path: Assets/Juego/EnemyData/Q 1.asset
  artifactKey: Guid(c6987ce20db4d3141b0942be2e88c095) Importer(815301076,1909f56bfc062723c751e8b465ee728b)
Start importing Assets/Juego/EnemyData/Q 1.asset using Guid(c6987ce20db4d3141b0942be2e88c095) Importer(815301076,1909f56bfc062723c751e8b465ee728b) (PreviewImporter) -> (artifact id: 'f709d2c97d731291b0d781770412fc64') in 0.0142077 seconds
Number of updated asset objects reloaded before import = 0Number of asset objects unloaded after import = 47

========================================================================
Received Import Request.
  Time since last request: 0.972978 seconds.
  path: Assets/Juego/EnemyData/Q 1.asset
  artifactKey: Guid(c6987ce20db4d3141b0942be2e88c095) Importer(2089858483,b0f066a214c2f5e87bad3c948f4d605d)
Start importing Assets/Juego/EnemyData/Q 1.asset using Guid(c6987ce20db4d3141b0942be2e88c095) Importer(2089858483,b0f066a214c2f5e87bad3c948f4d605d) (ScriptedImporter) -> (artifact id: '8cfc164099ed245c0eb428603f42e6b1') in 0.0460557 seconds
Number of updated asset objects reloaded before import = 0Number of asset objects unloaded after import = 47

========================================================================
Received Import Request.
  Time since last request: 14.072342 seconds.
  path: Assets/Juego/EnemyData/Q.asset
  artifactKey: Guid(98a2aa3e43a3b484e8a2782e48b287d6) Importer(815301076,1909f56bfc062723c751e8b465ee728b)
Start importing Assets/Juego/EnemyData/Q.asset using Guid(98a2aa3e43a3b484e8a2782e48b287d6) Importer(815301076,1909f56bfc062723c751e8b465ee728b) (PreviewImporter) -> (artifact id: '0be667c202410b63f00a6d08eda2ac4e') in 0.0142384 seconds
Number of updated asset objects reloaded before import = 0Number of asset objects unloaded after import = 47

========================================================================
Received Import Request.
  Time since last request: 0.963870 seconds.
  path: Assets/Juego/EnemyData/Q.asset
  artifactKey: Guid(98a2aa3e43a3b484e8a2782e48b287d6) Importer(2089858483,b0f066a214c2f5e87bad3c948f4d605d)
Start importing Assets/Juego/EnemyData/Q.asset using Guid(98a2aa3e43a3b484e8a2782e48b287d6) Importer(2089858483,b0f066a214c2f5e87bad3c948f4d605d) (ScriptedImporter) -> (artifact id: '2e1203936c571f6f09db1e210df1fa95') in 0.02798 seconds
Number of updated asset objects reloaded before import = 0Number of asset objects unloaded after import = 47

========================================================================
Received Import Request.
  Time since last request: 45.386039 seconds.
  path: Assets/Juego/EnemyData/X.asset
  artifactKey: Guid(95277ffc7128cc5489391e92127b8bf6) Importer(815301076,1909f56bfc062723c751e8b465ee728b)
Start importing Assets/Juego/EnemyData/X.asset using Guid(95277ffc7128cc5489391e92127b8bf6) Importer(815301076,1909f56bfc062723c751e8b465ee728b) (PreviewImporter) -> (artifact id: '9f8f999537e1cd72378bd77fe1289619') in 0.002604 seconds
Number of updated asset objects reloaded before import = 0Number of asset objects unloaded after import = 28

========================================================================
Received Import Request.
  Time since last request: 0.000014 seconds.
  path: Assets/Juego/EnemyData/X 2.asset
  artifactKey: Guid(884397bf5dfeaff4792c0c63d918d718) Importer(815301076,1909f56bfc062723c751e8b465ee728b)
Start importing Assets/Juego/EnemyData/X 2.asset using Guid(884397bf5dfeaff4792c0c63d918d718) Importer(815301076,1909f56bfc062723c751e8b465ee728b) (PreviewImporter) -> (artifact id: 'df075b38aa5a4073bf13b319b8f02823') in 0.0025437 seconds
Number of updated asset objects reloaded before import = 0Number of asset objects unloaded after import = 31

========================================================================
Received Import Request.
  Time since last request: 0.959843 seconds.
  path: Assets/Juego/EnemyData/X.asset
  artifactKey: Guid(95277ffc7128cc5489391e92127b8bf6) Importer(2089858483,b0f066a214c2f5e87bad3c948f4d605d)
Start importing Assets/Juego/EnemyData/X.asset using Guid(95277ffc7128cc5489391e92127b8bf6) Importer(2089858483,b0f066a214c2f5e87bad3c948f4d605d) (ScriptedImporter) -> (artifact id: 'bc97bf40da5b5ebaffee970187efc6f2') in 0.0162056 seconds
Number of updated asset objects reloaded before import = 0Number of asset objects unloaded after import = 28

========================================================================
Received Import Request.
  Time since last request: 0.000025 seconds.
  path: Assets/Juego/EnemyData/X 2.asset
  artifactKey: Guid(884397bf5dfeaff4792c0c63d918d718) Importer(2089858483,b0f066a214c2f5e87bad3c948f4d605d)
Start importing Assets/Juego/EnemyData/X 2.asset using Guid(884397bf5dfeaff4792c0c63d918d718) Importer(2089858483,b0f066a214c2f5e87bad3c948f4d605d) (ScriptedImporter) -> (artifact id: 'd8af0aca819a931afac7bae6b4513d20') in 0.0149932 seconds
Number of updated asset objects reloaded before import = 0Number of asset objects unloaded after import = 31

========================================================================
Received Import Request.
  Time since last request: 3.692523 seconds.
  path: Assets/Juego/EnemyData/Y.asset
  artifactKey: Guid(884397bf5dfeaff4792c0c63d918d718) Importer(815301076,1909f56bfc062723c751e8b465ee728b)
Start importing Assets/Juego/EnemyData/Y.asset using Guid(884397bf5dfeaff4792c0c63d918d718) Importer(815301076,1909f56bfc062723c751e8b465ee728b) (PreviewImporter) -> (artifact id: '551bfdcc9e1e15e6da9aa81766ec91e1') in 0.0038475 seconds
Number of updated asset objects reloaded before import = 0Number of asset objects unloaded after import = 31

========================================================================
Received Import Request.
  Time since last request: 0.974646 seconds.
  path: Assets/Juego/EnemyData/Y.asset
  artifactKey: Guid(884397bf5dfeaff4792c0c63d918d718) Importer(2089858483,b0f066a214c2f5e87bad3c948f4d605d)
Start importing Assets/Juego/EnemyData/Y.asset using Guid(884397bf5dfeaff4792c0c63d918d718) Importer(2089858483,b0f066a214c2f5e87bad3c948f4d605d) (ScriptedImporter) -> (artifact id: '65ae18a3bd06645fd1e9898261956cc8') in 0.0186669 seconds
Number of updated asset objects reloaded before import = 0Number of asset objects unloaded after import = 31

========================================================================
Received Import Request.
  Time since last request: 39.083447 seconds.
  path: Assets/Juego/EnemyData/V 1.asset
  artifactKey: Guid(6f3f9a2f63af5014e99746d7d8475e98) Importer(815301076,1909f56bfc062723c751e8b465ee728b)
Start importing Assets/Juego/EnemyData/V 1.asset using Guid(6f3f9a2f63af5014e99746d7d8475e98) Importer(815301076,1909f56bfc062723c751e8b465ee728b) (PreviewImporter) -> (artifact id: '3a0f303acfbb0b3eca50128226b135fc') in 0.0028005 seconds
Number of updated asset objects reloaded before import = 0Number of asset objects unloaded after import = 31

========================================================================
Received Import Request.
  Time since last request: 0.965333 seconds.
  path: Assets/Juego/EnemyData/V 1.asset
  artifactKey: Guid(6f3f9a2f63af5014e99746d7d8475e98) Importer(2089858483,b0f066a214c2f5e87bad3c948f4d605d)
Start importing Assets/Juego/EnemyData/V 1.asset using Guid(6f3f9a2f63af5014e99746d7d8475e98) Importer(2089858483,b0f066a214c2f5e87bad3c948f4d605d) (ScriptedImporter) -> (artifact id: 'd2fed861bbf7b1291b1ac7d13faff745') in 0.0184271 seconds
Number of updated asset objects reloaded before import = 0Number of asset objects unloaded after import = 31

========================================================================
Received Import Request.
  Time since last request: 3.120221 seconds.
  path: Assets/Juego/EnemyData/Y.asset
  artifactKey: Guid(6f3f9a2f63af5014e99746d7d8475e98) Importer(815301076,1909f56bfc062723c751e8b465ee728b)
Start importing Assets/Juego/EnemyData/Y.asset using Guid(6f3f9a2f63af5014e99746d7d8475e98) Importer(815301076,1909f56bfc062723c751e8b465ee728b) (PreviewImporter) -> (artifact id: '5e6246ef1503c8c4e3becbe8532003fb') in 0.0029364 seconds
Number of updated asset objects reloaded before import = 0Number of asset objects unloaded after import = 31

========================================================================
Received Import Request.
  Time since last request: 0.973696 seconds.
  path: Assets/Juego/EnemyData/Y.asset
  artifactKey: Guid(6f3f9a2f63af5014e99746d7d8475e98) Importer(2089858483,b0f066a214c2f5e87bad3c948f4d605d)
Start importing Assets/Juego/EnemyData/Y.asset using Guid(6f3f9a2f63af5014e99746d7d8475e98) Importer(2089858483,b0f066a214c2f5e87bad3c948f4d605d) (ScriptedImporter) -> (artifact id: '6ccab759485006e029e60c65130581d6') in 0.0139753 seconds
Number of updated asset objects reloaded before import = 0Number of asset objects unloaded after import = 31

========================================================================
Received Import Request.
  Time since last request: 49.604882 seconds.
  path: Assets/Juego/EnemyData/Y.asset
  artifactKey: Guid(6f3f9a2f63af5014e99746d7d8475e98) Importer(815301076,1909f56bfc062723c751e8b465ee728b)
Start importing Assets/Juego/EnemyData/Y.asset using Guid(6f3f9a2f63af5014e99746d7d8475e98) Importer(815301076,1909f56bfc062723c751e8b465ee728b) (PreviewImporter) -> (artifact id: 'd081c2a35d25fa727f8f29c070217f9a') in 0.0026259 seconds
Number of updated asset objects reloaded before import = 0Number of asset objects unloaded after import = 31

========================================================================
Received Import Request.
  Time since last request: 0.962532 seconds.
  path: Assets/Juego/EnemyData/Y.asset
  artifactKey: Guid(6f3f9a2f63af5014e99746d7d8475e98) Importer(2089858483,b0f066a214c2f5e87bad3c948f4d605d)
Start importing Assets/Juego/EnemyData/Y.asset using Guid(6f3f9a2f63af5014e99746d7d8475e98) Importer(2089858483,b0f066a214c2f5e87bad3c948f4d605d) (ScriptedImporter) -> (artifact id: '243d6dff64084f3fa900611f9518bef2') in 0.0178785 seconds
Number of updated asset objects reloaded before import = 0Number of asset objects unloaded after import = 31

========================================================================
Received Prepare
Refreshing native plugins compatible for Editor in 1.79 ms, found 4 plugins.
Preloading 0 native plugins for Editor in 0.00 ms.
Unloading 0 Unused Serialized files (Serialized files now loaded: 0)
Unloading 5061 unused Assets / (1.2 MB). Loaded Objects now: 5871.
Memory consumption went from 109.6 MB to 108.4 MB.
Total: 15.801500 ms (FindLiveObjects: 1.328400 ms CreateObjectMapping: 0.421500 ms MarkObjects: 12.527800 ms  DeleteObjects: 1.521800 ms)

Prepare: number of updated asset objects reloaded= 0
========================================================================
Received Import Request.
  Time since last request: 122.183812 seconds.
  path: Assets/Juego/Scripts/Battles/TestBattleSelector.cs
  artifactKey: Guid(fdc03a2352a82d24d9cd657be7a04a69) Importer(2089858483,b0f066a214c2f5e87bad3c948f4d605d)
Start importing Assets/Juego/Scripts/Battles/TestBattleSelector.cs using Guid(fdc03a2352a82d24d9cd657be7a04a69) Importer(2089858483,b0f066a214c2f5e87bad3c948f4d605d) (ScriptedImporter) -> (artifact id: '4ce943d30bbe0f04a6770c8e54834230') in 0.0191531 seconds
Number of updated asset objects reloaded before import = 0Number of asset objects unloaded after import = 0

========================================================================
Received Prepare
Begin MonoManager ReloadAssembly
[Licensing::Client] Successfully resolved entitlement details
- Loaded All Assemblies, in  0.943 seconds
Refreshing native plugins compatible for Editor in 1.45 ms, found 4 plugins.
Native extension for WindowsStandalone target not found
[Package Manager] Failed to launch server process. Reason: Unity was launched with the -noUpm command-line argument
[Package Manager] Unable to send message (not connected to server process).
[Package Manager] Cannot connect to Unity Package Manager local server
ScheduleIndexationOnStartup MainProcess:False IndexOnStartup:True
Mono: successfully reloaded assembly
- Finished resetting the current domain, in  0.660 seconds
Domain Reload Profiling: 1602ms
	BeginReloadAssembly (305ms)
		ExecutionOrderSort (0ms)
		DisableScriptedObjects (18ms)
		BackupInstance (0ms)
		ReleaseScriptingObjects (0ms)
		CreateAndSetChildDomain (98ms)
	RebuildCommonClasses (41ms)
	RebuildNativeTypeToScriptingClass (16ms)
	initialDomainReloadingComplete (37ms)
	LoadAllAssembliesAndSetupDomain (543ms)
		LoadAssemblies (477ms)
		RebuildTransferFunctionScriptingTraits (0ms)
		AnalyzeDomain (189ms)
			TypeCache.Refresh (13ms)
				TypeCache.ScanAssembly (1ms)
			BuildScriptInfoCaches (166ms)
			ResolveRequiredComponents (4ms)
	FinalizeReload (661ms)
		ReleaseScriptCaches (0ms)
		RebuildScriptCaches (0ms)
		SetupLoadedEditorAssemblies (527ms)
			LogAssemblyErrors (0ms)
			InitializePlatformSupportModulesInManaged (2ms)
			SetLoadedEditorAssemblies (6ms)
			BeforeProcessingInitializeOnLoad (151ms)
			ProcessInitializeOnLoadAttributes (312ms)
			ProcessInitializeOnLoadMethodAttributes (52ms)
			AfterProcessingInitializeOnLoad (4ms)
			EditorAssembliesLoaded (0ms)
		ExecutionOrderSort2 (0ms)
		AwakeInstancesAfterBackupRestoration (5ms)
Refreshing native plugins compatible for Editor in 1.47 ms, found 4 plugins.
Preloading 0 native plugins for Editor in 0.00 ms.
Unloading 0 Unused Serialized files (Serialized files now loaded: 0)
Unloading 5071 unused Assets / (1.4 MB). Loaded Objects now: 5873.
Memory consumption went from 108.6 MB to 107.2 MB.
Total: 7.442800 ms (FindLiveObjects: 0.582600 ms CreateObjectMapping: 0.252800 ms MarkObjects: 5.110100 ms  DeleteObjects: 1.495900 ms)

Prepare: number of updated asset objects reloaded= 0
========================================================================
Received Prepare
Begin MonoManager ReloadAssembly
[Licensing::Client] Successfully resolved entitlement details
- Loaded All Assemblies, in  0.660 seconds
Refreshing native plugins compatible for Editor in 1.33 ms, found 4 plugins.
Native extension for WindowsStandalone target not found
[Package Manager] Failed to launch server process. Reason: Unity was launched with the -noUpm command-line argument
[Package Manager] Unable to send message (not connected to server process).
[Package Manager] Cannot connect to Unity Package Manager local server
ScheduleIndexationOnStartup MainProcess:False IndexOnStartup:True
Mono: successfully reloaded assembly
- Finished resetting the current domain, in  0.694 seconds
Domain Reload Profiling: 1354ms
	BeginReloadAssembly (206ms)
		ExecutionOrderSort (0ms)
		DisableScriptedObjects (11ms)
		BackupInstance (0ms)
		ReleaseScriptingObjects (0ms)
		CreateAndSetChildDomain (47ms)
	RebuildCommonClasses (32ms)
	RebuildNativeTypeToScriptingClass (14ms)
	initialDomainReloadingComplete (25ms)
	LoadAllAssembliesAndSetupDomain (382ms)
		LoadAssemblies (318ms)
		RebuildTransferFunctionScriptingTraits (0ms)
		AnalyzeDomain (168ms)
			TypeCache.Refresh (6ms)
				TypeCache.ScanAssembly (0ms)
			BuildScriptInfoCaches (149ms)
			ResolveRequiredComponents (6ms)
	FinalizeReload (695ms)
		ReleaseScriptCaches (0ms)
		RebuildScriptCaches (0ms)
		SetupLoadedEditorAssemblies (571ms)
			LogAssemblyErrors (0ms)
			InitializePlatformSupportModulesInManaged (1ms)
			SetLoadedEditorAssemblies (4ms)
			BeforeProcessingInitializeOnLoad (156ms)
			ProcessInitializeOnLoadAttributes (340ms)
			ProcessInitializeOnLoadMethodAttributes (64ms)
			AfterProcessingInitializeOnLoad (5ms)
			EditorAssembliesLoaded (0ms)
		ExecutionOrderSort2 (0ms)
		AwakeInstancesAfterBackupRestoration (9ms)
Refreshing native plugins compatible for Editor in 1.21 ms, found 4 plugins.
Preloading 0 native plugins for Editor in 0.00 ms.
Unloading 0 Unused Serialized files (Serialized files now loaded: 0)
Unloading 5071 unused Assets / (1.3 MB). Loaded Objects now: 5876.
Memory consumption went from 108.6 MB to 107.3 MB.
Total: 7.498200 ms (FindLiveObjects: 0.594600 ms CreateObjectMapping: 0.322500 ms MarkObjects: 5.178800 ms  DeleteObjects: 1.401100 ms)

Prepare: number of updated asset objects reloaded= 0
========================================================================
Received Prepare
Refreshing native plugins compatible for Editor in 1.41 ms, found 4 plugins.
Preloading 0 native plugins for Editor in 0.00 ms.
Unloading 0 Unused Serialized files (Serialized files now loaded: 0)
Unloading 5061 unused Assets / (1.3 MB). Loaded Objects now: 5876.
Memory consumption went from 108.8 MB to 107.4 MB.
Total: 13.195800 ms (FindLiveObjects: 0.860700 ms CreateObjectMapping: 0.555100 ms MarkObjects: 9.422900 ms  DeleteObjects: 2.354900 ms)

Prepare: number of updated asset objects reloaded= 0
========================================================================
Received Prepare
Begin MonoManager ReloadAssembly
[Licensing::Client] Successfully resolved entitlement details
- Loaded All Assemblies, in  0.750 seconds
Refreshing native plugins compatible for Editor in 1.89 ms, found 4 plugins.
Native extension for WindowsStandalone target not found
[Package Manager] Failed to launch server process. Reason: Unity was launched with the -noUpm command-line argument
[Package Manager] Unable to send message (not connected to server process).
[Package Manager] Cannot connect to Unity Package Manager local server
ScheduleIndexationOnStartup MainProcess:False IndexOnStartup:True
Mono: successfully reloaded assembly
- Finished resetting the current domain, in  0.760 seconds
Domain Reload Profiling: 1510ms
	BeginReloadAssembly (231ms)
		ExecutionOrderSort (0ms)
		DisableScriptedObjects (18ms)
		BackupInstance (0ms)
		ReleaseScriptingObjects (0ms)
		CreateAndSetChildDomain (62ms)
	RebuildCommonClasses (43ms)
	RebuildNativeTypeToScriptingClass (15ms)
	initialDomainReloadingComplete (34ms)
	LoadAllAssembliesAndSetupDomain (425ms)
		LoadAssemblies (330ms)
		RebuildTransferFunctionScriptingTraits (0ms)
		AnalyzeDomain (191ms)
			TypeCache.Refresh (13ms)
				TypeCache.ScanAssembly (1ms)
			BuildScriptInfoCaches (166ms)
			ResolveRequiredComponents (8ms)
	FinalizeReload (761ms)
		ReleaseScriptCaches (0ms)
		RebuildScriptCaches (0ms)
		SetupLoadedEditorAssemblies (617ms)
			LogAssemblyErrors (0ms)
			InitializePlatformSupportModulesInManaged (1ms)
			SetLoadedEditorAssemblies (4ms)
			BeforeProcessingInitializeOnLoad (156ms)
			ProcessInitializeOnLoadAttributes (379ms)
			ProcessInitializeOnLoadMethodAttributes (69ms)
			AfterProcessingInitializeOnLoad (8ms)
			EditorAssembliesLoaded (0ms)
		ExecutionOrderSort2 (0ms)
		AwakeInstancesAfterBackupRestoration (8ms)
Refreshing native plugins compatible for Editor in 1.35 ms, found 4 plugins.
Preloading 0 native plugins for Editor in 0.00 ms.
Unloading 0 Unused Serialized files (Serialized files now loaded: 0)
Unloading 5071 unused Assets / (1.3 MB). Loaded Objects now: 5879.
Memory consumption went from 108.6 MB to 107.3 MB.
Total: 9.425400 ms (FindLiveObjects: 0.712100 ms CreateObjectMapping: 0.284000 ms MarkObjects: 7.034800 ms  DeleteObjects: 1.393000 ms)

Prepare: number of updated asset objects reloaded= 0
========================================================================
Received Prepare
Begin MonoManager ReloadAssembly
- Loaded All Assemblies, in  0.631 seconds
Refreshing native plugins compatible for Editor in 1.31 ms, found 4 plugins.
Native extension for WindowsStandalone target not found
[Package Manager] Failed to launch server process. Reason: Unity was launched with the -noUpm command-line argument
[Package Manager] Unable to send message (not connected to server process).
[Package Manager] Cannot connect to Unity Package Manager local server
ScheduleIndexationOnStartup MainProcess:False IndexOnStartup:True
Mono: successfully reloaded assembly
- Finished resetting the current domain, in  0.665 seconds
Domain Reload Profiling: 1296ms
	BeginReloadAssembly (179ms)
		ExecutionOrderSort (0ms)
		DisableScriptedObjects (10ms)
		BackupInstance (0ms)
		ReleaseScriptingObjects (0ms)
		CreateAndSetChildDomain (45ms)
	RebuildCommonClasses (35ms)
	RebuildNativeTypeToScriptingClass (16ms)
	initialDomainReloadingComplete (24ms)
	LoadAllAssembliesAndSetupDomain (377ms)
		LoadAssemblies (285ms)
		RebuildTransferFunctionScriptingTraits (0ms)
		AnalyzeDomain (174ms)
			TypeCache.Refresh (6ms)
				TypeCache.ScanAssembly (0ms)
			BuildScriptInfoCaches (157ms)
			ResolveRequiredComponents (6ms)
	FinalizeReload (665ms)
		ReleaseScriptCaches (0ms)
		RebuildScriptCaches (0ms)
		SetupLoadedEditorAssemblies (547ms)
			LogAssemblyErrors (0ms)
			InitializePlatformSupportModulesInManaged (2ms)
			SetLoadedEditorAssemblies (4ms)
			BeforeProcessingInitializeOnLoad (150ms)
			ProcessInitializeOnLoadAttributes (320ms)
			ProcessInitializeOnLoadMethodAttributes (67ms)
			AfterProcessingInitializeOnLoad (4ms)
			EditorAssembliesLoaded (0ms)
		ExecutionOrderSort2 (0ms)
		AwakeInstancesAfterBackupRestoration (6ms)
Refreshing native plugins compatible for Editor in 1.25 ms, found 4 plugins.
Preloading 0 native plugins for Editor in 0.00 ms.
Unloading 0 Unused Serialized files (Serialized files now loaded: 0)
Unloading 5071 unused Assets / (2.2 MB). Loaded Objects now: 5882.
Memory consumption went from 108.7 MB to 106.4 MB.
Total: 11.320400 ms (FindLiveObjects: 0.672700 ms CreateObjectMapping: 0.461300 ms MarkObjects: 7.328800 ms  DeleteObjects: 2.856100 ms)

Prepare: number of updated asset objects reloaded= 0
========================================================================
Received Prepare
Refreshing native plugins compatible for Editor in 1.28 ms, found 4 plugins.
Preloading 0 native plugins for Editor in 0.00 ms.
Unloading 0 Unused Serialized files (Serialized files now loaded: 0)
Unloading 5061 unused Assets / (2.3 MB). Loaded Objects now: 5882.
Memory consumption went from 108.8 MB to 106.5 MB.
Total: 10.251600 ms (FindLiveObjects: 0.854200 ms CreateObjectMapping: 0.299400 ms MarkObjects: 6.258300 ms  DeleteObjects: 2.838100 ms)

Prepare: number of updated asset objects reloaded= 0
========================================================================
Received Prepare
Begin MonoManager ReloadAssembly
[Licensing::Client] Successfully resolved entitlement details
- Loaded All Assemblies, in  0.765 seconds
Refreshing native plugins compatible for Editor in 1.70 ms, found 4 plugins.
Native extension for WindowsStandalone target not found
[Package Manager] Failed to launch server process. Reason: Unity was launched with the -noUpm command-line argument
[Package Manager] Unable to send message (not connected to server process).
[Package Manager] Cannot connect to Unity Package Manager local server
ScheduleIndexationOnStartup MainProcess:False IndexOnStartup:True
Mono: successfully reloaded assembly
- Finished resetting the current domain, in  0.729 seconds
Domain Reload Profiling: 1495ms
	BeginReloadAssembly (236ms)
		ExecutionOrderSort (0ms)
		DisableScriptedObjects (15ms)
		BackupInstance (0ms)
		ReleaseScriptingObjects (0ms)
		CreateAndSetChildDomain (53ms)
	RebuildCommonClasses (57ms)
	RebuildNativeTypeToScriptingClass (18ms)
	initialDomainReloadingComplete (43ms)
	LoadAllAssembliesAndSetupDomain (411ms)
		LoadAssemblies (343ms)
		RebuildTransferFunctionScriptingTraits (0ms)
		AnalyzeDomain (179ms)
			TypeCache.Refresh (9ms)
				TypeCache.ScanAssembly (1ms)
			BuildScriptInfoCaches (159ms)
			ResolveRequiredComponents (6ms)
	FinalizeReload (729ms)
		ReleaseScriptCaches (0ms)
		RebuildScriptCaches (0ms)
		SetupLoadedEditorAssemblies (574ms)
			LogAssemblyErrors (0ms)
			InitializePlatformSupportModulesInManaged (2ms)
			SetLoadedEditorAssemblies (5ms)
			BeforeProcessingInitializeOnLoad (173ms)
			ProcessInitializeOnLoadAttributes (327ms)
			ProcessInitializeOnLoadMethodAttributes (59ms)
			AfterProcessingInitializeOnLoad (7ms)
			EditorAssembliesLoaded (0ms)
		ExecutionOrderSort2 (0ms)
		AwakeInstancesAfterBackupRestoration (7ms)
Refreshing native plugins compatible for Editor in 2.68 ms, found 4 plugins.
Preloading 0 native plugins for Editor in 0.00 ms.
Unloading 0 Unused Serialized files (Serialized files now loaded: 0)
Unloading 5071 unused Assets / (2.0 MB). Loaded Objects now: 5885.
Memory consumption went from 108.7 MB to 106.7 MB.
Total: 9.020700 ms (FindLiveObjects: 0.543000 ms CreateObjectMapping: 0.208400 ms MarkObjects: 6.312100 ms  DeleteObjects: 1.955700 ms)

Prepare: number of updated asset objects reloaded= 0
========================================================================
Received Prepare
Refreshing native plugins compatible for Editor in 1.65 ms, found 4 plugins.
Preloading 0 native plugins for Editor in 0.00 ms.
Unloading 0 Unused Serialized files (Serialized files now loaded: 0)
Unloading 5061 unused Assets / (1.4 MB). Loaded Objects now: 5885.
Memory consumption went from 108.8 MB to 107.4 MB.
Total: 8.806300 ms (FindLiveObjects: 0.652700 ms CreateObjectMapping: 0.232000 ms MarkObjects: 6.212600 ms  DeleteObjects: 1.707500 ms)

Prepare: number of updated asset objects reloaded= 0
========================================================================
Received Prepare
Begin MonoManager ReloadAssembly
- Loaded All Assemblies, in  0.693 seconds
Refreshing native plugins compatible for Editor in 1.37 ms, found 4 plugins.
Native extension for WindowsStandalone target not found
[Package Manager] Failed to launch server process. Reason: Unity was launched with the -noUpm command-line argument
[Package Manager] Unable to send message (not connected to server process).
[Package Manager] Cannot connect to Unity Package Manager local server
ScheduleIndexationOnStartup MainProcess:False IndexOnStartup:True
Mono: successfully reloaded assembly
- Finished resetting the current domain, in  0.713 seconds
Domain Reload Profiling: 1406ms
	BeginReloadAssembly (201ms)
		ExecutionOrderSort (0ms)
		DisableScriptedObjects (15ms)
		BackupInstance (0ms)
		ReleaseScriptingObjects (0ms)
		CreateAndSetChildDomain (51ms)
	RebuildCommonClasses (46ms)
	RebuildNativeTypeToScriptingClass (16ms)
	initialDomainReloadingComplete (26ms)
	LoadAllAssembliesAndSetupDomain (405ms)
		LoadAssemblies (318ms)
		RebuildTransferFunctionScriptingTraits (0ms)
		AnalyzeDomain (171ms)
			TypeCache.Refresh (10ms)
				TypeCache.ScanAssembly (1ms)
			BuildScriptInfoCaches (152ms)
			ResolveRequiredComponents (5ms)
	FinalizeReload (714ms)
		ReleaseScriptCaches (0ms)
		RebuildScriptCaches (0ms)
		SetupLoadedEditorAssemblies (560ms)
			LogAssemblyErrors (0ms)
			InitializePlatformSupportModulesInManaged (2ms)
			SetLoadedEditorAssemblies (5ms)
			BeforeProcessingInitializeOnLoad (155ms)
			ProcessInitializeOnLoadAttributes (329ms)
			ProcessInitializeOnLoadMethodAttributes (61ms)
			AfterProcessingInitializeOnLoad (8ms)
			EditorAssembliesLoaded (0ms)
		ExecutionOrderSort2 (0ms)
		AwakeInstancesAfterBackupRestoration (9ms)
Refreshing native plugins compatible for Editor in 1.32 ms, found 4 plugins.
Preloading 0 native plugins for Editor in 0.00 ms.
Unloading 0 Unused Serialized files (Serialized files now loaded: 0)
Unloading 5071 unused Assets / (1.4 MB). Loaded Objects now: 5888.
Memory consumption went from 108.7 MB to 107.3 MB.
Total: 8.328200 ms (FindLiveObjects: 0.743500 ms CreateObjectMapping: 0.473800 ms MarkObjects: 4.723000 ms  DeleteObjects: 2.386500 ms)

Prepare: number of updated asset objects reloaded= 0
========================================================================
Received Prepare
Begin MonoManager ReloadAssembly
- Loaded All Assemblies, in  0.609 seconds
Refreshing native plugins compatible for Editor in 1.23 ms, found 4 plugins.
Native extension for WindowsStandalone target not found
[Package Manager] Failed to launch server process. Reason: Unity was launched with the -noUpm command-line argument
[Package Manager] Unable to send message (not connected to server process).
[Package Manager] Cannot connect to Unity Package Manager local server
ScheduleIndexationOnStartup MainProcess:False IndexOnStartup:True
Mono: successfully reloaded assembly
- Finished resetting the current domain, in  0.659 seconds
Domain Reload Profiling: 1268ms
	BeginReloadAssembly (192ms)
		ExecutionOrderSort (0ms)
		DisableScriptedObjects (12ms)
		BackupInstance (0ms)
		ReleaseScriptingObjects (0ms)
		CreateAndSetChildDomain (44ms)
	RebuildCommonClasses (38ms)
	RebuildNativeTypeToScriptingClass (16ms)
	initialDomainReloadingComplete (27ms)
	LoadAllAssembliesAndSetupDomain (336ms)
		LoadAssemblies (283ms)
		RebuildTransferFunctionScriptingTraits (0ms)
		AnalyzeDomain (143ms)
			TypeCache.Refresh (4ms)
				TypeCache.ScanAssembly (0ms)
			BuildScriptInfoCaches (131ms)
			ResolveRequiredComponents (4ms)
	FinalizeReload (660ms)
		ReleaseScriptCaches (0ms)
		RebuildScriptCaches (0ms)
		SetupLoadedEditorAssemblies (538ms)
			LogAssemblyErrors (0ms)
			InitializePlatformSupportModulesInManaged (2ms)
			SetLoadedEditorAssemblies (5ms)
			BeforeProcessingInitializeOnLoad (144ms)
			ProcessInitializeOnLoadAttributes (315ms)
			ProcessInitializeOnLoadMethodAttributes (65ms)
			AfterProcessingInitializeOnLoad (7ms)
			EditorAssembliesLoaded (0ms)
		ExecutionOrderSort2 (0ms)
		AwakeInstancesAfterBackupRestoration (7ms)
Refreshing native plugins compatible for Editor in 1.31 ms, found 4 plugins.
Preloading 0 native plugins for Editor in 0.00 ms.
Unloading 0 Unused Serialized files (Serialized files now loaded: 0)
Unloading 5071 unused Assets / (1.2 MB). Loaded Objects now: 5891.
Memory consumption went from 108.7 MB to 107.5 MB.
Total: 8.587900 ms (FindLiveObjects: 0.598400 ms CreateObjectMapping: 0.328300 ms MarkObjects: 6.316600 ms  DeleteObjects: 1.343000 ms)

Prepare: number of updated asset objects reloaded= 0
========================================================================
Received Prepare
Refreshing native plugins compatible for Editor in 1.29 ms, found 4 plugins.
Preloading 0 native plugins for Editor in 0.00 ms.
Unloading 0 Unused Serialized files (Serialized files now loaded: 0)
Unloading 5061 unused Assets / (1.3 MB). Loaded Objects now: 5891.
Memory consumption went from 108.9 MB to 107.6 MB.
Total: 10.995900 ms (FindLiveObjects: 0.863000 ms CreateObjectMapping: 0.467200 ms MarkObjects: 8.169600 ms  DeleteObjects: 1.494500 ms)

Prepare: number of updated asset objects reloaded= 0
========================================================================
Received Prepare
Begin MonoManager ReloadAssembly
[Licensing::Client] Successfully resolved entitlement details
- Loaded All Assemblies, in  0.810 seconds
Refreshing native plugins compatible for Editor in 1.26 ms, found 4 plugins.
Native extension for WindowsStandalone target not found
[Package Manager] Failed to launch server process. Reason: Unity was launched with the -noUpm command-line argument
[Package Manager] Unable to send message (not connected to server process).
[Package Manager] Cannot connect to Unity Package Manager local server
ScheduleIndexationOnStartup MainProcess:False IndexOnStartup:True
Mono: successfully reloaded assembly
- Finished resetting the current domain, in  0.690 seconds
Domain Reload Profiling: 1498ms
	BeginReloadAssembly (230ms)
		ExecutionOrderSort (0ms)
		DisableScriptedObjects (18ms)
		BackupInstance (0ms)
		ReleaseScriptingObjects (0ms)
		CreateAndSetChildDomain (60ms)
	RebuildCommonClasses (55ms)
	RebuildNativeTypeToScriptingClass (18ms)
	initialDomainReloadingComplete (33ms)
	LoadAllAssembliesAndSetupDomain (472ms)
		LoadAssemblies (347ms)
		RebuildTransferFunctionScriptingTraits (0ms)
		AnalyzeDomain (224ms)
			TypeCache.Refresh (12ms)
				TypeCache.ScanAssembly (1ms)
			BuildScriptInfoCaches (202ms)
			ResolveRequiredComponents (6ms)
	FinalizeReload (691ms)
		ReleaseScriptCaches (0ms)
		RebuildScriptCaches (0ms)
		SetupLoadedEditorAssemblies (551ms)
			LogAssemblyErrors (0ms)
			InitializePlatformSupportModulesInManaged (2ms)
			SetLoadedEditorAssemblies (5ms)
			BeforeProcessingInitializeOnLoad (147ms)
			ProcessInitializeOnLoadAttributes (335ms)
			ProcessInitializeOnLoadMethodAttributes (55ms)
			AfterProcessingInitializeOnLoad (6ms)
			EditorAssembliesLoaded (0ms)
		ExecutionOrderSort2 (0ms)
		AwakeInstancesAfterBackupRestoration (7ms)
Refreshing native plugins compatible for Editor in 1.60 ms, found 4 plugins.
Preloading 0 native plugins for Editor in 0.00 ms.
Unloading 0 Unused Serialized files (Serialized files now loaded: 0)
Unloading 5071 unused Assets / (1.5 MB). Loaded Objects now: 5894.
Memory consumption went from 108.7 MB to 107.2 MB.
Total: 10.057100 ms (FindLiveObjects: 1.119000 ms CreateObjectMapping: 0.347500 ms MarkObjects: 6.935400 ms  DeleteObjects: 1.653600 ms)

Prepare: number of updated asset objects reloaded= 0
========================================================================
Received Prepare
Begin MonoManager ReloadAssembly
[Licensing::Client] Successfully resolved entitlement details
- Loaded All Assemblies, in  0.610 seconds
Refreshing native plugins compatible for Editor in 1.39 ms, found 4 plugins.
Native extension for WindowsStandalone target not found
[Package Manager] Failed to launch server process. Reason: Unity was launched with the -noUpm command-line argument
[Package Manager] Unable to send message (not connected to server process).
[Package Manager] Cannot connect to Unity Package Manager local server
ScheduleIndexationOnStartup MainProcess:False IndexOnStartup:True
Mono: successfully reloaded assembly
- Finished resetting the current domain, in  0.693 seconds
Domain Reload Profiling: 1302ms
	BeginReloadAssembly (176ms)
		ExecutionOrderSort (0ms)
		DisableScriptedObjects (11ms)
		BackupInstance (0ms)
		ReleaseScriptingObjects (0ms)
		CreateAndSetChildDomain (43ms)
	RebuildCommonClasses (36ms)
	RebuildNativeTypeToScriptingClass (11ms)
	initialDomainReloadingComplete (21ms)
	LoadAllAssembliesAndSetupDomain (365ms)
		LoadAssemblies (284ms)
		RebuildTransferFunctionScriptingTraits (0ms)
		AnalyzeDomain (158ms)
			TypeCache.Refresh (5ms)
				TypeCache.ScanAssembly (0ms)
			BuildScriptInfoCaches (144ms)
			ResolveRequiredComponents (4ms)
	FinalizeReload (693ms)
		ReleaseScriptCaches (0ms)
		RebuildScriptCaches (0ms)
		SetupLoadedEditorAssemblies (567ms)
			LogAssemblyErrors (0ms)
			InitializePlatformSupportModulesInManaged (1ms)
			SetLoadedEditorAssemblies (5ms)
			BeforeProcessingInitializeOnLoad (150ms)
			ProcessInitializeOnLoadAttributes (343ms)
			ProcessInitializeOnLoadMethodAttributes (60ms)
			AfterProcessingInitializeOnLoad (6ms)
			EditorAssembliesLoaded (0ms)
		ExecutionOrderSort2 (0ms)
		AwakeInstancesAfterBackupRestoration (8ms)
Refreshing native plugins compatible for Editor in 1.42 ms, found 4 plugins.
Preloading 0 native plugins for Editor in 0.00 ms.
Unloading 0 Unused Serialized files (Serialized files now loaded: 0)
Unloading 5071 unused Assets / (1.4 MB). Loaded Objects now: 5897.
Memory consumption went from 108.7 MB to 107.3 MB.
Total: 9.353000 ms (FindLiveObjects: 0.626000 ms CreateObjectMapping: 0.318000 ms MarkObjects: 6.841900 ms  DeleteObjects: 1.565500 ms)

Prepare: number of updated asset objects reloaded= 0
========================================================================
Received Prepare
Refreshing native plugins compatible for Editor in 1.67 ms, found 4 plugins.
Preloading 0 native plugins for Editor in 0.00 ms.
Unloading 0 Unused Serialized files (Serialized files now loaded: 0)
Unloading 5061 unused Assets / (1.7 MB). Loaded Objects now: 5897.
Memory consumption went from 108.9 MB to 107.2 MB.
Total: 9.153600 ms (FindLiveObjects: 0.946100 ms CreateObjectMapping: 0.434900 ms MarkObjects: 5.715900 ms  DeleteObjects: 2.055000 ms)

Prepare: number of updated asset objects reloaded= 0
========================================================================
Received Prepare
Begin MonoManager ReloadAssembly
[Licensing::Client] Successfully resolved entitlement details
- Loaded All Assemblies, in  0.789 seconds
Refreshing native plugins compatible for Editor in 1.43 ms, found 4 plugins.
Native extension for WindowsStandalone target not found
[Package Manager] Failed to launch server process. Reason: Unity was launched with the -noUpm command-line argument
[Package Manager] Unable to send message (not connected to server process).
[Package Manager] Cannot connect to Unity Package Manager local server
ScheduleIndexationOnStartup MainProcess:False IndexOnStartup:True
Mono: successfully reloaded assembly
- Finished resetting the current domain, in  0.741 seconds
Domain Reload Profiling: 1530ms
	BeginReloadAssembly (228ms)
		ExecutionOrderSort (0ms)
		DisableScriptedObjects (17ms)
		BackupInstance (0ms)
		ReleaseScriptingObjects (0ms)
		CreateAndSetChildDomain (57ms)
	RebuildCommonClasses (37ms)
	RebuildNativeTypeToScriptingClass (24ms)
	initialDomainReloadingComplete (40ms)
	LoadAllAssembliesAndSetupDomain (459ms)
		LoadAssemblies (352ms)
		RebuildTransferFunctionScriptingTraits (0ms)
		AnalyzeDomain (207ms)
			TypeCache.Refresh (10ms)
				TypeCache.ScanAssembly (1ms)
			BuildScriptInfoCaches (186ms)
			ResolveRequiredComponents (8ms)
	FinalizeReload (742ms)
		ReleaseScriptCaches (0ms)
		RebuildScriptCaches (0ms)
		SetupLoadedEditorAssemblies (587ms)
			LogAssemblyErrors (0ms)
			InitializePlatformSupportModulesInManaged (1ms)
			SetLoadedEditorAssemblies (6ms)
			BeforeProcessingInitializeOnLoad (190ms)
			ProcessInitializeOnLoadAttributes (326ms)
			ProcessInitializeOnLoadMethodAttributes (57ms)
			AfterProcessingInitializeOnLoad (5ms)
			EditorAssembliesLoaded (0ms)
		ExecutionOrderSort2 (0ms)
		AwakeInstancesAfterBackupRestoration (7ms)
Refreshing native plugins compatible for Editor in 1.27 ms, found 4 plugins.
Preloading 0 native plugins for Editor in 0.00 ms.
Unloading 0 Unused Serialized files (Serialized files now loaded: 0)
Unloading 5071 unused Assets / (1.2 MB). Loaded Objects now: 5900.
Memory consumption went from 108.7 MB to 107.5 MB.
Total: 7.043700 ms (FindLiveObjects: 0.642000 ms CreateObjectMapping: 0.360500 ms MarkObjects: 4.687000 ms  DeleteObjects: 1.353100 ms)

Prepare: number of updated asset objects reloaded= 0
========================================================================
Received Prepare
Refreshing native plugins compatible for Editor in 1.41 ms, found 4 plugins.
Preloading 0 native plugins for Editor in 0.00 ms.
Unloading 0 Unused Serialized files (Serialized files now loaded: 0)
Unloading 5061 unused Assets / (2.9 MB). Loaded Objects now: 5900.
Memory consumption went from 108.9 MB to 106.0 MB.
Total: 10.432800 ms (FindLiveObjects: 0.569400 ms CreateObjectMapping: 0.263300 ms MarkObjects: 6.668300 ms  DeleteObjects: 2.930600 ms)

Prepare: number of updated asset objects reloaded= 0
========================================================================
Received Prepare
Begin MonoManager ReloadAssembly
- Loaded All Assemblies, in  0.789 seconds
Refreshing native plugins compatible for Editor in 1.09 ms, found 4 plugins.
Native extension for WindowsStandalone target not found
[Package Manager] Failed to launch server process. Reason: Unity was launched with the -noUpm command-line argument
[Package Manager] Unable to send message (not connected to server process).
[Package Manager] Cannot connect to Unity Package Manager local server
ScheduleIndexationOnStartup MainProcess:False IndexOnStartup:True
Mono: successfully reloaded assembly
- Finished resetting the current domain, in  0.643 seconds
Domain Reload Profiling: 1429ms
	BeginReloadAssembly (230ms)
		ExecutionOrderSort (0ms)
		DisableScriptedObjects (17ms)
		BackupInstance (0ms)
		ReleaseScriptingObjects (0ms)
		CreateAndSetChildDomain (54ms)
	RebuildCommonClasses (43ms)
	RebuildNativeTypeToScriptingClass (21ms)
	initialDomainReloadingComplete (36ms)
	LoadAllAssembliesAndSetupDomain (457ms)
		LoadAssemblies (358ms)
		RebuildTransferFunctionScriptingTraits (0ms)
		AnalyzeDomain (203ms)
			TypeCache.Refresh (10ms)
				TypeCache.ScanAssembly (1ms)
			BuildScriptInfoCaches (182ms)
			ResolveRequiredComponents (6ms)
	FinalizeReload (643ms)
		ReleaseScriptCaches (0ms)
		RebuildScriptCaches (0ms)
		SetupLoadedEditorAssemblies (522ms)
			LogAssemblyErrors (0ms)
			InitializePlatformSupportModulesInManaged (1ms)
			SetLoadedEditorAssemblies (4ms)
			BeforeProcessingInitializeOnLoad (130ms)
			ProcessInitializeOnLoadAttributes (326ms)
			ProcessInitializeOnLoadMethodAttributes (54ms)
			AfterProcessingInitializeOnLoad (7ms)
			EditorAssembliesLoaded (0ms)
		ExecutionOrderSort2 (0ms)
		AwakeInstancesAfterBackupRestoration (9ms)
Refreshing native plugins compatible for Editor in 1.16 ms, found 4 plugins.
Preloading 0 native plugins for Editor in 0.00 ms.
Unloading 0 Unused Serialized files (Serialized files now loaded: 0)
Unloading 5071 unused Assets / (1.6 MB). Loaded Objects now: 5903.
Memory consumption went from 108.7 MB to 107.1 MB.
Total: 7.957200 ms (FindLiveObjects: 0.553000 ms CreateObjectMapping: 0.269600 ms MarkObjects: 5.546400 ms  DeleteObjects: 1.587000 ms)

Prepare: number of updated asset objects reloaded= 0
========================================================================
Received Prepare
Begin MonoManager ReloadAssembly
- Loaded All Assemblies, in  0.613 seconds
Refreshing native plugins compatible for Editor in 1.00 ms, found 4 plugins.
Native extension for WindowsStandalone target not found
[Package Manager] Failed to launch server process. Reason: Unity was launched with the -noUpm command-line argument
[Package Manager] Unable to send message (not connected to server process).
[Package Manager] Cannot connect to Unity Package Manager local server
ScheduleIndexationOnStartup MainProcess:False IndexOnStartup:True
Mono: successfully reloaded assembly
- Finished resetting the current domain, in  0.719 seconds
Domain Reload Profiling: 1333ms
	BeginReloadAssembly (181ms)
		ExecutionOrderSort (0ms)
		DisableScriptedObjects (10ms)
		BackupInstance (0ms)
		ReleaseScriptingObjects (0ms)
		CreateAndSetChildDomain (42ms)
	RebuildCommonClasses (40ms)
	RebuildNativeTypeToScriptingClass (11ms)
	initialDomainReloadingComplete (22ms)
	LoadAllAssembliesAndSetupDomain (360ms)
		LoadAssemblies (280ms)
		RebuildTransferFunctionScriptingTraits (0ms)
		AnalyzeDomain (168ms)
			TypeCache.Refresh (5ms)
				TypeCache.ScanAssembly (0ms)
			BuildScriptInfoCaches (156ms)
			ResolveRequiredComponents (4ms)
	FinalizeReload (719ms)
		ReleaseScriptCaches (0ms)
		RebuildScriptCaches (0ms)
		SetupLoadedEditorAssemblies (594ms)
			LogAssemblyErrors (0ms)
			InitializePlatformSupportModulesInManaged (1ms)
			SetLoadedEditorAssemblies (5ms)
			BeforeProcessingInitializeOnLoad (151ms)
			ProcessInitializeOnLoadAttributes (367ms)
			ProcessInitializeOnLoadMethodAttributes (62ms)
			AfterProcessingInitializeOnLoad (7ms)
			EditorAssembliesLoaded (0ms)
		ExecutionOrderSort2 (0ms)
		AwakeInstancesAfterBackupRestoration (8ms)
Refreshing native plugins compatible for Editor in 1.35 ms, found 4 plugins.
Preloading 0 native plugins for Editor in 0.00 ms.
Unloading 0 Unused Serialized files (Serialized files now loaded: 0)
Unloading 5071 unused Assets / (1.3 MB). Loaded Objects now: 5906.
Memory consumption went from 108.7 MB to 107.4 MB.
Total: 7.938600 ms (FindLiveObjects: 0.805000 ms CreateObjectMapping: 0.381800 ms MarkObjects: 5.380100 ms  DeleteObjects: 1.370200 ms)

Prepare: number of updated asset objects reloaded= 0
========================================================================
Received Prepare
Begin MonoManager ReloadAssembly
- Loaded All Assemblies, in  0.616 seconds
Refreshing native plugins compatible for Editor in 1.56 ms, found 4 plugins.
Native extension for WindowsStandalone target not found
[Package Manager] Failed to launch server process. Reason: Unity was launched with the -noUpm command-line argument
[Package Manager] Unable to send message (not connected to server process).
[Package Manager] Cannot connect to Unity Package Manager local server
ScheduleIndexationOnStartup MainProcess:False IndexOnStartup:True
Mono: successfully reloaded assembly
- Finished resetting the current domain, in  0.679 seconds
Domain Reload Profiling: 1296ms
	BeginReloadAssembly (176ms)
		ExecutionOrderSort (0ms)
		DisableScriptedObjects (14ms)
		BackupInstance (0ms)
		ReleaseScriptingObjects (0ms)
		CreateAndSetChildDomain (46ms)
	RebuildCommonClasses (31ms)
	RebuildNativeTypeToScriptingClass (13ms)
	initialDomainReloadingComplete (25ms)
	LoadAllAssembliesAndSetupDomain (372ms)
		LoadAssemblies (277ms)
		RebuildTransferFunctionScriptingTraits (0ms)
		AnalyzeDomain (169ms)
			TypeCache.Refresh (4ms)
				TypeCache.ScanAssembly (0ms)
			BuildScriptInfoCaches (154ms)
			ResolveRequiredComponents (6ms)
	FinalizeReload (679ms)
		ReleaseScriptCaches (0ms)
		RebuildScriptCaches (0ms)
		SetupLoadedEditorAssemblies (562ms)
			LogAssemblyErrors (0ms)
			InitializePlatformSupportModulesInManaged (1ms)
			SetLoadedEditorAssemblies (4ms)
			BeforeProcessingInitializeOnLoad (155ms)
			ProcessInitializeOnLoadAttributes (338ms)
			ProcessInitializeOnLoadMethodAttributes (58ms)
			AfterProcessingInitializeOnLoad (6ms)
			EditorAssembliesLoaded (0ms)
		ExecutionOrderSort2 (0ms)
		AwakeInstancesAfterBackupRestoration (7ms)
Refreshing native plugins compatible for Editor in 1.68 ms, found 4 plugins.
Preloading 0 native plugins for Editor in 0.00 ms.
Unloading 0 Unused Serialized files (Serialized files now loaded: 0)
Unloading 5071 unused Assets / (1.4 MB). Loaded Objects now: 5909.
Memory consumption went from 108.7 MB to 107.3 MB.
Total: 7.281600 ms (FindLiveObjects: 0.560300 ms CreateObjectMapping: 0.251800 ms MarkObjects: 5.002500 ms  DeleteObjects: 1.465700 ms)

Prepare: number of updated asset objects reloaded= 0
========================================================================
Received Import Request.
  Time since last request: 906.919056 seconds.
  path: Assets/Juego/EnemyData/D.asset
  artifactKey: Guid(6a96cb00b8ad8ff4ba9c260afc457cee) Importer(815301076,1909f56bfc062723c751e8b465ee728b)
Start importing Assets/Juego/EnemyData/D.asset using Guid(6a96cb00b8ad8ff4ba9c260afc457cee) Importer(815301076,1909f56bfc062723c751e8b465ee728b) (PreviewImporter)The same field name is serialized multiple times in the class or its parent class. This is not supported: Base(MonoBehaviour) canSpawn
The same field name is serialized multiple times in the class or its parent class. This is not supported: Base(MonoBehaviour) blueSoulPattern
The same field name is serialized multiple times in the class or its parent class. This is not supported: Base(MonoBehaviour) phase
 -> (artifact id: '775fe571ee48ac961df73052c576e23e') in 0.0492898 seconds
Number of updated asset objects reloaded before import = 0Number of asset objects unloaded after import = 31

========================================================================
Received Import Request.
  Time since last request: 0.000025 seconds.
  path: Assets/Juego/EnemyData/Q 1.asset
  artifactKey: Guid(c6987ce20db4d3141b0942be2e88c095) Importer(815301076,1909f56bfc062723c751e8b465ee728b)
Start importing Assets/Juego/EnemyData/Q 1.asset using Guid(c6987ce20db4d3141b0942be2e88c095) Importer(815301076,1909f56bfc062723c751e8b465ee728b) (PreviewImporter)The same field name is serialized multiple times in the class or its parent class. This is not supported: Base(MonoBehaviour) canSpawn
The same field name is serialized multiple times in the class or its parent class. This is not supported: Base(MonoBehaviour) blueSoulPattern
The same field name is serialized multiple times in the class or its parent class. This is not supported: Base(MonoBehaviour) phase
 -> (artifact id: '7d231b49ae5bdd0edb11af2a10ad3040') in 0.0316721 seconds
Number of updated asset objects reloaded before import = 0Number of asset objects unloaded after import = 47

========================================================================
Received Import Request.
  Time since last request: 0.000016 seconds.
  path: Assets/Juego/EnemyData/E.asset
  artifactKey: Guid(d160625272dd89d409f474b8b2e4d3f8) Importer(815301076,1909f56bfc062723c751e8b465ee728b)
Start importing Assets/Juego/EnemyData/E.asset using Guid(d160625272dd89d409f474b8b2e4d3f8) Importer(815301076,1909f56bfc062723c751e8b465ee728b) (PreviewImporter) -> (artifact id: 'f14ad69e228fc39ed5cedecf68381ba0') in 0.0030543 seconds
Number of updated asset objects reloaded before import = 0Number of asset objects unloaded after import = 31

========================================================================
Received Import Request.
  Time since last request: 0.000015 seconds.
  path: Assets/Juego/EnemyData/K.asset
  artifactKey: Guid(267a2b1ee5ffbf74fbcdc9def3a2b4d6) Importer(815301076,1909f56bfc062723c751e8b465ee728b)
Start importing Assets/Juego/EnemyData/K.asset using Guid(267a2b1ee5ffbf74fbcdc9def3a2b4d6) Importer(815301076,1909f56bfc062723c751e8b465ee728b) (PreviewImporter) -> (artifact id: 'ca8b66518ea4aa27f00c48415cfb67cd') in 0.0024357 seconds
Number of updated asset objects reloaded before import = 0Number of asset objects unloaded after import = 31

========================================================================
Received Import Request.
  Time since last request: 0.000017 seconds.
  path: Assets/Juego/EnemyData/N.asset
  artifactKey: Guid(05b7229c4a12d904197f79af98fbc588) Importer(815301076,1909f56bfc062723c751e8b465ee728b)
Start importing Assets/Juego/EnemyData/N.asset using Guid(05b7229c4a12d904197f79af98fbc588) Importer(815301076,1909f56bfc062723c751e8b465ee728b) (PreviewImporter) -> (artifact id: 'd5d60d94728fb63780f5a5b48ccfb071') in 0.0031549 seconds
Number of updated asset objects reloaded before import = 0Number of asset objects unloaded after import = 31

========================================================================
Received Prepare
Begin MonoManager ReloadAssembly
[Licensing::Client] Successfully resolved entitlement details
- Loaded All Assemblies, in  0.748 seconds
Refreshing native plugins compatible for Editor in 1.05 ms, found 4 plugins.
Native extension for WindowsStandalone target not found
[Package Manager] Failed to launch server process. Reason: Unity was launched with the -noUpm command-line argument
[Package Manager] Unable to send message (not connected to server process).
[Package Manager] Cannot connect to Unity Package Manager local server
ScheduleIndexationOnStartup MainProcess:False IndexOnStartup:True
Mono: successfully reloaded assembly
- Finished resetting the current domain, in  0.859 seconds
Domain Reload Profiling: 1606ms
	BeginReloadAssembly (214ms)
		ExecutionOrderSort (0ms)
		DisableScriptedObjects (11ms)
		BackupInstance (0ms)
		ReleaseScriptingObjects (0ms)
		CreateAndSetChildDomain (58ms)
	RebuildCommonClasses (44ms)
	RebuildNativeTypeToScriptingClass (14ms)
	initialDomainReloadingComplete (33ms)
	LoadAllAssembliesAndSetupDomain (442ms)
		LoadAssemblies (346ms)
		RebuildTransferFunctionScriptingTraits (0ms)
		AnalyzeDomain (196ms)
			TypeCache.Refresh (12ms)
				TypeCache.ScanAssembly (0ms)
			BuildScriptInfoCaches (171ms)
			ResolveRequiredComponents (9ms)
	FinalizeReload (859ms)
		ReleaseScriptCaches (0ms)
		RebuildScriptCaches (0ms)
		SetupLoadedEditorAssemblies (713ms)
			LogAssemblyErrors (0ms)
			InitializePlatformSupportModulesInManaged (2ms)
			SetLoadedEditorAssemblies (6ms)
			BeforeProcessingInitializeOnLoad (153ms)
			ProcessInitializeOnLoadAttributes (460ms)
			ProcessInitializeOnLoadMethodAttributes (85ms)
			AfterProcessingInitializeOnLoad (7ms)
			EditorAssembliesLoaded (0ms)
		ExecutionOrderSort2 (0ms)
		AwakeInstancesAfterBackupRestoration (10ms)
Refreshing native plugins compatible for Editor in 1.58 ms, found 4 plugins.
Preloading 0 native plugins for Editor in 0.00 ms.
Unloading 0 Unused Serialized files (Serialized files now loaded: 0)
Unloading 5071 unused Assets / (1.5 MB). Loaded Objects now: 5912.
Memory consumption went from 108.8 MB to 107.3 MB.
Total: 10.205700 ms (FindLiveObjects: 0.859200 ms CreateObjectMapping: 0.507300 ms MarkObjects: 6.218100 ms  DeleteObjects: 2.619400 ms)

Prepare: number of updated asset objects reloaded= 0
========================================================================
Received Import Request.
  Time since last request: 116.696320 seconds.
  path: Assets/Juego/Prefap/TestBattleSelector.prefab
  artifactKey: Guid(8f8af4c558f51414a8f6c53c1fca7a99) Importer(815301076,1909f56bfc062723c751e8b465ee728b)
Start importing Assets/Juego/Prefap/TestBattleSelector.prefab using Guid(8f8af4c558f51414a8f6c53c1fca7a99) Importer(815301076,1909f56bfc062723c751e8b465ee728b) (PreviewImporter) -> (artifact id: '2ca01d3d099a9597e8cccd3c9f54fa0f') in 0.0358128 seconds
Number of updated asset objects reloaded before import = 0Number of asset objects unloaded after import = 5

========================================================================
Received Import Request.
  Time since last request: 10.038360 seconds.
  path: Assets/Juego/Prefap/TestBattleSelector.prefab
  artifactKey: Guid(8f8af4c558f51414a8f6c53c1fca7a99) Importer(815301076,1909f56bfc062723c751e8b465ee728b)
Start importing Assets/Juego/Prefap/TestBattleSelector.prefab using Guid(8f8af4c558f51414a8f6c53c1fca7a99) Importer(815301076,1909f56bfc062723c751e8b465ee728b) (PreviewImporter) -> (artifact id: 'ae96ebec71e457fcdfde578b60deea1b') in 0.0019145 seconds
Number of updated asset objects reloaded before import = 0Number of asset objects unloaded after import = 5

========================================================================
Received Import Request.
  Time since last request: 3.973157 seconds.
  path: Assets/Juego/Prefap/TestBattleSelector.prefab
  artifactKey: Guid(8f8af4c558f51414a8f6c53c1fca7a99) Importer(815301076,1909f56bfc062723c751e8b465ee728b)
Start importing Assets/Juego/Prefap/TestBattleSelector.prefab using Guid(8f8af4c558f51414a8f6c53c1fca7a99) Importer(815301076,1909f56bfc062723c751e8b465ee728b) (PreviewImporter)The same field name is serialized multiple times in the class or its parent class. This is not supported: Base(MonoBehaviour) canSpawn
The same field name is serialized multiple times in the class or its parent class. This is not supported: Base(MonoBehaviour) blueSoulPattern
The same field name is serialized multiple times in the class or its parent class. This is not supported: Base(MonoBehaviour) phase
 -> (artifact id: 'd3554e0d6cb843bb590c8f67ec30f4af') in 0.0086987 seconds
Number of updated asset objects reloaded before import = 0Number of asset objects unloaded after import = 33

========================================================================
Received Import Request.
  Time since last request: 2.306754 seconds.
  path: Assets/Juego/Prefap/TestBattleSelector.prefab
  artifactKey: Guid(8f8af4c558f51414a8f6c53c1fca7a99) Importer(815301076,1909f56bfc062723c751e8b465ee728b)
Start importing Assets/Juego/Prefap/TestBattleSelector.prefab using Guid(8f8af4c558f51414a8f6c53c1fca7a99) Importer(815301076,1909f56bfc062723c751e8b465ee728b) (PreviewImporter)The same field name is serialized multiple times in the class or its parent class. This is not supported: Base(MonoBehaviour) phase
The same field name is serialized multiple times in the class or its parent class. This is not supported: Base(MonoBehaviour) canSpawn
The same field name is serialized multiple times in the class or its parent class. This is not supported: Base(MonoBehaviour) blueSoulPattern
 -> (artifact id: '0bb283b12611ed016b241b5b8f467c85') in 0.0084936 seconds
Number of updated asset objects reloaded before import = 0Number of asset objects unloaded after import = 64

========================================================================
Received Import Request.
  Time since last request: 3.478008 seconds.
  path: Assets/Juego/Prefap/TestBattleSelector.prefab
  artifactKey: Guid(8f8af4c558f51414a8f6c53c1fca7a99) Importer(815301076,1909f56bfc062723c751e8b465ee728b)
Start importing Assets/Juego/Prefap/TestBattleSelector.prefab using Guid(8f8af4c558f51414a8f6c53c1fca7a99) Importer(815301076,1909f56bfc062723c751e8b465ee728b) (PreviewImporter)The same field name is serialized multiple times in the class or its parent class. This is not supported: Base(MonoBehaviour) canSpawn
The same field name is serialized multiple times in the class or its parent class. This is not supported: Base(MonoBehaviour) blueSoulPattern
The same field name is serialized multiple times in the class or its parent class. This is not supported: Base(MonoBehaviour) phase
 -> (artifact id: '5fc7b329f360c4749c605d7ce4a9a051') in 0.0327984 seconds
Number of updated asset objects reloaded before import = 0Number of asset objects unloaded after import = 111

========================================================================
Received Import Request.
  Time since last request: 1.728076 seconds.
  path: Assets/Juego/Prefap/TestBattleSelector.prefab
  artifactKey: Guid(8f8af4c558f51414a8f6c53c1fca7a99) Importer(815301076,1909f56bfc062723c751e8b465ee728b)
Start importing Assets/Juego/Prefap/TestBattleSelector.prefab using Guid(8f8af4c558f51414a8f6c53c1fca7a99) Importer(815301076,1909f56bfc062723c751e8b465ee728b) (PreviewImporter)The same field name is serialized multiple times in the class or its parent class. This is not supported: Base(MonoBehaviour) canSpawn
The same field name is serialized multiple times in the class or its parent class. This is not supported: Base(MonoBehaviour) blueSoulPattern
The same field name is serialized multiple times in the class or its parent class. This is not supported: Base(MonoBehaviour) phase
 -> (artifact id: '203049eed0c343679148af307579599b') in 0.0241913 seconds
Number of updated asset objects reloaded before import = 0Number of asset objects unloaded after import = 141

========================================================================
Received Import Request.
  Time since last request: 1.495318 seconds.
  path: Assets/Juego/Prefap/TestBattleSelector.prefab
  artifactKey: Guid(8f8af4c558f51414a8f6c53c1fca7a99) Importer(815301076,1909f56bfc062723c751e8b465ee728b)
Start importing Assets/Juego/Prefap/TestBattleSelector.prefab using Guid(8f8af4c558f51414a8f6c53c1fca7a99) Importer(815301076,1909f56bfc062723c751e8b465ee728b) (PreviewImporter) -> (artifact id: '9a06e41abcc067136ce4fb93068dc1c5') in 0.0221846 seconds
Number of updated asset objects reloaded before import = 0Number of asset objects unloaded after import = 143

========================================================================
Received Import Request.
  Time since last request: 1.706799 seconds.
  path: Assets/Juego/Prefap/TestBattleSelector.prefab
  artifactKey: Guid(8f8af4c558f51414a8f6c53c1fca7a99) Importer(815301076,1909f56bfc062723c751e8b465ee728b)
Start importing Assets/Juego/Prefap/TestBattleSelector.prefab using Guid(8f8af4c558f51414a8f6c53c1fca7a99) Importer(815301076,1909f56bfc062723c751e8b465ee728b) (PreviewImporter) -> (artifact id: '810f007643853ae40da19d2938df2d63') in 0.0210895 seconds
Number of updated asset objects reloaded before import = 0Number of asset objects unloaded after import = 144

========================================================================
Received Import Request.
  Time since last request: 1.812707 seconds.
  path: Assets/Juego/Prefap/TestBattleSelector.prefab
  artifactKey: Guid(8f8af4c558f51414a8f6c53c1fca7a99) Importer(815301076,1909f56bfc062723c751e8b465ee728b)
Start importing Assets/Juego/Prefap/TestBattleSelector.prefab using Guid(8f8af4c558f51414a8f6c53c1fca7a99) Importer(815301076,1909f56bfc062723c751e8b465ee728b) (PreviewImporter) -> (artifact id: '910eaa42aba0a104fca349b2fb805a79') in 0.0196471 seconds
Number of updated asset objects reloaded before import = 0Number of asset objects unloaded after import = 146

========================================================================
Received Import Request.
  Time since last request: 1.667072 seconds.
  path: Assets/Juego/Prefap/TestBattleSelector.prefab
  artifactKey: Guid(8f8af4c558f51414a8f6c53c1fca7a99) Importer(815301076,1909f56bfc062723c751e8b465ee728b)
Start importing Assets/Juego/Prefap/TestBattleSelector.prefab using Guid(8f8af4c558f51414a8f6c53c1fca7a99) Importer(815301076,1909f56bfc062723c751e8b465ee728b) (PreviewImporter) -> (artifact id: '00a6a81dafafdaf480dd992adbdb5611') in 0.0215086 seconds
Number of updated asset objects reloaded before import = 0Number of asset objects unloaded after import = 147

========================================================================
Received Import Request.
  Time since last request: 1.888731 seconds.
  path: Assets/Juego/Prefap/TestBattleSelector.prefab
  artifactKey: Guid(8f8af4c558f51414a8f6c53c1fca7a99) Importer(815301076,1909f56bfc062723c751e8b465ee728b)
Start importing Assets/Juego/Prefap/TestBattleSelector.prefab using Guid(8f8af4c558f51414a8f6c53c1fca7a99) Importer(815301076,1909f56bfc062723c751e8b465ee728b) (PreviewImporter) -> (artifact id: 'ce3d02355a6e35e324099d4b8faa1702') in 0.0234172 seconds
Number of updated asset objects reloaded before import = 0Number of asset objects unloaded after import = 149

========================================================================
Received Import Request.
  Time since last request: 1.491055 seconds.
  path: Assets/Juego/Prefap/TestBattleSelector.prefab
  artifactKey: Guid(8f8af4c558f51414a8f6c53c1fca7a99) Importer(815301076,1909f56bfc062723c751e8b465ee728b)
Start importing Assets/Juego/Prefap/TestBattleSelector.prefab using Guid(8f8af4c558f51414a8f6c53c1fca7a99) Importer(815301076,1909f56bfc062723c751e8b465ee728b) (PreviewImporter) -> (artifact id: '1f528f58726d8fb91977e320e1c0093a') in 0.0209904 seconds
Number of updated asset objects reloaded before import = 0Number of asset objects unloaded after import = 151

========================================================================
Received Import Request.
  Time since last request: 1.504500 seconds.
  path: Assets/Juego/Prefap/TestBattleSelector.prefab
  artifactKey: Guid(8f8af4c558f51414a8f6c53c1fca7a99) Importer(815301076,1909f56bfc062723c751e8b465ee728b)
Start importing Assets/Juego/Prefap/TestBattleSelector.prefab using Guid(8f8af4c558f51414a8f6c53c1fca7a99) Importer(815301076,1909f56bfc062723c751e8b465ee728b) (PreviewImporter) -> (artifact id: 'd61665c9272d8cf96958d0b9f6c50b27') in 0.0221078 seconds
Number of updated asset objects reloaded before import = 0Number of asset objects unloaded after import = 153

========================================================================
Received Import Request.
  Time since last request: 1.914154 seconds.
  path: Assets/Juego/Prefap/TestBattleSelector.prefab
  artifactKey: Guid(8f8af4c558f51414a8f6c53c1fca7a99) Importer(815301076,1909f56bfc062723c751e8b465ee728b)
Start importing Assets/Juego/Prefap/TestBattleSelector.prefab using Guid(8f8af4c558f51414a8f6c53c1fca7a99) Importer(815301076,1909f56bfc062723c751e8b465ee728b) (PreviewImporter) -> (artifact id: '769785d92db343d20392163bbc89c683') in 0.0218915 seconds
Number of updated asset objects reloaded before import = 0Number of asset objects unloaded after import = 154

========================================================================
Received Import Request.
  Time since last request: 0.929987 seconds.
  path: Assets/Juego/Prefap/TestBattleSelector.prefab
  artifactKey: Guid(8f8af4c558f51414a8f6c53c1fca7a99) Importer(815301076,1909f56bfc062723c751e8b465ee728b)
Start importing Assets/Juego/Prefap/TestBattleSelector.prefab using Guid(8f8af4c558f51414a8f6c53c1fca7a99) Importer(815301076,1909f56bfc062723c751e8b465ee728b) (PreviewImporter) -> (artifact id: '0b6859dfaca3c5f6688da695287cc7c9') in 0.024393 seconds
Number of updated asset objects reloaded before import = 0Number of asset objects unloaded after import = 155

========================================================================
Received Import Request.
  Time since last request: 1.846473 seconds.
  path: Assets/Juego/Prefap/TestBattleSelector.prefab
  artifactKey: Guid(8f8af4c558f51414a8f6c53c1fca7a99) Importer(815301076,1909f56bfc062723c751e8b465ee728b)
Start importing Assets/Juego/Prefap/TestBattleSelector.prefab using Guid(8f8af4c558f51414a8f6c53c1fca7a99) Importer(815301076,1909f56bfc062723c751e8b465ee728b) (PreviewImporter) -> (artifact id: 'a576a110adf8f86384e9f4acb81b5c47') in 0.0242978 seconds
Number of updated asset objects reloaded before import = 0Number of asset objects unloaded after import = 157

========================================================================
Received Import Request.
  Time since last request: 1.821041 seconds.
  path: Assets/Juego/Prefap/TestBattleSelector.prefab
  artifactKey: Guid(8f8af4c558f51414a8f6c53c1fca7a99) Importer(815301076,1909f56bfc062723c751e8b465ee728b)
Start importing Assets/Juego/Prefap/TestBattleSelector.prefab using Guid(8f8af4c558f51414a8f6c53c1fca7a99) Importer(815301076,1909f56bfc062723c751e8b465ee728b) (PreviewImporter) -> (artifact id: 'de108804149bde6af77cd9e1b8bb3889') in 0.0224311 seconds
Number of updated asset objects reloaded before import = 0Number of asset objects unloaded after import = 159

========================================================================
Received Import Request.
  Time since last request: 2.118230 seconds.
  path: Assets/Juego/Prefap/TestBattleSelector.prefab
  artifactKey: Guid(8f8af4c558f51414a8f6c53c1fca7a99) Importer(815301076,1909f56bfc062723c751e8b465ee728b)
Start importing Assets/Juego/Prefap/TestBattleSelector.prefab using Guid(8f8af4c558f51414a8f6c53c1fca7a99) Importer(815301076,1909f56bfc062723c751e8b465ee728b) (PreviewImporter) -> (artifact id: 'cf7b3268e64f4c0c556cae7bc533eb45') in 0.0224946 seconds
Number of updated asset objects reloaded before import = 0Number of asset objects unloaded after import = 161

========================================================================
Received Import Request.
  Time since last request: 1.676326 seconds.
  path: Assets/Juego/Prefap/TestBattleSelector.prefab
  artifactKey: Guid(8f8af4c558f51414a8f6c53c1fca7a99) Importer(815301076,1909f56bfc062723c751e8b465ee728b)
Start importing Assets/Juego/Prefap/TestBattleSelector.prefab using Guid(8f8af4c558f51414a8f6c53c1fca7a99) Importer(815301076,1909f56bfc062723c751e8b465ee728b) (PreviewImporter) -> (artifact id: 'c67cf39d40b791380920171b6e5d30a8') in 0.0241892 seconds
Number of updated asset objects reloaded before import = 0Number of asset objects unloaded after import = 163

========================================================================
Received Import Request.
  Time since last request: 3.662848 seconds.
  path: Assets/Juego/Prefap/TestBattleSelector.prefab
  artifactKey: Guid(8f8af4c558f51414a8f6c53c1fca7a99) Importer(815301076,1909f56bfc062723c751e8b465ee728b)
Start importing Assets/Juego/Prefap/TestBattleSelector.prefab using Guid(8f8af4c558f51414a8f6c53c1fca7a99) Importer(815301076,1909f56bfc062723c751e8b465ee728b) (PreviewImporter) -> (artifact id: 'ab84c15eacd602c860c431cee6179aa4') in 0.0224343 seconds
Number of updated asset objects reloaded before import = 0Number of asset objects unloaded after import = 164

========================================================================
Received Import Request.
  Time since last request: 5.386169 seconds.
  path: Assets/Juego/Prefap/TestBattleSelector.prefab
  artifactKey: Guid(8f8af4c558f51414a8f6c53c1fca7a99) Importer(815301076,1909f56bfc062723c751e8b465ee728b)
Start importing Assets/Juego/Prefap/TestBattleSelector.prefab using Guid(8f8af4c558f51414a8f6c53c1fca7a99) Importer(815301076,1909f56bfc062723c751e8b465ee728b) (PreviewImporter) -> (artifact id: '113e0ee4f00ebb3ab01e21fa43f83815') in 0.0271872 seconds
Number of updated asset objects reloaded before import = 0Number of asset objects unloaded after import = 166

========================================================================
Received Import Request.
  Time since last request: 4.359632 seconds.
  path: Assets/Juego/Prefap/TestBattleSelector.prefab
  artifactKey: Guid(8f8af4c558f51414a8f6c53c1fca7a99) Importer(815301076,1909f56bfc062723c751e8b465ee728b)
Start importing Assets/Juego/Prefap/TestBattleSelector.prefab using Guid(8f8af4c558f51414a8f6c53c1fca7a99) Importer(815301076,1909f56bfc062723c751e8b465ee728b) (PreviewImporter) -> (artifact id: '4aeb5386cff220003ec3a80ffd9e047c') in 0.0243884 seconds
Number of updated asset objects reloaded before import = 0Number of asset objects unloaded after import = 168

========================================================================
Received Import Request.
  Time since last request: 2.913534 seconds.
  path: Assets/Juego/Prefap/TestBattleSelector.prefab
  artifactKey: Guid(8f8af4c558f51414a8f6c53c1fca7a99) Importer(815301076,1909f56bfc062723c751e8b465ee728b)
Start importing Assets/Juego/Prefap/TestBattleSelector.prefab using Guid(8f8af4c558f51414a8f6c53c1fca7a99) Importer(815301076,1909f56bfc062723c751e8b465ee728b) (PreviewImporter) -> (artifact id: 'da2ef77e4a6a9adc61c32e8b88b6e71e') in 0.0225979 seconds
Number of updated asset objects reloaded before import = 0Number of asset objects unloaded after import = 169

========================================================================
Received Import Request.
  Time since last request: 3.035911 seconds.
  path: Assets/Juego/Prefap/TestBattleSelector.prefab
  artifactKey: Guid(8f8af4c558f51414a8f6c53c1fca7a99) Importer(815301076,1909f56bfc062723c751e8b465ee728b)
Start importing Assets/Juego/Prefap/TestBattleSelector.prefab using Guid(8f8af4c558f51414a8f6c53c1fca7a99) Importer(815301076,1909f56bfc062723c751e8b465ee728b) (PreviewImporter) -> (artifact id: '7c1224c71e511227623ac7307abcbeed') in 0.024257 seconds
Number of updated asset objects reloaded before import = 0Number of asset objects unloaded after import = 170

========================================================================
Received Import Request.
  Time since last request: 2.680489 seconds.
  path: Assets/Juego/Prefap/TestBattleSelector.prefab
  artifactKey: Guid(8f8af4c558f51414a8f6c53c1fca7a99) Importer(815301076,1909f56bfc062723c751e8b465ee728b)
Start importing Assets/Juego/Prefap/TestBattleSelector.prefab using Guid(8f8af4c558f51414a8f6c53c1fca7a99) Importer(815301076,1909f56bfc062723c751e8b465ee728b) (PreviewImporter) -> (artifact id: 'f4c84d49805ca5c2f28a66751023533c') in 0.0246945 seconds
Number of updated asset objects reloaded before import = 0Number of asset objects unloaded after import = 171

========================================================================
Received Prepare
Begin MonoManager ReloadAssembly
[Licensing::Client] Successfully resolved entitlement details
- Loaded All Assemblies, in  0.647 seconds
Refreshing native plugins compatible for Editor in 1.51 ms, found 4 plugins.
Native extension for WindowsStandalone target not found
[Package Manager] Failed to launch server process. Reason: Unity was launched with the -noUpm command-line argument
[Package Manager] Unable to send message (not connected to server process).
[Package Manager] Cannot connect to Unity Package Manager local server
ScheduleIndexationOnStartup MainProcess:False IndexOnStartup:True
Mono: successfully reloaded assembly
- Finished resetting the current domain, in  0.702 seconds
Domain Reload Profiling: 1348ms
	BeginReloadAssembly (198ms)
		ExecutionOrderSort (0ms)
		DisableScriptedObjects (10ms)
		BackupInstance (0ms)
		ReleaseScriptingObjects (0ms)
		CreateAndSetChildDomain (46ms)
	RebuildCommonClasses (43ms)
	RebuildNativeTypeToScriptingClass (14ms)
	initialDomainReloadingComplete (33ms)
	LoadAllAssembliesAndSetupDomain (358ms)
		LoadAssemblies (302ms)
		RebuildTransferFunctionScriptingTraits (0ms)
		AnalyzeDomain (155ms)
			TypeCache.Refresh (6ms)
				TypeCache.ScanAssembly (0ms)
			BuildScriptInfoCaches (141ms)
			ResolveRequiredComponents (4ms)
	FinalizeReload (703ms)
		ReleaseScriptCaches (0ms)
		RebuildScriptCaches (0ms)
		SetupLoadedEditorAssemblies (575ms)
			LogAssemblyErrors (0ms)
			InitializePlatformSupportModulesInManaged (1ms)
			SetLoadedEditorAssemblies (4ms)
			BeforeProcessingInitializeOnLoad (160ms)
			ProcessInitializeOnLoadAttributes (330ms)
			ProcessInitializeOnLoadMethodAttributes (74ms)
			AfterProcessingInitializeOnLoad (6ms)
			EditorAssembliesLoaded (0ms)
		ExecutionOrderSort2 (0ms)
		AwakeInstancesAfterBackupRestoration (7ms)
Refreshing native plugins compatible for Editor in 1.75 ms, found 4 plugins.
Preloading 0 native plugins for Editor in 0.00 ms.
Unloading 0 Unused Serialized files (Serialized files now loaded: 0)
Unloading 5071 unused Assets / (1.7 MB). Loaded Objects now: 5915.
Memory consumption went from 108.8 MB to 107.1 MB.
Total: 9.484300 ms (FindLiveObjects: 0.657300 ms CreateObjectMapping: 0.447200 ms MarkObjects: 6.258300 ms  DeleteObjects: 2.119900 ms)

Prepare: number of updated asset objects reloaded= 0
========================================================================
Received Prepare
Begin MonoManager ReloadAssembly
- Loaded All Assemblies, in  0.580 seconds
Refreshing native plugins compatible for Editor in 1.50 ms, found 4 plugins.
Native extension for WindowsStandalone target not found
[Package Manager] Failed to launch server process. Reason: Unity was launched with the -noUpm command-line argument
[Package Manager] Unable to send message (not connected to server process).
[Package Manager] Cannot connect to Unity Package Manager local server
ScheduleIndexationOnStartup MainProcess:False IndexOnStartup:True
Mono: successfully reloaded assembly
- Finished resetting the current domain, in  0.623 seconds
Domain Reload Profiling: 1202ms
	BeginReloadAssembly (175ms)
		ExecutionOrderSort (0ms)
		DisableScriptedObjects (13ms)
		BackupInstance (0ms)
		ReleaseScriptingObjects (0ms)
		CreateAndSetChildDomain (46ms)
	RebuildCommonClasses (30ms)
	RebuildNativeTypeToScriptingClass (11ms)
	initialDomainReloadingComplete (26ms)
	LoadAllAssembliesAndSetupDomain (338ms)
		LoadAssemblies (279ms)
		RebuildTransferFunctionScriptingTraits (0ms)
		AnalyzeDomain (135ms)
			TypeCache.Refresh (4ms)
				TypeCache.ScanAssembly (0ms)
			BuildScriptInfoCaches (121ms)
			ResolveRequiredComponents (5ms)
	FinalizeReload (623ms)
		ReleaseScriptCaches (0ms)
		RebuildScriptCaches (0ms)
		SetupLoadedEditorAssemblies (501ms)
			LogAssemblyErrors (0ms)
			InitializePlatformSupportModulesInManaged (2ms)
			SetLoadedEditorAssemblies (4ms)
			BeforeProcessingInitializeOnLoad (136ms)
			ProcessInitializeOnLoadAttributes (295ms)
			ProcessInitializeOnLoadMethodAttributes (60ms)
			AfterProcessingInitializeOnLoad (4ms)
			EditorAssembliesLoaded (0ms)
		ExecutionOrderSort2 (0ms)
		AwakeInstancesAfterBackupRestoration (7ms)
Refreshing native plugins compatible for Editor in 1.74 ms, found 4 plugins.
Preloading 0 native plugins for Editor in 0.00 ms.
Unloading 0 Unused Serialized files (Serialized files now loaded: 0)
Unloading 5071 unused Assets / (1.5 MB). Loaded Objects now: 5918.
Memory consumption went from 108.8 MB to 107.3 MB.
Total: 8.828100 ms (FindLiveObjects: 0.905500 ms CreateObjectMapping: 0.715000 ms MarkObjects: 5.534700 ms  DeleteObjects: 1.671300 ms)

Prepare: number of updated asset objects reloaded= 0
========================================================================
Received Prepare
Begin MonoManager ReloadAssembly
[Licensing::Client] Successfully resolved entitlement details
- Loaded All Assemblies, in  0.643 seconds
Refreshing native plugins compatible for Editor in 0.95 ms, found 4 plugins.
Native extension for WindowsStandalone target not found
[Package Manager] Failed to launch server process. Reason: Unity was launched with the -noUpm command-line argument
[Package Manager] Unable to send message (not connected to server process).
[Package Manager] Cannot connect to Unity Package Manager local server
ScheduleIndexationOnStartup MainProcess:False IndexOnStartup:True
Mono: successfully reloaded assembly
- Finished resetting the current domain, in  0.647 seconds
Domain Reload Profiling: 1289ms
	BeginReloadAssembly (191ms)
		ExecutionOrderSort (0ms)
		DisableScriptedObjects (11ms)
		BackupInstance (0ms)
		ReleaseScriptingObjects (0ms)
		CreateAndSetChildDomain (48ms)
	RebuildCommonClasses (33ms)
	RebuildNativeTypeToScriptingClass (15ms)
	initialDomainReloadingComplete (31ms)
	LoadAllAssembliesAndSetupDomain (372ms)
		LoadAssemblies (293ms)
		RebuildTransferFunctionScriptingTraits (0ms)
		AnalyzeDomain (164ms)
			TypeCache.Refresh (6ms)
				TypeCache.ScanAssembly (0ms)
			BuildScriptInfoCaches (147ms)
			ResolveRequiredComponents (6ms)
	FinalizeReload (647ms)
		ReleaseScriptCaches (0ms)
		RebuildScriptCaches (0ms)
		SetupLoadedEditorAssemblies (526ms)
			LogAssemblyErrors (0ms)
			InitializePlatformSupportModulesInManaged (1ms)
			SetLoadedEditorAssemblies (4ms)
			BeforeProcessingInitializeOnLoad (144ms)
			ProcessInitializeOnLoadAttributes (316ms)
			ProcessInitializeOnLoadMethodAttributes (55ms)
			AfterProcessingInitializeOnLoad (6ms)
			EditorAssembliesLoaded (0ms)
		ExecutionOrderSort2 (0ms)
		AwakeInstancesAfterBackupRestoration (9ms)
Refreshing native plugins compatible for Editor in 1.30 ms, found 4 plugins.
Preloading 0 native plugins for Editor in 0.00 ms.
Unloading 0 Unused Serialized files (Serialized files now loaded: 0)
Unloading 5071 unused Assets / (1.3 MB). Loaded Objects now: 5921.
Memory consumption went from 108.8 MB to 107.5 MB.
Total: 7.686300 ms (FindLiveObjects: 0.828600 ms CreateObjectMapping: 0.244800 ms MarkObjects: 5.218300 ms  DeleteObjects: 1.393200 ms)

Prepare: number of updated asset objects reloaded= 0
========================================================================
Received Prepare
Begin MonoManager ReloadAssembly
- Loaded All Assemblies, in  0.594 seconds
Refreshing native plugins compatible for Editor in 1.49 ms, found 4 plugins.
Native extension for WindowsStandalone target not found
[Package Manager] Failed to launch server process. Reason: Unity was launched with the -noUpm command-line argument
[Package Manager] Unable to send message (not connected to server process).
[Package Manager] Cannot connect to Unity Package Manager local server
ScheduleIndexationOnStartup MainProcess:False IndexOnStartup:True
Mono: successfully reloaded assembly
- Finished resetting the current domain, in  0.617 seconds
Domain Reload Profiling: 1211ms
	BeginReloadAssembly (178ms)
		ExecutionOrderSort (0ms)
		DisableScriptedObjects (12ms)
		BackupInstance (0ms)
		ReleaseScriptingObjects (0ms)
		CreateAndSetChildDomain (48ms)
	RebuildCommonClasses (39ms)
	RebuildNativeTypeToScriptingClass (12ms)
	initialDomainReloadingComplete (23ms)
	LoadAllAssembliesAndSetupDomain (342ms)
		LoadAssemblies (271ms)
		RebuildTransferFunctionScriptingTraits (0ms)
		AnalyzeDomain (144ms)
			TypeCache.Refresh (6ms)
				TypeCache.ScanAssembly (0ms)
			BuildScriptInfoCaches (130ms)
			ResolveRequiredComponents (4ms)
	FinalizeReload (617ms)
		ReleaseScriptCaches (0ms)
		RebuildScriptCaches (0ms)
		SetupLoadedEditorAssemblies (501ms)
			LogAssemblyErrors (0ms)
			InitializePlatformSupportModulesInManaged (2ms)
			SetLoadedEditorAssemblies (4ms)
			BeforeProcessingInitializeOnLoad (136ms)
			ProcessInitializeOnLoadAttributes (307ms)
			ProcessInitializeOnLoadMethodAttributes (46ms)
			AfterProcessingInitializeOnLoad (6ms)
			EditorAssembliesLoaded (0ms)
		ExecutionOrderSort2 (0ms)
		AwakeInstancesAfterBackupRestoration (9ms)
Refreshing native plugins compatible for Editor in 1.20 ms, found 4 plugins.
Preloading 0 native plugins for Editor in 0.00 ms.
Unloading 0 Unused Serialized files (Serialized files now loaded: 0)
Unloading 5071 unused Assets / (1.5 MB). Loaded Objects now: 5924.
Memory consumption went from 108.7 MB to 107.3 MB.
Total: 9.373700 ms (FindLiveObjects: 0.636900 ms CreateObjectMapping: 0.493300 ms MarkObjects: 6.527900 ms  DeleteObjects: 1.714100 ms)

Prepare: number of updated asset objects reloaded= 0
========================================================================
Received Prepare
Refreshing native plugins compatible for Editor in 1.47 ms, found 4 plugins.
Preloading 0 native plugins for Editor in 0.00 ms.
Unloading 0 Unused Serialized files (Serialized files now loaded: 0)
Unloading 5061 unused Assets / (1.1 MB). Loaded Objects now: 5924.
Memory consumption went from 108.9 MB to 107.8 MB.
Total: 10.454700 ms (FindLiveObjects: 0.842200 ms CreateObjectMapping: 0.578900 ms MarkObjects: 7.454200 ms  DeleteObjects: 1.577400 ms)

Prepare: number of updated asset objects reloaded= 0
========================================================================
Received Prepare
Begin MonoManager ReloadAssembly
[Licensing::Client] Successfully resolved entitlement details
- Loaded All Assemblies, in  0.603 seconds
Refreshing native plugins compatible for Editor in 1.17 ms, found 4 plugins.
Native extension for WindowsStandalone target not found
[Package Manager] Failed to launch server process. Reason: Unity was launched with the -noUpm command-line argument
[Package Manager] Unable to send message (not connected to server process).
[Package Manager] Cannot connect to Unity Package Manager local server
ScheduleIndexationOnStartup MainProcess:False IndexOnStartup:True
Mono: successfully reloaded assembly
- Finished resetting the current domain, in  0.550 seconds
Domain Reload Profiling: 1154ms
	BeginReloadAssembly (185ms)
		ExecutionOrderSort (0ms)
		DisableScriptedObjects (13ms)
		BackupInstance (0ms)
		ReleaseScriptingObjects (0ms)
		CreateAndSetChildDomain (49ms)
	RebuildCommonClasses (37ms)
	RebuildNativeTypeToScriptingClass (12ms)
	initialDomainReloadingComplete (23ms)
	LoadAllAssembliesAndSetupDomain (347ms)
		LoadAssemblies (281ms)
		RebuildTransferFunctionScriptingTraits (0ms)
		AnalyzeDomain (142ms)
			TypeCache.Refresh (9ms)
				TypeCache.ScanAssembly (1ms)
			BuildScriptInfoCaches (126ms)
			ResolveRequiredComponents (4ms)
	FinalizeReload (550ms)
		ReleaseScriptCaches (0ms)
		RebuildScriptCaches (0ms)
		SetupLoadedEditorAssemblies (437ms)
			LogAssemblyErrors (0ms)
			InitializePlatformSupportModulesInManaged (1ms)
			SetLoadedEditorAssemblies (4ms)
			BeforeProcessingInitializeOnLoad (128ms)
			ProcessInitializeOnLoadAttributes (257ms)
			ProcessInitializeOnLoadMethodAttributes (43ms)
			AfterProcessingInitializeOnLoad (4ms)
			EditorAssembliesLoaded (0ms)
		ExecutionOrderSort2 (0ms)
		AwakeInstancesAfterBackupRestoration (5ms)
Refreshing native plugins compatible for Editor in 1.06 ms, found 4 plugins.
Preloading 0 native plugins for Editor in 0.00 ms.
Unloading 0 Unused Serialized files (Serialized files now loaded: 0)
Unloading 5071 unused Assets / (1.3 MB). Loaded Objects now: 5927.
Memory consumption went from 108.8 MB to 107.5 MB.
Total: 7.490900 ms (FindLiveObjects: 0.627900 ms CreateObjectMapping: 0.307000 ms MarkObjects: 5.345200 ms  DeleteObjects: 1.209400 ms)

Prepare: number of updated asset objects reloaded= 0
========================================================================
Received Prepare
Begin MonoManager ReloadAssembly
- Loaded All Assemblies, in  0.619 seconds
Refreshing native plugins compatible for Editor in 1.08 ms, found 4 plugins.
Native extension for WindowsStandalone target not found
[Package Manager] Failed to launch server process. Reason: Unity was launched with the -noUpm command-line argument
[Package Manager] Unable to send message (not connected to server process).
[Package Manager] Cannot connect to Unity Package Manager local server
ScheduleIndexationOnStartup MainProcess:False IndexOnStartup:True
Mono: successfully reloaded assembly
- Finished resetting the current domain, in  0.661 seconds
Domain Reload Profiling: 1281ms
	BeginReloadAssembly (179ms)
		ExecutionOrderSort (0ms)
		DisableScriptedObjects (12ms)
		BackupInstance (0ms)
		ReleaseScriptingObjects (0ms)
		CreateAndSetChildDomain (47ms)
	RebuildCommonClasses (36ms)
	RebuildNativeTypeToScriptingClass (16ms)
	initialDomainReloadingComplete (29ms)
	LoadAllAssembliesAndSetupDomain (360ms)
		LoadAssemblies (283ms)
		RebuildTransferFunctionScriptingTraits (0ms)
		AnalyzeDomain (151ms)
			TypeCache.Refresh (6ms)
				TypeCache.ScanAssembly (0ms)
			BuildScriptInfoCaches (138ms)
			ResolveRequiredComponents (4ms)
	FinalizeReload (662ms)
		ReleaseScriptCaches (0ms)
		RebuildScriptCaches (0ms)
		SetupLoadedEditorAssemblies (539ms)
			LogAssemblyErrors (0ms)
			InitializePlatformSupportModulesInManaged (1ms)
			SetLoadedEditorAssemblies (4ms)
			BeforeProcessingInitializeOnLoad (149ms)
			ProcessInitializeOnLoadAttributes (322ms)
			ProcessInitializeOnLoadMethodAttributes (55ms)
			AfterProcessingInitializeOnLoad (7ms)
			EditorAssembliesLoaded (0ms)
		ExecutionOrderSort2 (0ms)
		AwakeInstancesAfterBackupRestoration (8ms)
Refreshing native plugins compatible for Editor in 2.02 ms, found 4 plugins.
Preloading 0 native plugins for Editor in 0.00 ms.
Unloading 0 Unused Serialized files (Serialized files now loaded: 0)
Unloading 5071 unused Assets / (1.2 MB). Loaded Objects now: 5930.
Memory consumption went from 108.8 MB to 107.6 MB.
Total: 8.807900 ms (FindLiveObjects: 0.614700 ms CreateObjectMapping: 0.415300 ms MarkObjects: 6.258900 ms  DeleteObjects: 1.517300 ms)

Prepare: number of updated asset objects reloaded= 0
========================================================================
Received Import Request.
  Time since last request: 330.810848 seconds.
  path: Assets/Juego/Prefap/Attacks/GenericFalling.prefab
  artifactKey: Guid(b987211bf2cbf8c4297dcc6aabf16ed3) Importer(815301076,1909f56bfc062723c751e8b465ee728b)
Start importing Assets/Juego/Prefap/Attacks/GenericFalling.prefab using Guid(b987211bf2cbf8c4297dcc6aabf16ed3) Importer(815301076,1909f56bfc062723c751e8b465ee728b) (PreviewImporter) -> (artifact id: 'd49af1db8b4dc74565cff4a3268f1483') in 0.0692894 seconds
Number of updated asset objects reloaded before import = 0Number of asset objects unloaded after import = 10

========================================================================
Received Prepare
Begin MonoManager ReloadAssembly
- Loaded All Assemblies, in  0.624 seconds
Refreshing native plugins compatible for Editor in 1.31 ms, found 4 plugins.
Native extension for WindowsStandalone target not found
[Package Manager] Failed to launch server process. Reason: Unity was launched with the -noUpm command-line argument
[Package Manager] Unable to send message (not connected to server process).
[Package Manager] Cannot connect to Unity Package Manager local server
ScheduleIndexationOnStartup MainProcess:False IndexOnStartup:True
Mono: successfully reloaded assembly
- Finished resetting the current domain, in  0.651 seconds
Domain Reload Profiling: 1275ms
	BeginReloadAssembly (184ms)
		ExecutionOrderSort (0ms)
		DisableScriptedObjects (14ms)
		BackupInstance (0ms)
		ReleaseScriptingObjects (0ms)
		CreateAndSetChildDomain (50ms)
	RebuildCommonClasses (34ms)
	RebuildNativeTypeToScriptingClass (15ms)
	initialDomainReloadingComplete (24ms)
	LoadAllAssembliesAndSetupDomain (365ms)
		LoadAssemblies (275ms)
		RebuildTransferFunctionScriptingTraits (0ms)
		AnalyzeDomain (167ms)
			TypeCache.Refresh (6ms)
				TypeCache.ScanAssembly (0ms)
			BuildScriptInfoCaches (153ms)
			ResolveRequiredComponents (4ms)
	FinalizeReload (652ms)
		ReleaseScriptCaches (0ms)
		RebuildScriptCaches (0ms)
		SetupLoadedEditorAssemblies (525ms)
			LogAssemblyErrors (0ms)
			InitializePlatformSupportModulesInManaged (1ms)
			SetLoadedEditorAssemblies (4ms)
			BeforeProcessingInitializeOnLoad (144ms)
			ProcessInitializeOnLoadAttributes (316ms)
			ProcessInitializeOnLoadMethodAttributes (54ms)
			AfterProcessingInitializeOnLoad (6ms)
			EditorAssembliesLoaded (0ms)
		ExecutionOrderSort2 (0ms)
		AwakeInstancesAfterBackupRestoration (8ms)
Refreshing native plugins compatible for Editor in 1.18 ms, found 4 plugins.
Preloading 0 native plugins for Editor in 0.00 ms.
Unloading 0 Unused Serialized files (Serialized files now loaded: 0)
Unloading 5071 unused Assets / (1.1 MB). Loaded Objects now: 5933.
Memory consumption went from 108.8 MB to 107.7 MB.
Total: 6.804000 ms (FindLiveObjects: 0.541300 ms CreateObjectMapping: 0.205900 ms MarkObjects: 4.828300 ms  DeleteObjects: 1.227500 ms)

Prepare: number of updated asset objects reloaded= 0
========================================================================
Received Prepare
Refreshing native plugins compatible for Editor in 1.36 ms, found 4 plugins.
Preloading 0 native plugins for Editor in 0.00 ms.
Unloading 0 Unused Serialized files (Serialized files now loaded: 0)
Unloading 5061 unused Assets / (1.1 MB). Loaded Objects now: 5933.
Memory consumption went from 109.0 MB to 107.9 MB.
Total: 9.557300 ms (FindLiveObjects: 0.956900 ms CreateObjectMapping: 0.557700 ms MarkObjects: 6.609500 ms  DeleteObjects: 1.432100 ms)

Prepare: number of updated asset objects reloaded= 0
========================================================================
Received Prepare
Begin MonoManager ReloadAssembly
[Licensing::Client] Successfully resolved entitlement details
- Loaded All Assemblies, in  0.717 seconds
Refreshing native plugins compatible for Editor in 1.68 ms, found 4 plugins.
Native extension for WindowsStandalone target not found
[Package Manager] Failed to launch server process. Reason: Unity was launched with the -noUpm command-line argument
[Package Manager] Unable to send message (not connected to server process).
[Package Manager] Cannot connect to Unity Package Manager local server
ScheduleIndexationOnStartup MainProcess:False IndexOnStartup:True
Mono: successfully reloaded assembly
- Finished resetting the current domain, in  0.748 seconds
Domain Reload Profiling: 1466ms
	BeginReloadAssembly (224ms)
		ExecutionOrderSort (0ms)
		DisableScriptedObjects (16ms)
		BackupInstance (0ms)
		ReleaseScriptingObjects (0ms)
		CreateAndSetChildDomain (62ms)
	RebuildCommonClasses (35ms)
	RebuildNativeTypeToScriptingClass (16ms)
	initialDomainReloadingComplete (30ms)
	LoadAllAssembliesAndSetupDomain (412ms)
		LoadAssemblies (331ms)
		RebuildTransferFunctionScriptingTraits (0ms)
		AnalyzeDomain (175ms)
			TypeCache.Refresh (9ms)
				TypeCache.ScanAssembly (1ms)
			BuildScriptInfoCaches (154ms)
			ResolveRequiredComponents (7ms)
	FinalizeReload (749ms)
		ReleaseScriptCaches (0ms)
		RebuildScriptCaches (0ms)
		SetupLoadedEditorAssemblies (599ms)
			LogAssemblyErrors (0ms)
			InitializePlatformSupportModulesInManaged (2ms)
			SetLoadedEditorAssemblies (5ms)
			BeforeProcessingInitializeOnLoad (179ms)
			ProcessInitializeOnLoadAttributes (353ms)
			ProcessInitializeOnLoadMethodAttributes (52ms)
			AfterProcessingInitializeOnLoad (7ms)
			EditorAssembliesLoaded (0ms)
		ExecutionOrderSort2 (0ms)
		AwakeInstancesAfterBackupRestoration (9ms)
Refreshing native plugins compatible for Editor in 1.75 ms, found 4 plugins.
Preloading 0 native plugins for Editor in 0.00 ms.
Unloading 0 Unused Serialized files (Serialized files now loaded: 0)
Unloading 5071 unused Assets / (1.2 MB). Loaded Objects now: 5936.
Memory consumption went from 108.8 MB to 107.7 MB.
Total: 8.476900 ms (FindLiveObjects: 0.615300 ms CreateObjectMapping: 0.311100 ms MarkObjects: 6.314800 ms  DeleteObjects: 1.234400 ms)

Prepare: number of updated asset objects reloaded= 0
========================================================================
Received Prepare
Begin MonoManager ReloadAssembly
- Loaded All Assemblies, in  0.596 seconds
Refreshing native plugins compatible for Editor in 1.21 ms, found 4 plugins.
Native extension for WindowsStandalone target not found
[Package Manager] Failed to launch server process. Reason: Unity was launched with the -noUpm command-line argument
[Package Manager] Unable to send message (not connected to server process).
[Package Manager] Cannot connect to Unity Package Manager local server
ScheduleIndexationOnStartup MainProcess:False IndexOnStartup:True
Mono: successfully reloaded assembly
- Finished resetting the current domain, in  0.630 seconds
Domain Reload Profiling: 1226ms
	BeginReloadAssembly (178ms)
		ExecutionOrderSort (0ms)
		DisableScriptedObjects (10ms)
		BackupInstance (0ms)
		ReleaseScriptingObjects (0ms)
		CreateAndSetChildDomain (44ms)
	RebuildCommonClasses (36ms)
	RebuildNativeTypeToScriptingClass (15ms)
	initialDomainReloadingComplete (24ms)
	LoadAllAssembliesAndSetupDomain (342ms)
		LoadAssemblies (280ms)
		RebuildTransferFunctionScriptingTraits (0ms)
		AnalyzeDomain (145ms)
			TypeCache.Refresh (4ms)
				TypeCache.ScanAssembly (0ms)
			BuildScriptInfoCaches (134ms)
			ResolveRequiredComponents (4ms)
	FinalizeReload (631ms)
		ReleaseScriptCaches (0ms)
		RebuildScriptCaches (0ms)
		SetupLoadedEditorAssemblies (507ms)
			LogAssemblyErrors (0ms)
			InitializePlatformSupportModulesInManaged (1ms)
			SetLoadedEditorAssemblies (4ms)
			BeforeProcessingInitializeOnLoad (132ms)
			ProcessInitializeOnLoadAttributes (311ms)
			ProcessInitializeOnLoadMethodAttributes (53ms)
			AfterProcessingInitializeOnLoad (5ms)
			EditorAssembliesLoaded (0ms)
		ExecutionOrderSort2 (0ms)
		AwakeInstancesAfterBackupRestoration (7ms)
Refreshing native plugins compatible for Editor in 1.38 ms, found 4 plugins.
Preloading 0 native plugins for Editor in 0.00 ms.
Unloading 0 Unused Serialized files (Serialized files now loaded: 0)
Unloading 5071 unused Assets / (1.2 MB). Loaded Objects now: 5939.
Memory consumption went from 108.8 MB to 107.5 MB.
Total: 7.312600 ms (FindLiveObjects: 0.582500 ms CreateObjectMapping: 0.403800 ms MarkObjects: 5.048900 ms  DeleteObjects: 1.276200 ms)

Prepare: number of updated asset objects reloaded= 0
========================================================================
Received Prepare
Refreshing native plugins compatible for Editor in 2.11 ms, found 4 plugins.
Preloading 0 native plugins for Editor in 0.00 ms.
Unloading 0 Unused Serialized files (Serialized files now loaded: 0)
Unloading 5061 unused Assets / (1.3 MB). Loaded Objects now: 5939.
Memory consumption went from 108.9 MB to 107.7 MB.
Total: 11.591400 ms (FindLiveObjects: 0.976800 ms CreateObjectMapping: 0.646000 ms MarkObjects: 8.568600 ms  DeleteObjects: 1.398100 ms)

Prepare: number of updated asset objects reloaded= 0
========================================================================
Received Prepare
Begin MonoManager ReloadAssembly
- Loaded All Assemblies, in  0.591 seconds
Refreshing native plugins compatible for Editor in 1.06 ms, found 4 plugins.
Native extension for WindowsStandalone target not found
[Package Manager] Failed to launch server process. Reason: Unity was launched with the -noUpm command-line argument
[Package Manager] Unable to send message (not connected to server process).
[Package Manager] Cannot connect to Unity Package Manager local server
ScheduleIndexationOnStartup MainProcess:False IndexOnStartup:True
Mono: successfully reloaded assembly
- Finished resetting the current domain, in  0.652 seconds
Domain Reload Profiling: 1244ms
	BeginReloadAssembly (179ms)
		ExecutionOrderSort (0ms)
		DisableScriptedObjects (12ms)
		BackupInstance (0ms)
		ReleaseScriptingObjects (0ms)
		CreateAndSetChildDomain (47ms)
	RebuildCommonClasses (36ms)
	RebuildNativeTypeToScriptingClass (12ms)
	initialDomainReloadingComplete (29ms)
	LoadAllAssembliesAndSetupDomain (335ms)
		LoadAssemblies (266ms)
		RebuildTransferFunctionScriptingTraits (0ms)
		AnalyzeDomain (150ms)
			TypeCache.Refresh (8ms)
				TypeCache.ScanAssembly (1ms)
			BuildScriptInfoCaches (134ms)
			ResolveRequiredComponents (4ms)
	FinalizeReload (653ms)
		ReleaseScriptCaches (0ms)
		RebuildScriptCaches (0ms)
		SetupLoadedEditorAssemblies (539ms)
			LogAssemblyErrors (0ms)
			InitializePlatformSupportModulesInManaged (1ms)
			SetLoadedEditorAssemblies (4ms)
			BeforeProcessingInitializeOnLoad (148ms)
			ProcessInitializeOnLoadAttributes (323ms)
			ProcessInitializeOnLoadMethodAttributes (55ms)
			AfterProcessingInitializeOnLoad (7ms)
			EditorAssembliesLoaded (0ms)
		ExecutionOrderSort2 (0ms)
		AwakeInstancesAfterBackupRestoration (7ms)
Refreshing native plugins compatible for Editor in 1.14 ms, found 4 plugins.
Preloading 0 native plugins for Editor in 0.00 ms.
Unloading 0 Unused Serialized files (Serialized files now loaded: 0)
Unloading 5071 unused Assets / (1.3 MB). Loaded Objects now: 5942.
Memory consumption went from 108.8 MB to 107.5 MB.
Total: 9.961700 ms (FindLiveObjects: 0.606400 ms CreateObjectMapping: 0.372000 ms MarkObjects: 7.514600 ms  DeleteObjects: 1.467100 ms)

Prepare: number of updated asset objects reloaded= 0
========================================================================
Received Prepare
Begin MonoManager ReloadAssembly
- Loaded All Assemblies, in  0.620 seconds
Refreshing native plugins compatible for Editor in 1.09 ms, found 4 plugins.
Native extension for WindowsStandalone target not found
[Package Manager] Failed to launch server process. Reason: Unity was launched with the -noUpm command-line argument
[Package Manager] Unable to send message (not connected to server process).
[Package Manager] Cannot connect to Unity Package Manager local server
ScheduleIndexationOnStartup MainProcess:False IndexOnStartup:True
Mono: successfully reloaded assembly
- Finished resetting the current domain, in  0.612 seconds
Domain Reload Profiling: 1232ms
	BeginReloadAssembly (192ms)
		ExecutionOrderSort (0ms)
		DisableScriptedObjects (10ms)
		BackupInstance (0ms)
		ReleaseScriptingObjects (0ms)
		CreateAndSetChildDomain (51ms)
	RebuildCommonClasses (30ms)
	RebuildNativeTypeToScriptingClass (13ms)
	initialDomainReloadingComplete (30ms)
	LoadAllAssembliesAndSetupDomain (355ms)
		LoadAssemblies (275ms)
		RebuildTransferFunctionScriptingTraits (0ms)
		AnalyzeDomain (164ms)
			TypeCache.Refresh (4ms)
				TypeCache.ScanAssembly (0ms)
			BuildScriptInfoCaches (152ms)
			ResolveRequiredComponents (4ms)
	FinalizeReload (613ms)
		ReleaseScriptCaches (0ms)
		RebuildScriptCaches (0ms)
		SetupLoadedEditorAssemblies (502ms)
			LogAssemblyErrors (0ms)
			InitializePlatformSupportModulesInManaged (1ms)
			SetLoadedEditorAssemblies (4ms)
			BeforeProcessingInitializeOnLoad (134ms)
			ProcessInitializeOnLoadAttributes (295ms)
			ProcessInitializeOnLoadMethodAttributes (60ms)
			AfterProcessingInitializeOnLoad (7ms)
			EditorAssembliesLoaded (0ms)
		ExecutionOrderSort2 (0ms)
		AwakeInstancesAfterBackupRestoration (7ms)
Refreshing native plugins compatible for Editor in 1.32 ms, found 4 plugins.
Preloading 0 native plugins for Editor in 0.00 ms.
Unloading 0 Unused Serialized files (Serialized files now loaded: 0)
Unloading 5071 unused Assets / (1.6 MB). Loaded Objects now: 5945.
Memory consumption went from 108.8 MB to 107.2 MB.
Total: 8.583400 ms (FindLiveObjects: 0.548800 ms CreateObjectMapping: 0.206700 ms MarkObjects: 6.219600 ms  DeleteObjects: 1.607100 ms)

Prepare: number of updated asset objects reloaded= 0
========================================================================
Received Import Request.
  Time since last request: 192.837701 seconds.
  path: Assets/Juego/Prefap/Attacks/GenericFalling.prefab
  artifactKey: Guid(b987211bf2cbf8c4297dcc6aabf16ed3) Importer(815301076,1909f56bfc062723c751e8b465ee728b)
Start importing Assets/Juego/Prefap/Attacks/GenericFalling.prefab using Guid(b987211bf2cbf8c4297dcc6aabf16ed3) Importer(815301076,1909f56bfc062723c751e8b465ee728b) (PreviewImporter) -> (artifact id: '7dedd6353501c2510e41512bc4c9376d') in 0.070584 seconds
Number of updated asset objects reloaded before import = 0Number of asset objects unloaded after import = 10

========================================================================
Received Prepare
Refreshing native plugins compatible for Editor in 1.18 ms, found 4 plugins.
Preloading 0 native plugins for Editor in 0.00 ms.
Unloading 0 Unused Serialized files (Serialized files now loaded: 0)
Unloading 5061 unused Assets / (1.2 MB). Loaded Objects now: 5946.
Memory consumption went from 109.1 MB to 107.9 MB.
Total: 12.430200 ms (FindLiveObjects: 0.743100 ms CreateObjectMapping: 0.411300 ms MarkObjects: 9.704300 ms  DeleteObjects: 1.570100 ms)

Prepare: number of updated asset objects reloaded= 0
========================================================================
Received Prepare
Begin MonoManager ReloadAssembly
[Licensing::Client] Successfully resolved entitlement details
- Loaded All Assemblies, in  0.618 seconds
Refreshing native plugins compatible for Editor in 1.04 ms, found 4 plugins.
Native extension for WindowsStandalone target not found
[Package Manager] Failed to launch server process. Reason: Unity was launched with the -noUpm command-line argument
[Package Manager] Unable to send message (not connected to server process).
[Package Manager] Cannot connect to Unity Package Manager local server
ScheduleIndexationOnStartup MainProcess:False IndexOnStartup:True
Mono: successfully reloaded assembly
- Finished resetting the current domain, in  0.584 seconds
Domain Reload Profiling: 1202ms
	BeginReloadAssembly (192ms)
		ExecutionOrderSort (0ms)
		DisableScriptedObjects (12ms)
		BackupInstance (0ms)
		ReleaseScriptingObjects (0ms)
		CreateAndSetChildDomain (56ms)
	RebuildCommonClasses (32ms)
	RebuildNativeTypeToScriptingClass (13ms)
	initialDomainReloadingComplete (30ms)
	LoadAllAssembliesAndSetupDomain (351ms)
		LoadAssemblies (274ms)
		RebuildTransferFunctionScriptingTraits (0ms)
		AnalyzeDomain (157ms)
			TypeCache.Refresh (9ms)
				TypeCache.ScanAssembly (1ms)
			BuildScriptInfoCaches (139ms)
			ResolveRequiredComponents (4ms)
	FinalizeReload (585ms)
		ReleaseScriptCaches (0ms)
		RebuildScriptCaches (0ms)
		SetupLoadedEditorAssemblies (469ms)
			LogAssemblyErrors (0ms)
			InitializePlatformSupportModulesInManaged (1ms)
			SetLoadedEditorAssemblies (4ms)
			BeforeProcessingInitializeOnLoad (139ms)
			ProcessInitializeOnLoadAttributes (270ms)
			ProcessInitializeOnLoadMethodAttributes (50ms)
			AfterProcessingInitializeOnLoad (5ms)
			EditorAssembliesLoaded (0ms)
		ExecutionOrderSort2 (0ms)
		AwakeInstancesAfterBackupRestoration (6ms)
Refreshing native plugins compatible for Editor in 1.39 ms, found 4 plugins.
Preloading 0 native plugins for Editor in 0.00 ms.
Unloading 0 Unused Serialized files (Serialized files now loaded: 0)
Unloading 5071 unused Assets / (1.0 MB). Loaded Objects now: 5948.
Memory consumption went from 108.9 MB to 107.8 MB.
Total: 7.203000 ms (FindLiveObjects: 0.565700 ms CreateObjectMapping: 0.247900 ms MarkObjects: 5.390900 ms  DeleteObjects: 0.997300 ms)

Prepare: number of updated asset objects reloaded= 0
========================================================================
Received Prepare
Begin MonoManager ReloadAssembly
- Loaded All Assemblies, in  0.614 seconds
Refreshing native plugins compatible for Editor in 1.07 ms, found 4 plugins.
Native extension for WindowsStandalone target not found
[Package Manager] Failed to launch server process. Reason: Unity was launched with the -noUpm command-line argument
[Package Manager] Unable to send message (not connected to server process).
[Package Manager] Cannot connect to Unity Package Manager local server
ScheduleIndexationOnStartup MainProcess:False IndexOnStartup:True
Mono: successfully reloaded assembly
- Finished resetting the current domain, in  0.649 seconds
Domain Reload Profiling: 1263ms
	BeginReloadAssembly (185ms)
		ExecutionOrderSort (0ms)
		DisableScriptedObjects (15ms)
		BackupInstance (0ms)
		ReleaseScriptingObjects (0ms)
		CreateAndSetChildDomain (45ms)
	RebuildCommonClasses (40ms)
	RebuildNativeTypeToScriptingClass (12ms)
	initialDomainReloadingComplete (22ms)
	LoadAllAssembliesAndSetupDomain (354ms)
		LoadAssemblies (272ms)
		RebuildTransferFunctionScriptingTraits (0ms)
		AnalyzeDomain (161ms)
			TypeCache.Refresh (6ms)
				TypeCache.ScanAssembly (0ms)
			BuildScriptInfoCaches (145ms)
			ResolveRequiredComponents (6ms)
	FinalizeReload (650ms)
		ReleaseScriptCaches (0ms)
		RebuildScriptCaches (0ms)
		SetupLoadedEditorAssemblies (533ms)
			LogAssemblyErrors (0ms)
			InitializePlatformSupportModulesInManaged (1ms)
			SetLoadedEditorAssemblies (4ms)
			BeforeProcessingInitializeOnLoad (135ms)
			ProcessInitializeOnLoadAttributes (328ms)
			ProcessInitializeOnLoadMethodAttributes (58ms)
			AfterProcessingInitializeOnLoad (7ms)
			EditorAssembliesLoaded (0ms)
		ExecutionOrderSort2 (0ms)
		AwakeInstancesAfterBackupRestoration (8ms)
Refreshing native plugins compatible for Editor in 1.78 ms, found 4 plugins.
Preloading 0 native plugins for Editor in 0.00 ms.
Unloading 0 Unused Serialized files (Serialized files now loaded: 0)
Unloading 5071 unused Assets / (1.3 MB). Loaded Objects now: 5951.
Memory consumption went from 108.9 MB to 107.6 MB.
Total: 8.629500 ms (FindLiveObjects: 0.660800 ms CreateObjectMapping: 0.365300 ms MarkObjects: 6.182900 ms  DeleteObjects: 1.419100 ms)

Prepare: number of updated asset objects reloaded= 0
========================================================================
Received Prepare
Refreshing native plugins compatible for Editor in 1.74 ms, found 4 plugins.
Preloading 0 native plugins for Editor in 0.00 ms.
Unloading 0 Unused Serialized files (Serialized files now loaded: 0)
Unloading 5061 unused Assets / (1.1 MB). Loaded Objects now: 5951.
Memory consumption went from 109.0 MB to 107.9 MB.
Total: 9.524200 ms (FindLiveObjects: 0.720300 ms CreateObjectMapping: 0.415300 ms MarkObjects: 6.987200 ms  DeleteObjects: 1.399900 ms)

Prepare: number of updated asset objects reloaded= 0
========================================================================
Received Prepare
Begin MonoManager ReloadAssembly
- Loaded All Assemblies, in  0.774 seconds
Refreshing native plugins compatible for Editor in 1.11 ms, found 4 plugins.
Native extension for WindowsStandalone target not found
[Package Manager] Failed to launch server process. Reason: Unity was launched with the -noUpm command-line argument
[Package Manager] Unable to send message (not connected to server process).
[Package Manager] Cannot connect to Unity Package Manager local server
ScheduleIndexationOnStartup MainProcess:False IndexOnStartup:True
Mono: successfully reloaded assembly
- Finished resetting the current domain, in  0.683 seconds
Domain Reload Profiling: 1456ms
	BeginReloadAssembly (224ms)
		ExecutionOrderSort (0ms)
		DisableScriptedObjects (14ms)
		BackupInstance (0ms)
		ReleaseScriptingObjects (0ms)
		CreateAndSetChildDomain (56ms)
	RebuildCommonClasses (47ms)
	RebuildNativeTypeToScriptingClass (24ms)
	initialDomainReloadingComplete (44ms)
	LoadAllAssembliesAndSetupDomain (433ms)
		LoadAssemblies (352ms)
		RebuildTransferFunctionScriptingTraits (0ms)
		AnalyzeDomain (187ms)
			TypeCache.Refresh (10ms)
				TypeCache.ScanAssembly (1ms)
			BuildScriptInfoCaches (167ms)
			ResolveRequiredComponents (6ms)
	FinalizeReload (684ms)
		ReleaseScriptCaches (0ms)
		RebuildScriptCaches (0ms)
		SetupLoadedEditorAssemblies (532ms)
			LogAssemblyErrors (0ms)
			InitializePlatformSupportModulesInManaged (2ms)
			SetLoadedEditorAssemblies (6ms)
			BeforeProcessingInitializeOnLoad (177ms)
			ProcessInitializeOnLoadAttributes (296ms)
			ProcessInitializeOnLoadMethodAttributes (46ms)
			AfterProcessingInitializeOnLoad (4ms)
			EditorAssembliesLoaded (0ms)
		ExecutionOrderSort2 (0ms)
		AwakeInstancesAfterBackupRestoration (8ms)
Refreshing native plugins compatible for Editor in 1.14 ms, found 4 plugins.
Preloading 0 native plugins for Editor in 0.00 ms.
Unloading 0 Unused Serialized files (Serialized files now loaded: 0)
Unloading 5071 unused Assets / (1.0 MB). Loaded Objects now: 5954.
Memory consumption went from 108.9 MB to 107.9 MB.
Total: 6.587100 ms (FindLiveObjects: 0.590200 ms CreateObjectMapping: 0.219900 ms MarkObjects: 4.768200 ms  DeleteObjects: 1.007700 ms)

Prepare: number of updated asset objects reloaded= 0
========================================================================
Received Prepare
Begin MonoManager ReloadAssembly
- Loaded All Assemblies, in  0.587 seconds
Refreshing native plugins compatible for Editor in 1.02 ms, found 4 plugins.
Native extension for WindowsStandalone target not found
[Package Manager] Failed to launch server process. Reason: Unity was launched with the -noUpm command-line argument
[Package Manager] Unable to send message (not connected to server process).
[Package Manager] Cannot connect to Unity Package Manager local server
ScheduleIndexationOnStartup MainProcess:False IndexOnStartup:True
Mono: successfully reloaded assembly
- Finished resetting the current domain, in  0.674 seconds
Domain Reload Profiling: 1262ms
	BeginReloadAssembly (174ms)
		ExecutionOrderSort (0ms)
		DisableScriptedObjects (9ms)
		BackupInstance (0ms)
		ReleaseScriptingObjects (0ms)
		CreateAndSetChildDomain (47ms)
	RebuildCommonClasses (35ms)
	RebuildNativeTypeToScriptingClass (14ms)
	initialDomainReloadingComplete (28ms)
	LoadAllAssembliesAndSetupDomain (337ms)
		LoadAssemblies (276ms)
		RebuildTransferFunctionScriptingTraits (0ms)
		AnalyzeDomain (138ms)
			TypeCache.Refresh (4ms)
				TypeCache.ScanAssembly (0ms)
			BuildScriptInfoCaches (126ms)
			ResolveRequiredComponents (4ms)
	FinalizeReload (674ms)
		ReleaseScriptCaches (0ms)
		RebuildScriptCaches (0ms)
		SetupLoadedEditorAssemblies (556ms)
			LogAssemblyErrors (0ms)
			InitializePlatformSupportModulesInManaged (1ms)
			SetLoadedEditorAssemblies (5ms)
			BeforeProcessingInitializeOnLoad (137ms)
			ProcessInitializeOnLoadAttributes (348ms)
			ProcessInitializeOnLoadMethodAttributes (60ms)
			AfterProcessingInitializeOnLoad (5ms)
			EditorAssembliesLoaded (0ms)
		ExecutionOrderSort2 (0ms)
		AwakeInstancesAfterBackupRestoration (9ms)
Refreshing native plugins compatible for Editor in 1.42 ms, found 4 plugins.
Preloading 0 native plugins for Editor in 0.00 ms.
Unloading 0 Unused Serialized files (Serialized files now loaded: 0)
Unloading 5071 unused Assets / (1.4 MB). Loaded Objects now: 5957.
Memory consumption went from 109.0 MB to 107.6 MB.
Total: 10.434400 ms (FindLiveObjects: 0.771000 ms CreateObjectMapping: 0.528400 ms MarkObjects: 7.472700 ms  DeleteObjects: 1.660700 ms)

Prepare: number of updated asset objects reloaded= 0
========================================================================
Received Prepare
Refreshing native plugins compatible for Editor in 1.56 ms, found 4 plugins.
Preloading 0 native plugins for Editor in 0.00 ms.
Unloading 0 Unused Serialized files (Serialized files now loaded: 0)
Unloading 5061 unused Assets / (1.6 MB). Loaded Objects now: 5957.
Memory consumption went from 109.1 MB to 107.6 MB.
Total: 9.914100 ms (FindLiveObjects: 0.676600 ms CreateObjectMapping: 0.746800 ms MarkObjects: 6.671700 ms  DeleteObjects: 1.817500 ms)

Prepare: number of updated asset objects reloaded= 0
========================================================================
Received Import Request.
  Time since last request: 85.255621 seconds.
  path: Assets/Juego/Prefap/Attacks/GenericFalling.prefab
  artifactKey: Guid(b987211bf2cbf8c4297dcc6aabf16ed3) Importer(815301076,1909f56bfc062723c751e8b465ee728b)
Start importing Assets/Juego/Prefap/Attacks/GenericFalling.prefab using Guid(b987211bf2cbf8c4297dcc6aabf16ed3) Importer(815301076,1909f56bfc062723c751e8b465ee728b) (PreviewImporter) -> (artifact id: '16376eaea563903dfa9587e94d2b7733') in 0.0576337 seconds
Number of updated asset objects reloaded before import = 0Number of asset objects unloaded after import = 10

========================================================================
Received Prepare
Begin MonoManager ReloadAssembly
[Licensing::Client] Successfully resolved entitlement details
- Loaded All Assemblies, in  0.777 seconds
Refreshing native plugins compatible for Editor in 2.06 ms, found 4 plugins.
Native extension for WindowsStandalone target not found
[Package Manager] Failed to launch server process. Reason: Unity was launched with the -noUpm command-line argument
[Package Manager] Unable to send message (not connected to server process).
[Package Manager] Cannot connect to Unity Package Manager local server
ScheduleIndexationOnStartup MainProcess:False IndexOnStartup:True
Mono: successfully reloaded assembly
- Finished resetting the current domain, in  0.639 seconds
Domain Reload Profiling: 1416ms
	BeginReloadAssembly (226ms)
		ExecutionOrderSort (0ms)
		DisableScriptedObjects (16ms)
		BackupInstance (0ms)
		ReleaseScriptingObjects (0ms)
		CreateAndSetChildDomain (61ms)
	RebuildCommonClasses (47ms)
	RebuildNativeTypeToScriptingClass (24ms)
	initialDomainReloadingComplete (43ms)
	LoadAllAssembliesAndSetupDomain (436ms)
		LoadAssemblies (326ms)
		RebuildTransferFunctionScriptingTraits (0ms)
		AnalyzeDomain (204ms)
			TypeCache.Refresh (10ms)
				TypeCache.ScanAssembly (1ms)
			BuildScriptInfoCaches (184ms)
			ResolveRequiredComponents (7ms)
	FinalizeReload (639ms)
		ReleaseScriptCaches (0ms)
		RebuildScriptCaches (0ms)
		SetupLoadedEditorAssemblies (512ms)
			LogAssemblyErrors (0ms)
			InitializePlatformSupportModulesInManaged (1ms)
			SetLoadedEditorAssemblies (4ms)
			BeforeProcessingInitializeOnLoad (139ms)
			ProcessInitializeOnLoadAttributes (304ms)
			ProcessInitializeOnLoadMethodAttributes (57ms)
			AfterProcessingInitializeOnLoad (6ms)
			EditorAssembliesLoaded (0ms)
		ExecutionOrderSort2 (0ms)
		AwakeInstancesAfterBackupRestoration (7ms)
Refreshing native plugins compatible for Editor in 1.12 ms, found 4 plugins.
Preloading 0 native plugins for Editor in 0.00 ms.
Unloading 0 Unused Serialized files (Serialized files now loaded: 0)
Unloading 5071 unused Assets / (1.1 MB). Loaded Objects now: 5960.
Memory consumption went from 109.0 MB to 107.9 MB.
Total: 6.574100 ms (FindLiveObjects: 0.593400 ms CreateObjectMapping: 0.225100 ms MarkObjects: 4.578800 ms  DeleteObjects: 1.175400 ms)

Prepare: number of updated asset objects reloaded= 0
========================================================================
Received Prepare
Begin MonoManager ReloadAssembly
- Loaded All Assemblies, in  0.609 seconds
Refreshing native plugins compatible for Editor in 1.43 ms, found 4 plugins.
Native extension for WindowsStandalone target not found
[Package Manager] Failed to launch server process. Reason: Unity was launched with the -noUpm command-line argument
[Package Manager] Unable to send message (not connected to server process).
[Package Manager] Cannot connect to Unity Package Manager local server
ScheduleIndexationOnStartup MainProcess:False IndexOnStartup:True
Mono: successfully reloaded assembly
- Finished resetting the current domain, in  0.675 seconds
Domain Reload Profiling: 1286ms
	BeginReloadAssembly (204ms)
		ExecutionOrderSort (0ms)
		DisableScriptedObjects (16ms)
		BackupInstance (0ms)
		ReleaseScriptingObjects (0ms)
		CreateAndSetChildDomain (61ms)
	RebuildCommonClasses (32ms)
	RebuildNativeTypeToScriptingClass (11ms)
	initialDomainReloadingComplete (25ms)
	LoadAllAssembliesAndSetupDomain (337ms)
		LoadAssemblies (278ms)
		RebuildTransferFunctionScriptingTraits (0ms)
		AnalyzeDomain (138ms)
			TypeCache.Refresh (4ms)
				TypeCache.ScanAssembly (0ms)
			BuildScriptInfoCaches (125ms)
			ResolveRequiredComponents (5ms)
	FinalizeReload (676ms)
		ReleaseScriptCaches (0ms)
		RebuildScriptCaches (0ms)
		SetupLoadedEditorAssemblies (549ms)
			LogAssemblyErrors (0ms)
			InitializePlatformSupportModulesInManaged (2ms)
			SetLoadedEditorAssemblies (4ms)
			BeforeProcessingInitializeOnLoad (139ms)
			ProcessInitializeOnLoadAttributes (346ms)
			ProcessInitializeOnLoadMethodAttributes (51ms)
			AfterProcessingInitializeOnLoad (7ms)
			EditorAssembliesLoaded (0ms)
		ExecutionOrderSort2 (0ms)
		AwakeInstancesAfterBackupRestoration (6ms)
Refreshing native plugins compatible for Editor in 1.95 ms, found 4 plugins.
Preloading 0 native plugins for Editor in 0.00 ms.
Unloading 0 Unused Serialized files (Serialized files now loaded: 0)
Unloading 5071 unused Assets / (1.3 MB). Loaded Objects now: 5963.
Memory consumption went from 109.0 MB to 107.7 MB.
Total: 8.347400 ms (FindLiveObjects: 0.699600 ms CreateObjectMapping: 0.540400 ms MarkObjects: 5.649400 ms  DeleteObjects: 1.456700 ms)

Prepare: number of updated asset objects reloaded= 0
========================================================================
Received Import Request.
  Time since last request: 30.965018 seconds.
  path: Assets/Juego/Prefap/Attacks/GenericFalling.prefab
  artifactKey: Guid(b987211bf2cbf8c4297dcc6aabf16ed3) Importer(815301076,1909f56bfc062723c751e8b465ee728b)
Start importing Assets/Juego/Prefap/Attacks/GenericFalling.prefab using Guid(b987211bf2cbf8c4297dcc6aabf16ed3) Importer(815301076,1909f56bfc062723c751e8b465ee728b) (PreviewImporter) -> (artifact id: '4a3f71c5115faacdc135ad2b04b56946') in 0.0552382 seconds
Number of updated asset objects reloaded before import = 0Number of asset objects unloaded after import = 10

========================================================================
Received Prepare
Begin MonoManager ReloadAssembly
- Loaded All Assemblies, in  0.610 seconds
Refreshing native plugins compatible for Editor in 1.70 ms, found 4 plugins.
Native extension for WindowsStandalone target not found
[Package Manager] Failed to launch server process. Reason: Unity was launched with the -noUpm command-line argument
[Package Manager] Unable to send message (not connected to server process).
[Package Manager] Cannot connect to Unity Package Manager local server
ScheduleIndexationOnStartup MainProcess:False IndexOnStartup:True
Mono: successfully reloaded assembly
- Finished resetting the current domain, in  0.623 seconds
Domain Reload Profiling: 1234ms
	BeginReloadAssembly (187ms)
		ExecutionOrderSort (0ms)
		DisableScriptedObjects (12ms)
		BackupInstance (0ms)
		ReleaseScriptingObjects (0ms)
		CreateAndSetChildDomain (48ms)
	RebuildCommonClasses (40ms)
	RebuildNativeTypeToScriptingClass (12ms)
	initialDomainReloadingComplete (31ms)
	LoadAllAssembliesAndSetupDomain (340ms)
		LoadAssemblies (285ms)
		RebuildTransferFunctionScriptingTraits (0ms)
		AnalyzeDomain (142ms)
			TypeCache.Refresh (5ms)
				TypeCache.ScanAssembly (0ms)
			BuildScriptInfoCaches (128ms)
			ResolveRequiredComponents (6ms)
	FinalizeReload (624ms)
		ReleaseScriptCaches (0ms)
		RebuildScriptCaches (0ms)
		SetupLoadedEditorAssemblies (508ms)
			LogAssemblyErrors (0ms)
			InitializePlatformSupportModulesInManaged (1ms)
			SetLoadedEditorAssemblies (4ms)
			BeforeProcessingInitializeOnLoad (137ms)
			ProcessInitializeOnLoadAttributes (304ms)
			ProcessInitializeOnLoadMethodAttributes (56ms)
			AfterProcessingInitializeOnLoad (5ms)
			EditorAssembliesLoaded (0ms)
		ExecutionOrderSort2 (0ms)
		AwakeInstancesAfterBackupRestoration (8ms)
Refreshing native plugins compatible for Editor in 1.12 ms, found 4 plugins.
Preloading 0 native plugins for Editor in 0.00 ms.
Unloading 0 Unused Serialized files (Serialized files now loaded: 0)
Unloading 5071 unused Assets / (1.2 MB). Loaded Objects now: 5966.
Memory consumption went from 108.9 MB to 107.7 MB.
Total: 8.426400 ms (FindLiveObjects: 0.599200 ms CreateObjectMapping: 0.367600 ms MarkObjects: 6.239900 ms  DeleteObjects: 1.218400 ms)

Prepare: number of updated asset objects reloaded= 0
========================================================================
Received Prepare
Begin MonoManager ReloadAssembly
- Loaded All Assemblies, in  0.616 seconds
Refreshing native plugins compatible for Editor in 1.39 ms, found 4 plugins.
Native extension for WindowsStandalone target not found
[Package Manager] Failed to launch server process. Reason: Unity was launched with the -noUpm command-line argument
[Package Manager] Unable to send message (not connected to server process).
[Package Manager] Cannot connect to Unity Package Manager local server
ScheduleIndexationOnStartup MainProcess:False IndexOnStartup:True
Mono: successfully reloaded assembly
- Finished resetting the current domain, in  0.628 seconds
Domain Reload Profiling: 1243ms
	BeginReloadAssembly (188ms)
		ExecutionOrderSort (0ms)
		DisableScriptedObjects (13ms)
		BackupInstance (0ms)
		ReleaseScriptingObjects (0ms)
		CreateAndSetChildDomain (46ms)
	RebuildCommonClasses (36ms)
	RebuildNativeTypeToScriptingClass (11ms)
	initialDomainReloadingComplete (25ms)
	LoadAllAssembliesAndSetupDomain (356ms)
		LoadAssemblies (288ms)
		RebuildTransferFunctionScriptingTraits (0ms)
		AnalyzeDomain (153ms)
			TypeCache.Refresh (6ms)
				TypeCache.ScanAssembly (0ms)
			BuildScriptInfoCaches (137ms)
			ResolveRequiredComponents (6ms)
	FinalizeReload (628ms)
		ReleaseScriptCaches (0ms)
		RebuildScriptCaches (0ms)
		SetupLoadedEditorAssemblies (509ms)
			LogAssemblyErrors (0ms)
			InitializePlatformSupportModulesInManaged (2ms)
			SetLoadedEditorAssemblies (4ms)
			BeforeProcessingInitializeOnLoad (145ms)
			ProcessInitializeOnLoadAttributes (301ms)
			ProcessInitializeOnLoadMethodAttributes (53ms)
			AfterProcessingInitializeOnLoad (4ms)
			EditorAssembliesLoaded (0ms)
		ExecutionOrderSort2 (0ms)
		AwakeInstancesAfterBackupRestoration (6ms)
Refreshing native plugins compatible for Editor in 1.33 ms, found 4 plugins.
Preloading 0 native plugins for Editor in 0.00 ms.
Unloading 0 Unused Serialized files (Serialized files now loaded: 0)
Unloading 5071 unused Assets / (1.1 MB). Loaded Objects now: 5969.
Memory consumption went from 109.0 MB to 107.9 MB.
Total: 6.813300 ms (FindLiveObjects: 0.604000 ms CreateObjectMapping: 0.276400 ms MarkObjects: 4.901100 ms  DeleteObjects: 1.030800 ms)

Prepare: number of updated asset objects reloaded= 0
========================================================================
Received Import Request.
  Time since last request: 95.355165 seconds.
  path: Assets/Juego/Prefap/Attacks/GenericZone.prefab
  artifactKey: Guid(a562ecdb71ee6bb40a78062c7e04bf97) Importer(815301076,1909f56bfc062723c751e8b465ee728b)
Start importing Assets/Juego/Prefap/Attacks/GenericZone.prefab using Guid(a562ecdb71ee6bb40a78062c7e04bf97) Importer(815301076,1909f56bfc062723c751e8b465ee728b) (PreviewImporter) -> (artifact id: '29790a04abba298cdde0873c1d5c4823') in 0.055242 seconds
Number of updated asset objects reloaded before import = 0Number of asset objects unloaded after import = 10

========================================================================
Received Prepare
Begin MonoManager ReloadAssembly
[Licensing::Client] Successfully resolved entitlement details
- Loaded All Assemblies, in  0.626 seconds
Refreshing native plugins compatible for Editor in 1.61 ms, found 4 plugins.
Native extension for WindowsStandalone target not found
[Package Manager] Failed to launch server process. Reason: Unity was launched with the -noUpm command-line argument
[Package Manager] Unable to send message (not connected to server process).
[Package Manager] Cannot connect to Unity Package Manager local server
ScheduleIndexationOnStartup MainProcess:False IndexOnStartup:True
Mono: successfully reloaded assembly
- Finished resetting the current domain, in  0.692 seconds
Domain Reload Profiling: 1318ms
	BeginReloadAssembly (183ms)
		ExecutionOrderSort (0ms)
		DisableScriptedObjects (10ms)
		BackupInstance (0ms)
		ReleaseScriptingObjects (0ms)
		CreateAndSetChildDomain (49ms)
	RebuildCommonClasses (40ms)
	RebuildNativeTypeToScriptingClass (12ms)
	initialDomainReloadingComplete (28ms)
	LoadAllAssembliesAndSetupDomain (364ms)
		LoadAssemblies (287ms)
		RebuildTransferFunctionScriptingTraits (0ms)
		AnalyzeDomain (156ms)
			TypeCache.Refresh (4ms)
				TypeCache.ScanAssembly (0ms)
			BuildScriptInfoCaches (144ms)
			ResolveRequiredComponents (4ms)
	FinalizeReload (692ms)
		ReleaseScriptCaches (0ms)
		RebuildScriptCaches (0ms)
		SetupLoadedEditorAssemblies (568ms)
			LogAssemblyErrors (0ms)
			InitializePlatformSupportModulesInManaged (1ms)
			SetLoadedEditorAssemblies (4ms)
			BeforeProcessingInitializeOnLoad (147ms)
			ProcessInitializeOnLoadAttributes (344ms)
			ProcessInitializeOnLoadMethodAttributes (66ms)
			AfterProcessingInitializeOnLoad (5ms)
			EditorAssembliesLoaded (0ms)
		ExecutionOrderSort2 (0ms)
		AwakeInstancesAfterBackupRestoration (8ms)
Refreshing native plugins compatible for Editor in 1.25 ms, found 4 plugins.
Preloading 0 native plugins for Editor in 0.00 ms.
Unloading 0 Unused Serialized files (Serialized files now loaded: 0)
Unloading 5071 unused Assets / (1.2 MB). Loaded Objects now: 5972.
Memory consumption went from 109.0 MB to 107.8 MB.
Total: 7.615400 ms (FindLiveObjects: 0.770800 ms CreateObjectMapping: 0.294400 ms MarkObjects: 5.285900 ms  DeleteObjects: 1.262900 ms)

Prepare: number of updated asset objects reloaded= 0
